,indicativo,fecha,tmed,dir,velmedia,presMax,presMin
751,9898,2013-07-07,27.4,8.0,2.8,958.3,955.2
754,9898,2013-07-08,26.2,9.0,2.8,958.1,954.7
756,9898,2013-07-09,26.3,99.0,4.4,957.0,952.2
763,9898,2013-07-10,26.3,6.0,2.2,953.8,948.4
773,9898,2013-07-13,25.5,3.0,4.7,955.8,951.9
779,9898,2013-07-14,24.4,19.0,4.4,957.0,953.8
783,9898,2013-07-15,25.0,2.0,2.5,957.4,954.8
784,9898,2013-07-16,26.4,26.0,3.1,957.8,953.5
790,9898,2013-07-17,24.6,29.0,3.6,958.3,954.8
794,9898,2013-07-18,25.2,6.0,3.1,956.5,953.7
797,9898,2013-07-19,24.8,9.0,3.6,954.9,951.5
803,9898,2013-07-20,24.8,12.0,1.7,954.6,950.9
804,9898,2013-07-21,26.2,20.0,3.3,956.3,951.8
810,9898,2013-07-22,25.8,18.0,2.8,955.0,951.9
814,9898,2013-07-23,26.9,14.0,2.5,953.3,950.2
817,9898,2013-07-24,26.0,13.0,3.1,954.2,952.2
823,9898,2013-07-25,28.6,12.0,4.7,953.5,950.3
825,9898,2013-07-26,27.6,13.0,5.0,950.9,947.5
830,9898,2013-07-27,27.6,10.0,2.8,948.1,945.0
833,9898,2013-07-28,23.7,99.0,4.2,953.5,947.9
851,9898,2013-08-01,28.4,12.0,5.8,953.7,950.7
853,9898,2013-08-02,27.7,9.0,6.1,953.3,951.1
857,9898,2013-08-03,25.9,14.0,3.6,955.4,953.0
860,9898,2013-08-04,25.8,10.0,2.8,957.1,954.4
867,9898,2013-08-05,27.4,10.0,3.9,954.4,951.0
870,9898,2013-08-06,25.9,10.0,3.1,953.0,947.5
872,9898,2013-08-07,22.6,26.0,4.7,951.6,947.1
876,9898,2013-08-08,19.0,30.0,8.3,958.0,951.5
881,9898,2013-08-09,21.2,24.0,4.7,959.5,955.9
886,9898,2013-08-10,22.8,24.0,4.2,957.5,955.1
889,9898,2013-08-11,26.2,11.0,2.2,956.5,952.8
895,9898,2013-08-12,27.0,36.0,3.6,954.7,951.4
897,9898,2013-08-13,25.4,23.0,2.8,955.1,953.6
901,9898,2013-08-14,23.8,23.0,4.4,955.6,953.1
904,9898,2013-08-15,25.4,6.0,3.3,955.8,953.1
909,9898,2013-08-16,24.9,20.0,4.2,957.7,952.3
914,9898,2013-08-17,22.5,30.0,2.2,956.1,953.3
917,9898,2013-08-18,25.1,8.0,2.2,955.5,953.1
922,9898,2013-08-19,24.0,30.0,4.7,955.8,953.8
927,9898,2013-08-20,21.8,26.0,3.1,959.3,955.5
931,9898,2013-08-21,25.0,6.0,2.8,956.8,953.3
935,9898,2013-08-22,25.3,11.0,3.6,954.2,950.7
938,9898,2013-08-23,23.8,12.0,2.5,953.3,951.4
940,9898,2013-08-24,22.6,29.0,6.7,952.7,951.1
945,9898,2013-08-25,20.6,30.0,5.0,952.4,947.1
948,9898,2013-08-26,21.1,21.0,4.4,950.4,947.5
952,9898,2013-08-27,21.6,24.0,3.6,952.7,949.8
956,9898,2013-08-28,19.0,18.0,3.3,954.6,950.8
963,9898,2013-08-29,21.5,99.0,1.4,956.5,954.4
967,9898,2013-08-30,21.9,22.0,5.0,957.0,954.3
971,9898,2013-08-31,20.5,23.0,3.3,958.7,955.9
975,9898,2013-09-01,22.1,24.0,4.2,959.1,956.7
976,9898,2013-09-02,21.3,23.0,2.5,959.5,957.5
982,9898,2013-09-03,24.0,16.0,2.5,960.7,957.5
985,9898,2013-09-04,23.0,14.0,4.2,958.7,954.9
988,9898,2013-09-05,22.6,12.0,3.1,955.5,949.8
994,9898,2013-09-06,21.9,32.0,3.3,951.5,948.7
999,9898,2013-09-07,17.8,24.0,3.6,953.9,950.5
1000,9898,2013-09-08,19.2,25.0,3.1,959.1,953.9
1004,9898,2013-09-09,17.4,24.0,3.6,960.3,957.0
1011,9898,2013-09-10,20.0,28.0,6.7,957.5,953.5
1012,9898,2013-09-11,17.5,28.0,4.7,956.9,953.8
1017,9898,2013-09-12,16.7,24.0,2.5,957.5,955.7
1020,9898,2013-09-13,19.3,22.0,3.3,959.9,957.0
1026,9898,2013-09-14,21.4,20.0,1.9,958.0,951.9
1028,9898,2013-09-15,18.5,29.0,7.5,952.7,950.7
1033,9898,2013-09-16,19.0,30.0,6.1,952.1,948.2
1038,9898,2013-09-17,18.8,29.0,10.6,951.6,948.7
1049,9898,2013-09-20,20.0,24.0,3.3,956.3,952.6
1054,9898,2013-09-21,21.8,20.0,2.2,959.4,956.3
1056,9898,2013-09-22,23.0,9.0,2.8,960.6,957.8
1063,9898,2013-09-23,21.6,12.0,2.8,958.2,954.1
1065,9898,2013-09-24,22.0,16.0,3.1,954.3,951.4
1070,9898,2013-09-25,23.3,6.0,3.1,952.0,949.7
1073,9898,2013-09-26,24.0,9.0,3.9,952.7,950.0
1076,9898,2013-09-27,24.4,7.0,3.3,951.4,947.0
1080,9898,2013-09-28,20.3,23.0,3.6,948.5,942.9
1085,9898,2013-09-29,19.4,27.0,1.7,945.4,943.1
1090,9898,2013-09-30,21.2,31.0,4.4,946.1,944.1
1093,9898,2013-10-01,23.6,99.0,3.6,947.9,945.8
1098,9898,2013-10-02,23.8,9.0,2.2,949.5,947.5
1103,9898,2013-10-03,21.4,10.0,5.3,953.5,945.9
1105,9898,2013-10-04,17.2,30.0,3.9,955.0,951.7
1109,9898,2013-10-05,18.0,28.0,3.9,958.3,955.0
1114,9898,2013-10-06,17.8,26.0,3.9,959.3,956.1
1117,9898,2013-10-07,16.4,25.0,2.5,958.3,956.6
1123,9898,2013-10-08,16.6,29.0,3.1,959.0,957.6
1126,9898,2013-10-09,15.9,25.0,2.8,958.3,954.7
1128,9898,2013-10-10,15.2,30.0,8.6,954.7,948.9
1133,9898,2013-10-11,12.1,32.0,3.3,951.5,948.5
1138,9898,2013-10-12,11.2,30.0,2.2,954.7,951.5
1142,9898,2013-10-13,15.2,9.0,2.2,956.2,954.6
1147,9898,2013-10-14,17.3,1.0,1.4,956.6,955.0
1149,9898,2013-10-15,17.9,30.0,4.4,955.1,953.4
1152,9898,2013-10-16,20.1,30.0,6.9,955.7,953.9
1156,9898,2013-10-17,18.7,5.0,2.5,956.5,953.2
1163,9898,2013-10-18,21.1,9.0,3.9,953.2,950.2
1173,9898,2013-10-21,19.0,12.0,3.1,955.1,950.8
1178,9898,2013-10-22,18.2,9.0,3.3,950.9,946.7
1183,9898,2013-10-23,18.2,29.0,2.2,953.5,947.5
1187,9898,2013-10-24,15.6,8.0,4.7,953.7,950.2
1188,9898,2013-10-25,20.0,10.0,5.6,953.5,948.9
1192,9898,2013-10-26,20.6,8.0,2.5,957.1,953.5
1197,9898,2013-10-27,18.5,29.0,2.8,959.4,956.9
1202,9898,2013-10-28,19.2,33.0,2.5,956.9,950.9
1205,9898,2013-10-29,12.6,29.0,6.7,955.5,952.2
1208,9898,2013-10-30,12.2,22.0,3.3,956.8,954.9
1212,9898,2013-10-31,10.6,99.0,2.2,959.3,956.8
1216,9898,2013-11-01,13.0,16.0,1.7,959.2,954.8
1222,9898,2013-11-02,17.5,27.0,2.5,954.8,951.9
1224,9898,2013-11-03,15.2,30.0,5.6,954.3,952.0
1228,9898,2013-11-04,10.8,31.0,6.7,952.0,942.9
1234,9898,2013-11-05,15.4,29.0,13.9,952.2,944.3
1237,9898,2013-11-06,18.8,29.0,6.9,955.1,952.2
1240,9898,2013-11-07,16.2,24.0,1.9,955.3,953.1
1247,9898,2013-11-08,14.0,28.0,4.7,954.3,951.9
1249,9898,2013-11-09,11.0,30.0,6.9,956.9,954.0
1252,9898,2013-11-10,12.6,30.0,11.4,957.1,955.8
1258,9898,2013-11-11,15.5,30.0,11.1,956.3,954.7
1269,9898,2013-11-14,12.0,31.0,9.7,959.3,955.6
1273,9898,2013-11-15,7.8,32.0,6.1,955.6,952.2
1276,9898,2013-11-16,4.2,31.0,3.3,954.3,951.4
1280,9898,2013-11-17,8.4,13.0,2.8,951.5,945.6
1286,9898,2013-11-18,8.5,30.0,3.1,945.7,937.7
1291,9898,2013-11-19,9.6,33.0,9.2,948.6,937.4
1295,9898,2013-11-20,5.0,32.0,9.4,949.9,947.9
1296,9898,2013-11-21,5.1,29.0,8.9,947.9,938.7
1302,9898,2013-11-22,4.8,30.0,10.0,944.1,937.3
1307,9898,2013-11-23,6.2,3.0,7.5,945.4,943.3
1310,9898,2013-11-24,8.4,30.0,4.2,952.0,945.4
1312,9898,2013-11-25,8.1,30.0,4.2,956.7,952.0
1316,9898,2013-11-26,5.2,27.0,1.9,958.7,956.3
1321,9898,2013-11-27,3.2,10.0,2.8,962.9,956.4
1325,9898,2013-11-28,4.2,29.0,3.1,964.5,961.1
1328,9898,2013-11-29,2.2,10.0,2.8,962.3,958.4
1335,9898,2013-11-30,6.6,33.0,8.3,958.4,947.9
1338,9898,2013-12-01,4.9,28.0,4.2,954.6,948.7
1343,9898,2013-12-02,2.1,9.0,3.1,960.3,953.9
1347,9898,2013-12-03,7.7,8.0,1.9,962.6,960.2
1351,9898,2013-12-04,8.8,24.0,1.7,963.5,961.8
1353,9898,2013-12-05,6.8,24.0,3.3,963.0,960.2
1357,9898,2013-12-06,4.6,24.0,2.5,962.6,959.1
1362,9898,2013-12-07,5.4,7.0,1.7,960.5,958.1
1367,9898,2013-12-08,5.0,8.0,1.7,962.3,960.3
1370,9898,2013-12-09,6.5,6.0,1.4,966.1,962.3
1373,9898,2013-12-10,0.4,99.0,1.7,969.8,964.9
1377,9898,2013-12-11,5.8,10.0,3.3,968.1,965.3
1380,9898,2013-12-12,3.8,5.0,1.4,968.2,963.1
1387,9898,2013-12-13,1.2,15.0,1.7,963.1,958.9
1389,9898,2013-12-14,2.2,9.0,2.2,968.2,963.0
1394,9898,2013-12-15,2.8,11.0,1.4,968.6,967.1
1396,9898,2013-12-16,5.8,10.0,4.4,967.7,964.6
1400,9898,2013-12-17,9.0,10.0,2.8,965.8,961.4
1407,9898,2013-12-18,9.2,12.0,1.7,961.4,956.6
1411,9898,2013-12-19,6.5,30.0,1.9,956.6,946.9
1413,9898,2013-12-20,7.4,29.0,5.3,965.2,947.8
1416,9898,2013-12-21,4.8,10.0,2.2,967.0,965.2
1420,9898,2013-12-22,7.0,22.0,2.5,966.2,963.0
1424,9898,2013-12-23,7.6,10.0,2.8,963.0,954.9
1430,9898,2013-12-24,6.2,8.0,5.0,954.9,937.8
1433,9898,2013-12-25,5.5,30.0,2.8,937.8,930.7
1436,9898,2013-12-26,5.4,28.0,11.7,948.6,935.3
1440,9898,2013-12-27,9.2,24.0,3.3,948.7,945.5
1445,9898,2013-12-28,7.1,28.0,6.4,954.6,943.4
1450,9898,2013-12-29,5.0,31.0,8.1,962.6,954.6
1452,9898,2013-12-30,4.2,99.0,1.9,962.6,951.5
1459,9898,2013-12-31,5.4,8.0,2.2,958.1,953.0
1460,9898,2014-01-01,7.2,11.0,2.5,953.9,948.9
1466,9898,2014-01-02,9.6,7.0,2.8,949.8,947.8
1471,9898,2014-01-03,12.2,28.0,3.1,953.0,949.8
1473,9898,2014-01-04,7.4,26.0,6.4,952.4,940.1
1479,9898,2014-01-05,4.8,30.0,5.6,954.3,947.4
1480,9898,2014-01-06,9.2,28.0,1.9,954.7,953.0
1485,9898,2014-01-07,10.9,32.0,2.8,957.3,954.2
1491,9898,2014-01-08,12.0,14.0,3.9,958.5,956.7
1494,9898,2014-01-09,10.0,8.0,1.1,957.5,954.4
1497,9898,2014-01-10,7.2,8.0,1.7,954.6,952.4
1501,9898,2014-01-11,7.9,12.0,1.4,957.0,952.6
1504,9898,2014-01-12,7.0,2.0,1.4,960.5,956.3
1509,9898,2014-01-13,6.4,28.0,3.3,957.4,949.8
1514,9898,2014-01-14,6.0,30.0,5.8,949.8,946.2
1516,9898,2014-01-15,5.9,30.0,2.5,951.0,947.5
1546,9898,2014-01-22,8.0,30.0,3.6,951.0,945.2
1550,9898,2014-01-23,8.0,28.0,8.9,960.3,951.0
1552,9898,2014-01-24,9.9,30.0,15.6,957.8,948.9
1557,9898,2014-01-25,13.0,30.0,14.2,957.9,949.9
1563,9898,2014-01-26,11.6,30.0,7.8,957.9,947.6
1564,9898,2014-01-27,6.4,29.0,10.6,947.6,942.9
1568,9898,2014-01-28,4.8,29.0,3.1,943.0,933.6
1574,9898,2014-01-29,4.6,30.0,3.9,936.5,932.6
1576,9898,2014-01-30,5.0,31.0,8.9,942.3,936.4
1581,9898,2014-01-31,7.0,30.0,4.7,947.0,942.3
1587,9898,2014-02-01,5.6,28.0,6.7,946.4,942.8
1589,9898,2014-02-02,5.0,28.0,8.1,952.6,946.4
1594,9898,2014-02-03,3.3,4.0,2.2,950.5,944.2
1598,9898,2014-02-04,5.2,6.0,3.3,949.9,942.3
1601,9898,2014-02-05,8.4,26.0,6.1,949.9,939.3
1612,9898,2014-02-08,6.6,29.0,4.2,950.0,940.6
1617,9898,2014-02-09,3.9,8.0,3.6,948.1,931.2
1623,9898,2014-02-10,5.4,30.0,10.8,948.4,929.0
1626,9898,2014-02-11,2.0,27.0,3.1,951.3,945.8
1631,9898,2014-02-12,5.4,30.0,2.2,953.6,947.7
1635,9898,2014-02-13,10.6,32.0,3.3,951.0,948.3
1637,9898,2014-02-14,12.7,12.0,3.6,950.3,944.4
1640,9898,2014-02-15,11.2,31.0,4.7,949.5,943.4
1647,9898,2014-02-16,8.2,28.0,2.8,951.3,949.5
1655,9898,2014-02-18,8.4,28.0,3.6,949.2,947.4
1657,9898,2014-02-19,9.9,28.0,5.3,954.4,948.5
1663,9898,2014-02-20,9.9,28.0,4.2,954.4,950.9
1670,9898,2014-02-22,7.4,28.0,5.6,957.5,954.4
1675,9898,2014-02-23,8.6,8.0,4.2,957.5,951.5
1678,9898,2014-02-24,9.7,10.0,3.9,952.7,950.8
1681,9898,2014-02-25,7.3,30.0,3.3,953.4,950.5
1684,9898,2014-02-26,5.4,30.0,7.5,960.3,952.4
1690,9898,2014-02-27,5.1,29.0,5.8,960.7,957.1
1699,9898,2014-03-01,5.4,30.0,5.0,947.7,936.3
1702,9898,2014-03-02,9.4,30.0,7.2,940.6,936.1
1707,9898,2014-03-03,7.3,30.0,12.5,939.7,937.0
1711,9898,2014-03-04,6.4,32.0,11.1,945.8,939.7
1715,9898,2014-03-05,11.8,28.0,10.0,954.7,944.5
1718,9898,2014-03-06,11.8,10.0,2.8,958.3,954.7
1720,9898,2014-03-07,11.6,8.0,2.2,959.9,957.7
1726,9898,2014-03-08,12.9,10.0,2.5,960.0,957.2
1730,9898,2014-03-09,12.9,9.0,3.1,962.3,959.7
1734,9898,2014-03-10,12.6,27.0,3.9,960.1,953.9
1737,9898,2014-03-11,12.6,6.0,3.1,958.8,953.9
1743,9898,2014-03-12,11.7,14.0,3.3,961.9,958.8
1752,9898,2014-03-15,13.8,25.0,4.7,961.4,958.3
1758,9898,2014-03-16,13.6,25.0,5.3,959.4,956.9
1792,9898,2014-03-25,6.8,30.0,12.2,950.9,943.6
1799,9898,2014-03-26,7.3,31.0,8.6,946.1,941.1
1800,9898,2014-03-27,7.8,30.0,4.7,946.6,944.4
1806,9898,2014-03-28,10.5,12.0,5.3,948.5,945.8
1811,9898,2014-03-29,11.7,11.0,6.9,948.2,943.8
1813,9898,2014-03-30,10.2,8.0,3.3,950.4,947.3
1819,9898,2014-03-31,13.4,6.0,2.8,951.3,949.1
1823,9898,2014-04-01,13.6,11.0,5.0,949.6,944.8
1826,9898,2014-04-02,13.5,17.0,5.3,945.7,935.9
1831,9898,2014-04-03,9.2,28.0,5.8,939.3,935.1
1834,9898,2014-04-04,13.2,29.0,10.0,949.9,939.3
1837,9898,2014-04-05,15.0,29.0,9.4,954.7,949.9
1841,9898,2014-04-06,17.0,7.0,1.9,955.7,954.5
1846,9898,2014-04-07,18.5,8.0,2.2,955.5,954.0
1849,9898,2014-04-08,16.2,27.0,5.0,957.6,955.2
1855,9898,2014-04-09,16.1,9.0,2.2,957.6,954.7
1858,9898,2014-04-10,18.6,24.0,3.9,955.4,952.3
1862,9898,2014-04-11,19.2,2.0,2.5,954.2,947.9
1864,9898,2014-04-12,16.5,20.0,2.5,955.7,951.8
1870,9898,2014-04-13,16.3,26.0,4.4,957.3,952.9
1872,9898,2014-04-14,17.4,13.0,2.2,955.4,951.9
1878,9898,2014-04-15,19.5,27.0,3.6,952.6,950.1
1883,9898,2014-04-16,19.8,99.0,3.3,954.6,951.9
1885,9898,2014-04-17,18.1,99.0,4.4,955.3,950.8
1888,9898,2014-04-18,18.1,26.0,5.3,951.7,944.5
1893,9898,2014-04-19,16.4,26.0,4.7,944.5,938.1
1899,9898,2014-04-20,12.7,10.0,3.6,940.8,937.9
1902,9898,2014-04-21,13.4,10.0,2.8,943.2,939.2
1907,9898,2014-04-22,14.2,30.0,4.7,953.2,943.2
1911,9898,2014-04-23,16.3,28.0,3.3,954.9,953.2
1914,9898,2014-04-24,14.0,29.0,4.2,954.9,948.4
1919,9898,2014-04-25,12.0,30.0,13.1,952.9,949.0
1920,9898,2014-04-26,13.5,32.0,4.7,952.8,948.3
1927,9898,2014-04-27,11.8,30.0,12.5,951.8,949.7
1931,9898,2014-04-28,13.4,26.0,10.6,951.6,950.3
1935,9898,2014-04-29,15.2,29.0,6.7,951.7,950.1
1938,9898,2014-04-30,15.8,29.0,10.0,951.3,948.5
1941,9898,2014-05-01,15.9,30.0,7.5,952.6,951.0
1945,9898,2014-05-02,13.0,30.0,12.2,953.1,949.9
1949,9898,2014-05-03,15.2,29.0,6.7,953.1,949.2
1952,9898,2014-05-04,14.0,25.0,3.3,951.8,949.3
1956,9898,2014-05-05,17.3,10.0,3.3,952.2,950.3
1960,9898,2014-05-06,17.8,99.0,3.3,953.4,951.7
1966,9898,2014-05-07,20.5,29.0,4.7,955.1,952.2
1968,9898,2014-05-08,19.2,9.0,2.8,956.3,953.9
2006,9898,2014-05-17,18.2,16.0,3.6,952.3,948.9
2009,9898,2014-05-18,17.3,18.0,2.8,951.5,945.3
2015,9898,2014-05-19,16.6,22.0,5.0,945.3,941.6
2019,9898,2014-05-20,16.9,24.0,5.8,946.4,943.2
2020,9898,2014-05-21,16.6,23.0,5.3,947.0,941.8
2026,9898,2014-05-22,14.6,99.0,4.2,949.8,946.7
2028,9898,2014-05-23,14.9,26.0,3.9,951.3,949.0
2033,9898,2014-05-24,13.2,14.0,4.4,953.3,951.1
2042,9898,2014-05-26,14.4,29.0,8.6,955.5,952.9
2047,9898,2014-05-27,14.4,22.0,3.1,955.7,951.4
2049,9898,2014-05-28,14.0,29.0,2.5,951.4,949.0
2053,9898,2014-05-29,14.6,29.0,4.2,953.1,951.2
2058,9898,2014-05-30,16.5,30.0,6.1,955.3,952.9
2063,9898,2014-05-31,16.0,36.0,2.8,955.9,954.3
2064,9898,2014-06-01,18.0,23.0,5.0,956.1,952.2
2070,9898,2014-06-02,17.0,26.0,4.4,955.0,952.9
2072,9898,2014-06-03,19.0,29.0,3.9,953.8,949.5
2078,9898,2014-06-04,19.5,29.0,6.9,952.1,948.1
2082,9898,2014-06-05,19.9,10.0,4.2,952.7,947.1
2085,9898,2014-06-06,22.3,12.0,5.0,951.1,948.5
2089,9898,2014-06-07,23.6,10.0,4.2,951.7,948.2
2092,9898,2014-06-08,25.0,10.0,3.9,953.7,950.3
2098,9898,2014-06-09,26.2,16.0,5.8,953.7,951.1
2100,9898,2014-06-10,25.4,12.0,3.3,956.0,952.7
2107,9898,2014-06-11,24.4,8.0,1.9,959.7,956.0
2111,9898,2014-06-12,26.8,2.0,3.9,959.7,957.5
2115,9898,2014-06-13,25.6,26.0,2.2,958.5,952.7
2117,9898,2014-06-14,23.2,31.0,6.1,953.5,948.1
2122,9898,2014-06-15,21.3,32.0,5.6,951.3,947.9
2127,9898,2014-06-16,20.8,21.0,2.8,952.1,950.7
2135,9898,2014-06-18,21.0,10.0,3.6,954.9,951.7
2138,9898,2014-06-19,22.0,8.0,2.8,957.1,952.5
2142,9898,2014-06-20,25.0,10.0,3.1,953.9,949.0
2146,9898,2014-06-21,25.6,14.0,4.2,952.3,949.6
2151,9898,2014-06-22,26.2,13.0,2.8,954.1,951.0
2153,9898,2014-06-23,25.0,33.0,3.3,954.5,951.6
2158,9898,2014-06-24,17.8,2.0,3.9,953.3,949.3
2162,9898,2014-06-25,20.3,11.0,3.1,950.1,947.6
2165,9898,2014-06-26,19.4,27.0,4.7,954.3,950.1
2170,9898,2014-06-27,20.4,10.0,4.4,955.0,951.7
2175,9898,2014-06-28,24.8,30.0,4.4,952.5,946.4
2178,9898,2014-06-29,18.2,30.0,9.2,956.1,949.2
2187,9898,2014-07-01,22.3,11.0,4.7,952.2,947.8
2192,9898,2014-07-03,19.9,10.0,3.1,956.6,951.6
2197,9898,2014-07-04,21.2,99.0,7.2,953.0,949.8
2202,9898,2014-07-05,24.6,9.0,3.3,953.3,949.1
2208,9898,2014-07-07,18.8,30.0,7.5,955.0,950.9
2212,9898,2014-07-08,19.2,99.0,8.9,955.0,953.4
2217,9898,2014-07-09,19.6,30.0,12.2,954.3,952.3
2225,9898,2014-07-11,20.6,28.0,5.8,954.1,950.3
2239,9898,2014-07-14,23.9,30.0,5.8,954.5,951.9
2243,9898,2014-07-15,25.2,3.0,3.6,955.7,954.4
2247,9898,2014-07-16,27.8,9.0,3.1,956.5,953.8
2253,9898,2014-07-18,27.4,11.0,6.7,953.6,948.1
2259,9898,2014-07-19,25.1,9.0,5.0,949.4,947.5
2263,9898,2014-07-20,21.4,30.0,10.3,954.8,949.1
2264,9898,2014-07-21,22.2,32.0,6.9,955.8,953.4
2269,9898,2014-07-22,22.3,25.0,4.2,954.4,950.7
2272,9898,2014-07-23,24.6,26.0,2.5,951.0,947.0
2281,9898,2014-07-25,25.6,11.0,2.5,950.9,948.4
2306,9898,2014-07-31,23.9,29.0,4.2,951.8,948.6
2309,9898,2014-08-01,23.7,2.0,4.2,948.7,943.7
2314,9898,2014-08-02,22.6,2.0,2.5,948.7,944.7
2318,9898,2014-08-03,23.1,3.0,2.2,951.9,948.5
2323,9898,2014-08-04,25.0,9.0,1.9,954.1,951.9
2327,9898,2014-08-05,25.2,28.0,4.2,955.8,953.5
2330,9898,2014-08-06,25.8,28.0,4.4,954.7,952.0
2335,9898,2014-08-07,25.8,9.0,2.5,953.5,950.7
2339,9898,2014-08-08,26.4,99.0,5.0,951.6,945.9
2340,9898,2014-08-09,25.0,12.0,4.7,950.4,948.3
2344,9898,2014-08-10,27.4,31.0,4.2,949.7,948.5
2351,9898,2014-08-11,26.0,26.0,3.6,953.5,949.7
2356,9898,2014-08-13,19.9,29.0,11.7,953.5,948.1
2361,9898,2014-08-14,19.2,99.0,4.4,955.3,953.3
2370,9898,2014-08-16,20.0,24.0,4.2,957.7,955.9
2373,9898,2014-08-17,20.6,8.0,2.5,957.3,951.9
2387,9898,2014-08-20,22.4,30.0,4.2,953.5,950.9
2390,9898,2014-08-21,19.5,10.0,3.3,953.5,951.3
2394,9898,2014-08-22,21.7,29.0,3.1,952.9,950.1
2398,9898,2014-08-23,19.2,24.0,4.7,955.7,952.9
2403,9898,2014-08-24,22.7,11.0,3.1,956.1,952.5
2405,9898,2014-08-25,25.8,7.0,2.5,953.7,950.1
2408,9898,2014-08-26,26.7,28.0,5.6,950.9,948.9
2413,9898,2014-08-27,26.6,24.0,5.0,952.9,950.8
2418,9898,2014-08-28,26.4,32.0,2.5,954.3,951.2
2423,9898,2014-08-29,24.7,22.0,3.3,955.1,952.8
2425,9898,2014-08-30,24.5,17.0,1.9,955.3,953.2
2430,9898,2014-08-31,25.1,99.0,3.9,954.6,952.3
2434,9898,2014-09-01,24.5,28.0,3.3,953.5,950.5
2438,9898,2014-09-02,26.1,28.0,3.3,951.4,946.2
2441,9898,2014-09-03,25.4,9.0,2.8,950.4,946.6
2444,9898,2014-09-04,25.1,13.0,2.2,951.6,948.9
2451,9898,2014-09-05,25.2,20.0,2.5,952.5,949.7
2455,9898,2014-09-06,26.2,8.0,1.9,951.0,947.9
2464,9898,2014-09-09,23.6,8.0,1.7,954.7,952.2
2470,9898,2014-09-10,24.6,6.0,1.9,952.2,948.4
2473,9898,2014-09-11,25.8,24.0,4.2,949.9,948.5
2477,9898,2014-09-12,24.2,29.0,4.7,952.4,949.9
2482,9898,2014-09-13,24.5,28.0,2.5,953.6,950.9
2486,9898,2014-09-14,23.9,11.0,2.8,952.0,948.1
2493,9898,2014-09-16,22.1,16.0,6.1,950.0,944.7
2497,9898,2014-09-17,22.0,6.0,3.3,946.8,944.3
2502,9898,2014-09-18,22.1,24.0,2.8,948.3,945.7
2507,9898,2014-09-19,22.0,17.0,3.3,951.9,947.9
2510,9898,2014-09-20,22.7,8.0,1.9,954.5,951.9
2513,9898,2014-09-21,23.7,3.0,2.5,955.3,953.5
2517,9898,2014-09-22,17.4,2.0,2.8,953.7,950.8
2529,9898,2014-09-25,16.7,23.0,2.8,957.3,953.7
2532,9898,2014-09-26,17.4,26.0,1.9,959.8,957.3
2539,9898,2014-09-27,18.4,10.0,2.8,960.1,958.0
2542,9898,2014-09-28,16.1,8.0,2.8,958.8,958.0
2545,9898,2014-09-29,19.7,20.0,1.9,959.4,957.9
2549,9898,2014-09-30,18.1,11.0,2.5,961.1,959.0
2552,9898,2014-10-01,19.8,22.0,2.8,961.7,959.5
2561,9898,2014-10-03,20.4,23.0,2.5,959.1,955.6
2565,9898,2014-10-04,20.5,29.0,3.3,955.7,952.1
2568,9898,2014-10-05,18.2,22.0,2.2,953.3,951.9
2573,9898,2014-10-06,19.6,9.0,2.2,951.9,947.9
2578,9898,2014-10-07,20.0,9.0,2.5,950.2,948.2
2583,9898,2014-10-08,20.6,8.0,3.9,950.6,947.5
2585,9898,2014-10-09,21.2,30.0,3.1,950.7,947.7
2591,9898,2014-10-10,16.9,26.0,3.3,950.7,948.5
2593,9898,2014-10-11,18.4,12.0,3.3,951.4,946.8
2596,9898,2014-10-12,17.7,10.0,3.3,946.8,944.4
2606,9898,2014-10-14,15.6,34.0,3.1,947.2,944.4
2613,9898,2014-10-16,20.8,24.0,3.1,951.8,950.1
2616,9898,2014-10-17,20.4,25.0,2.5,955.3,951.8
2623,9898,2014-10-18,21.6,4.0,3.3,957.8,954.9
2627,9898,2014-10-19,22.0,10.0,3.9,959.7,957.5
2631,9898,2014-10-20,23.1,11.0,1.9,959.4,956.6
2635,9898,2014-10-21,21.6,31.0,8.6,959.4,957.0
2640,9898,2014-10-23,17.4,99.0,5.0,959.1,953.7
2645,9898,2014-10-24,19.8,10.0,2.2,954.6,953.4
2651,9898,2014-10-25,22.4,30.0,3.1,956.8,954.3
2656,9898,2014-10-27,17.2,10.0,3.1,958.1,955.5
2666,9898,2014-10-29,15.0,6.0,1.4,956.1,953.2
2671,9898,2014-10-30,16.8,12.0,2.5,959.2,956.1
2678,9898,2014-11-01,16.2,11.0,2.5,959.4,958.3
2687,9898,2014-11-03,15.4,22.0,2.8,953.2,938.4
2695,9898,2014-11-05,10.8,30.0,6.4,946.2,936.3
2699,9898,2014-11-06,9.8,28.0,6.1,948.9,946.0
2700,9898,2014-11-07,12.0,28.0,2.8,951.2,947.5
2713,9898,2014-11-10,8.7,99.0,3.1,949.0,946.9
2716,9898,2014-11-11,6.5,9.0,4.2,946.9,938.5
2731,9898,2014-11-14,11.4,23.0,3.9,946.0,940.6
2735,9898,2014-11-15,10.5,30.0,5.0,945.2,942.2
2738,9898,2014-11-16,9.2,28.0,3.9,947.4,943.5
2741,9898,2014-11-17,9.0,30.0,7.5,947.1,942.9
2749,9898,2014-11-19,10.8,99.0,2.5,955.6,949.4
2752,9898,2014-11-20,12.8,8.0,3.3,956.0,955.3
2759,9898,2014-11-21,13.4,8.0,3.1,956.0,954.4
2761,9898,2014-11-22,13.6,7.0,3.3,954.8,951.6
2769,9898,2014-11-24,15.5,2.0,2.8,954.6,953.3
2773,9898,2014-11-25,13.6,5.0,1.7,954.1,951.6
2779,9898,2014-11-26,10.6,20.0,1.9,951.6,946.2
2783,9898,2014-11-27,10.2,10.0,4.4,946.2,933.9
2785,9898,2014-11-28,11.8,10.0,6.9,933.9,928.6
2788,9898,2014-11-29,12.0,8.0,4.7,935.0,931.4
2795,9898,2014-11-30,12.2,8.0,3.1,937.2,935.0
2806,9898,2014-12-03,4.3,8.0,3.3,947.1,944.4
2811,9898,2014-12-04,5.4,28.0,1.7,948.3,945.7
2815,9898,2014-12-05,7.3,28.0,7.2,954.3,948.3
2816,9898,2014-12-06,6.4,30.0,7.2,954.3,953.4
2821,9898,2014-12-07,6.8,30.0,6.4,958.7,954.3
2826,9898,2014-12-08,9.1,28.0,9.7,958.7,956.1
2828,9898,2014-12-09,6.5,30.0,6.7,960.6,956.2
2835,9898,2014-12-10,7.2,31.0,3.3,963.5,960.4
2836,9898,2014-12-11,9.2,32.0,8.6,961.1,959.0
2842,9898,2014-12-12,6.9,10.0,3.1,959.5,950.8
2851,9898,2014-12-14,9.4,35.0,1.9,952.1,949.7
2853,9898,2014-12-15,8.2,27.0,3.9,954.9,950.9
2856,9898,2014-12-16,8.4,30.0,6.9,954.6,948.9
2861,9898,2014-12-17,11.0,31.0,9.4,958.3,952.6
2864,9898,2014-12-18,11.7,29.0,6.1,962.2,955.4
2876,9898,2014-12-21,6.8,11.0,2.8,967.1,965.6
2881,9898,2014-12-22,2.2,8.0,1.1,967.0,965.1
2884,9898,2014-12-23,0.8,27.0,1.1,965.4,962.4
2889,9898,2014-12-24,0.0,30.0,2.5,963.8,962.6
2897,9898,2014-12-26,4.0,29.0,2.2,963.9,960.7
2903,9898,2014-12-27,7.5,29.0,8.9,960.7,945.8
2906,9898,2014-12-28,4.4,30.0,9.4,953.9,942.6
2909,9898,2014-12-29,2.7,32.0,4.2,965.5,950.6
2915,9898,2014-12-30,1.5,27.0,3.6,967.4,964.5
2924,9898,2015-01-02,5.6,9.0,1.7,971.7,968.7
2928,9898,2015-01-03,7.8,29.0,3.3,971.4,967.0
2933,9898,2015-01-04,10.0,8.0,3.1,967.0,964.7
2936,9898,2015-01-05,7.2,7.0,3.3,965.1,960.8
2941,9898,2015-01-06,2.0,36.0,2.2,962.7,959.4
2961,9898,2015-01-11,8.2,30.0,6.4,968.1,961.4
2966,9898,2015-01-12,5.7,12.0,2.5,968.5,963.4
2968,9898,2015-01-13,8.6,10.0,2.2,963.4,957.9
2976,9898,2015-01-15,8.8,8.0,1.7,958.2,947.5
2980,9898,2015-01-16,5.8,28.0,6.4,951.0,943.4
2986,9898,2015-01-17,5.4,29.0,7.8,955.5,950.7
2991,9898,2015-01-18,2.2,99.0,3.6,955.2,944.4
2993,9898,2015-01-19,4.8,29.0,5.6,945.1,943.3
2996,9898,2015-01-20,2.4,26.0,2.2,945.1,943.1
3005,9898,2015-01-22,5.2,32.0,3.9,950.3,941.3
3008,9898,2015-01-23,5.9,33.0,9.2,955.7,950.3
3014,9898,2015-01-24,6.6,30.0,6.1,958.3,955.7
3017,9898,2015-01-25,6.5,32.0,6.4,958.3,957.2
3021,9898,2015-01-26,4.2,99.0,3.3,961.1,958.1
3026,9898,2015-01-27,7.8,32.0,13.3,961.1,956.2
3031,9898,2015-01-28,7.5,29.0,4.4,956.6,952.4
3039,9898,2015-01-30,7.2,30.0,7.8,931.9,925.6
3043,9898,2015-01-31,3.9,29.0,9.4,936.3,923.5
3044,9898,2015-02-01,2.3,30.0,11.9,945.2,936.3
3051,9898,2015-02-02,3.6,30.0,4.2,945.2,935.8
3055,9898,2015-02-03,3.6,30.0,7.2,935.8,932.2
3059,9898,2015-02-04,3.0,32.0,4.4,937.2,933.2
3064,9898,2015-02-06,0.8,99.0,4.4,947.1,941.2
3068,9898,2015-02-07,1.4,26.0,2.2,956.9,947.1
3075,9898,2015-02-08,2.2,26.0,5.0,957.3,952.7
3078,9898,2015-02-09,3.6,10.0,3.1,962.0,954.2
3081,9898,2015-02-10,6.9,8.0,1.1,960.3,957.5
3086,9898,2015-02-11,6.2,10.0,1.9,957.8,955.6
3091,9898,2015-02-12,7.2,3.0,2.2,955.9,955.0
3094,9898,2015-02-13,8.6,22.0,1.9,955.9,952.1
3097,9898,2015-02-14,8.3,30.0,5.3,952.1,946.3
3102,9898,2015-02-15,9.1,30.0,8.3,949.5,943.4
3105,9898,2015-02-16,9.0,30.0,6.1,953.6,949.5
3108,9898,2015-02-17,9.4,32.0,1.9,964.8,953.6
3112,9898,2015-02-18,6.6,22.0,3.6,966.6,964.6
3116,9898,2015-02-19,8.6,28.0,1.9,966.6,961.3
3124,9898,2015-02-21,6.0,30.0,11.4,948.5,939.3
3128,9898,2015-02-22,6.8,31.0,8.9,945.9,941.9
3134,9898,2015-02-23,10.6,29.0,6.7,947.3,943.5
3138,9898,2015-02-24,5.2,99.0,12.5,956.7,947.2
3140,9898,2015-02-25,7.6,30.0,12.8,956.7,952.5
3146,9898,2015-02-26,12.6,30.0,11.7,955.8,951.8
3150,9898,2015-02-27,7.4,30.0,13.3,955.5,950.7
3155,9898,2015-02-28,8.0,28.0,7.5,955.5,953.5
3159,9898,2015-03-01,13.4,30.0,6.1,956.6,954.3
3161,9898,2015-03-02,14.2,29.0,6.1,958.7,955.2
3165,9898,2015-03-03,14.6,22.0,2.5,959.1,958.0
3171,9898,2015-03-04,8.5,29.0,11.1,965.1,958.3
3173,9898,2015-03-05,8.4,26.0,5.3,964.8,961.7
3179,9898,2015-03-06,8.8,31.0,2.5,965.7,962.5
3182,9898,2015-03-07,13.4,28.0,2.8,964.3,959.3
3186,9898,2015-03-08,12.0,99.0,3.1,959.3,956.5
3190,9898,2015-03-09,11.0,9.0,1.9,958.7,957.3
3200,9898,2015-03-12,15.0,10.0,2.2,957.2,953.9
3204,9898,2015-03-13,10.2,29.0,6.9,956.5,954.9
3210,9898,2015-03-14,6.4,32.0,8.6,956.5,952.5
3216,9898,2015-03-16,7.6,17.0,2.2,954.6,951.1
3220,9898,2015-03-17,8.8,10.0,3.6,955.9,953.9
3224,9898,2015-03-18,10.0,14.0,3.3,956.1,953.5
3230,9898,2015-03-19,12.0,3.0,2.2,954.7,952.8
3240,9898,2015-03-22,10.0,28.0,1.9,948.1,944.5
3254,9898,2015-03-25,8.0,32.0,6.9,944.1,938.9
3258,9898,2015-03-26,9.2,29.0,8.9,951.7,944.0
3260,9898,2015-03-27,13.9,28.0,11.1,958.5,951.6
3271,9898,2015-03-29,13.3,29.0,10.3,958.8,956.7
3274,9898,2015-03-30,15.8,30.0,14.7,959.9,956.5
3276,9898,2015-03-31,16.4,29.0,11.4,960.5,958.0
3289,9898,2015-04-03,15.0,29.0,4.4,956.4,950.7
3292,9898,2015-04-04,12.4,28.0,5.0,951.1,947.8
3297,9898,2015-04-05,12.6,7.0,2.8,950.7,946.1
3303,9898,2015-04-06,13.5,12.0,3.1,958.9,950.7
3305,9898,2015-04-07,12.2,17.0,2.8,965.7,958.8
3309,9898,2015-04-08,11.0,10.0,3.3,965.7,961.1
3315,9898,2015-04-09,12.1,12.0,4.4,961.3,959.2
3316,9898,2015-04-10,13.9,16.0,3.3,960.5,956.8
3323,9898,2015-04-11,15.6,14.0,2.8,962.3,957.9
3326,9898,2015-04-12,16.4,11.0,2.2,963.7,961.9
3337,9898,2015-04-15,14.8,12.0,3.9,957.7,952.7
3346,9898,2015-04-17,16.6,28.0,3.1,953.8,951.5
3359,9898,2015-04-20,13.9,26.0,2.2,958.3,954.0
3382,9898,2015-04-26,13.6,28.0,2.8,948.0,940.7
3386,9898,2015-04-27,12.8,30.0,12.5,950.2,941.0
3389,9898,2015-04-28,12.8,24.0,4.2,953.9,950.2
3392,9898,2015-04-29,14.4,28.0,3.6,955.9,953.3
3425,9898,2015-05-07,18.7,9.0,3.6,956.1,951.2
3442,9898,2015-05-11,23.6,99.0,3.1,959.1,956.6
3458,9898,2015-05-15,14.0,31.0,15.0,956.8,950.4
3461,9898,2015-05-16,19.0,28.0,6.4,959.0,956.7
3466,9898,2015-05-17,18.0,24.0,3.9,958.9,954.3
3472,9898,2015-05-19,10.6,28.0,2.8,950.7,946.9
3476,9898,2015-05-20,13.2,31.0,10.6,957.5,950.7
3481,9898,2015-05-21,14.1,30.0,4.2,958.9,956.4
3491,9898,2015-05-23,16.1,26.0,4.7,954.8,950.1
3494,9898,2015-05-24,17.2,24.0,2.8,953.2,952.0
3500,9898,2015-05-26,18.0,29.0,6.7,953.9,949.3
3505,9898,2015-05-27,18.5,24.0,4.2,955.4,953.1
3510,9898,2015-05-28,20.4,9.0,2.8,955.8,951.8
3515,9898,2015-05-29,21.4,28.0,3.3,952.8,949.0
3518,9898,2015-05-30,18.8,21.0,3.6,953.9,951.8
3523,9898,2015-05-31,22.0,22.0,2.5,953.9,951.9
3528,9898,2015-06-02,22.8,99.0,1.7,956.4,952.3
3538,9898,2015-06-04,25.2,17.0,3.3,958.3,955.5
3543,9898,2015-06-05,24.3,13.0,3.1,957.1,954.5
3545,9898,2015-06-06,25.2,99.0,3.1,958.3,956.3
3559,9898,2015-06-09,23.9,23.0,3.3,953.8,950.3
3568,9898,2015-06-12,19.9,21.0,2.8,949.0,946.1
3572,9898,2015-06-13,19.2,14.0,2.8,948.8,946.5
3594,9898,2015-06-18,20.4,26.0,5.6,957.7,954.3
3600,9898,2015-06-20,21.2,25.0,3.9,955.8,953.9
3606,9898,2015-06-21,24.4,8.0,2.2,955.5,953.0
3609,9898,2015-06-22,26.0,22.0,3.3,954.2,950.1
3615,9898,2015-06-23,24.2,2.0,4.2,952.7,948.6
3616,9898,2015-06-24,22.2,22.0,1.7,956.6,952.3
3627,9898,2015-06-26,27.3,28.0,4.4,958.1,955.0
3630,9898,2015-06-27,28.5,28.0,3.6,957.0,954.2
3633,9898,2015-06-28,29.6,29.0,5.3,955.6,953.7
3636,9898,2015-06-29,28.5,10.0,3.3,956.9,954.8
3644,9898,2015-07-01,29.3,14.0,6.1,954.5,951.8
3649,9898,2015-07-02,27.5,7.0,5.8,957.9,954.2
3653,9898,2015-07-03,29.6,10.0,6.7,958.7,956.3
3658,9898,2015-07-04,29.0,8.0,4.7,959.0,955.0
3667,9898,2015-07-06,30.6,12.0,3.3,956.3,953.2
3669,9898,2015-07-07,32.4,30.0,3.3,953.9,950.3
3677,9898,2015-07-09,22.6,23.0,3.1,954.8,952.4
3703,9898,2015-07-15,29.1,8.0,2.8,955.0,951.7
3705,9898,2015-07-16,30.2,24.0,6.4,954.0,951.4
3713,9898,2015-07-18,27.8,19.0,4.2,956.0,952.6
3720,9898,2015-07-20,29.4,20.0,2.8,952.7,950.8
3725,9898,2015-07-21,28.6,99.0,3.6,954.8,948.8
3731,9898,2015-07-22,26.4,29.0,4.7,954.9,950.9
3732,9898,2015-07-23,26.2,29.0,3.3,954.6,948.5
3738,9898,2015-07-24,28.6,30.0,4.2,949.1,945.1
3743,9898,2015-07-25,23.0,28.0,6.9,953.1,949.1
3746,9898,2015-07-26,24.2,29.0,3.1,953.1,948.9
3751,9898,2015-07-27,25.8,26.0,6.9,951.9,949.5
3755,9898,2015-07-28,24.2,34.0,3.1,952.6,948.9
3758,9898,2015-07-29,27.8,99.0,5.0,950.9,947.6
3762,9898,2015-07-30,21.6,12.0,1.9,951.3,949.6
3766,9898,2015-07-31,20.5,11.0,4.4,951.1,947.3
3770,9898,2015-08-01,20.3,23.0,4.2,954.3,949.1
3775,9898,2015-08-02,23.8,8.0,1.9,954.6,952.8
3786,9898,2015-08-05,27.4,8.0,3.3,952.0,949.9
3791,9898,2015-08-06,28.0,10.0,3.3,952.3,949.9
3795,9898,2015-08-07,28.5,30.0,3.1,954.3,950.9
3798,9898,2015-08-08,18.8,25.0,2.8,957.3,954.3
3800,9898,2015-08-09,20.3,30.0,5.8,957.1,954.3
3805,9898,2015-08-10,22.0,99.0,3.3,954.9,951.3
3809,9898,2015-08-11,26.2,8.0,3.1,952.3,950.1
3814,9898,2015-08-12,27.4,29.0,2.8,955.3,952.3
3818,9898,2015-08-13,23.0,31.0,7.2,952.7,951.2
3822,9898,2015-08-14,20.2,30.0,10.3,952.9,951.2
3825,9898,2015-08-15,21.0,30.0,5.8,952.1,950.1
3828,9898,2015-08-16,20.6,23.0,3.6,952.0,949.3
3832,9898,2015-08-17,24.0,24.0,4.4,950.5,948.4
3837,9898,2015-08-18,20.6,24.0,2.2,953.2,950.0
3845,9898,2015-08-20,24.8,22.0,2.5,958.5,955.9
3849,9898,2015-08-21,27.0,7.0,2.2,957.7,953.3
3853,9898,2015-08-22,24.8,10.0,3.6,955.1,947.4
3864,9898,2015-08-25,22.1,27.0,1.4,956.4,953.3
3871,9898,2015-08-26,25.4,7.0,3.6,955.9,951.3
3875,9898,2015-08-27,27.1,8.0,3.1,953.7,951.3
3876,9898,2015-08-28,27.9,12.0,2.5,955.7,952.9
3882,9898,2015-08-29,26.8,99.0,3.9,957.3,954.5
3886,9898,2015-08-30,26.5,12.0,4.4,957.4,952.3
3889,9898,2015-08-31,25.2,26.0,3.6,957.4,949.1
3893,9898,2015-09-01,21.8,30.0,5.6,954.6,953.0
3897,9898,2015-09-02,20.0,30.0,1.4,954.6,951.0
3911,9898,2015-09-05,16.5,22.0,3.3,956.6,953.8
3912,9898,2015-09-06,17.1,22.0,2.2,958.6,956.2
3937,9898,2015-09-12,21.4,10.0,5.0,952.6,948.7
3941,9898,2015-09-13,20.6,32.0,1.4,949.8,945.6
3947,9898,2015-09-14,17.8,32.0,3.1,950.6,947.2
3948,9898,2015-09-15,18.9,19.0,3.9,950.3,943.8
3959,9898,2015-09-17,15.6,31.0,6.7,953.0,941.7
3960,9898,2015-09-18,16.3,26.0,2.5,957.9,953.0
3964,9898,2015-09-19,18.0,26.0,3.9,960.2,957.4
3969,9898,2015-09-20,17.5,24.0,1.9,958.3,954.9
3978,9898,2015-09-22,18.0,30.0,5.8,950.9,948.0
3982,9898,2015-09-23,16.2,29.0,10.3,953.8,949.1
3986,9898,2015-09-24,17.2,26.0,3.1,955.5,953.8
3991,9898,2015-09-25,21.9,21.0,1.7,954.8,952.0
3994,9898,2015-09-26,20.6,24.0,3.3,954.7,952.7
3996,9898,2015-09-27,19.8,7.0,3.6,958.3,954.7
4006,9898,2015-09-29,19.2,10.0,4.2,957.0,952.6
4011,9898,2015-09-30,18.6,16.0,2.5,956.1,954.2
4015,9898,2015-10-01,18.8,28.0,3.1,957.3,954.3
4023,9898,2015-10-03,18.1,28.0,1.7,954.4,950.9
4024,9898,2015-10-04,15.1,8.0,2.2,955.6,954.0
4031,9898,2015-10-05,20.4,10.0,2.5,955.0,949.3
4041,9898,2015-10-08,15.4,99.0,0.3,955.0,953.0
4046,9898,2015-10-09,16.0,26.0,1.1,953.2,949.5
4049,9898,2015-10-10,18.0,99.0,1.4,950.1,945.9
4053,9898,2015-10-11,17.8,22.0,2.2,946.1,944.5
4057,9898,2015-10-12,20.2,26.0,1.7,949.2,945.3
4061,9898,2015-10-13,14.5,28.0,2.8,951.1,949.1
4064,9898,2015-10-14,12.0,28.0,4.7,950.2,946.9
4074,9898,2015-10-16,10.6,10.0,0.3,954.2,951.6
4078,9898,2015-10-17,13.4,6.0,3.1,952.8,951.0
4080,9898,2015-10-18,16.6,6.0,1.4,951.8,948.7
4085,9898,2015-10-19,16.0,8.0,1.4,950.0,948.8
4089,9898,2015-10-20,13.8,26.0,1.9,952.8,949.9
4092,9898,2015-10-21,13.4,26.0,1.9,953.6,952.1
4115,9898,2015-10-26,16.2,11.0,3.1,954.8,950.6
4121,9898,2015-10-28,13.4,30.0,3.6,954.1,949.0
4126,9898,2015-10-29,16.3,30.0,2.2,955.1,954.0
4130,9898,2015-10-30,16.8,11.0,2.2,957.1,955.1
4135,9898,2015-10-31,16.4,8.0,2.5,960.4,955.9
4140,9898,2015-11-02,13.8,13.0,7.5,958.2,949.8
4144,9898,2015-11-03,12.4,6.0,3.6,957.8,952.7
4151,9898,2015-11-04,15.6,10.0,1.1,958.3,956.1
4155,9898,2015-11-05,15.9,27.0,2.2,959.2,956.7
4159,9898,2015-11-06,16.6,11.0,1.7,962.1,959.2
4160,9898,2015-11-07,18.8,99.0,0.8,964.3,962.1
4165,9898,2015-11-08,16.8,10.0,2.5,965.5,963.3
4171,9898,2015-11-09,12.3,9.0,0.0,968.2,965.5
4174,9898,2015-11-10,11.7,30.0,0.6,967.2,963.2
4186,9898,2015-11-13,9.0,14.0,0.6,966.7,961.5
4190,9898,2015-11-14,8.9,30.0,0.3,967.1,964.8
4195,9898,2015-11-15,9.4,29.0,1.1,964.8,959.4
4196,9898,2015-11-16,6.5,29.0,0.6,959.6,958.0
4200,9898,2015-11-17,5.7,30.0,0.3,961.6,958.8
4205,9898,2015-11-18,6.7,9.0,0.0,964.9,961.6
4209,9898,2015-11-19,9.7,30.0,1.7,965.0,963.6
4213,9898,2015-11-20,12.2,26.0,4.7,963.6,954.9
4218,9898,2015-11-21,7.6,29.0,11.1,954.9,945.3
4221,9898,2015-11-22,5.8,30.0,8.1,948.4,946.4
4225,9898,2015-11-23,5.2,29.0,3.1,956.7,948.4
4229,9898,2015-11-24,5.6,28.0,1.4,960.3,956.2
4233,9898,2015-11-25,11.6,32.0,13.3,956.2,948.2
4238,9898,2015-11-26,12.0,31.0,16.1,950.0,947.5
4243,9898,2015-11-27,10.8,28.0,4.2,951.9,949.4
4245,9898,2015-11-28,9.2,31.0,8.1,961.8,951.9
4253,9898,2015-11-30,9.4,25.0,2.5,968.3,967.2
4261,9898,2015-12-02,9.2,24.0,1.1,966.3,963.0
4265,9898,2015-12-03,8.8,9.0,0.3,965.7,963.9
4268,9898,2015-12-04,9.2,22.0,0.6,969.0,965.7
4274,9898,2015-12-05,10.7,10.0,2.5,968.7,964.6
4278,9898,2015-12-06,11.0,99.0,2.8,965.8,964.2
4284,9898,2015-12-08,12.2,31.0,1.4,968.1,964.7
4314,9898,2015-12-15,8.9,30.0,1.9,963.2,958.4
4318,9898,2015-12-16,12.0,31.0,1.7,967.3,963.2
4325,9898,2015-12-18,11.9,9.0,1.7,964.2,961.9
4335,9898,2015-12-20,8.4,7.0,2.2,962.3,957.7
4341,9898,2015-12-22,9.9,6.0,0.6,969.1,966.1
4344,9898,2015-12-23,5.8,10.0,3.3,967.0,963.7
4349,9898,2015-12-24,10.0,9.0,2.5,965.2,963.1
4352,9898,2015-12-25,4.2,8.0,0.6,968.7,965.2
4356,9898,2015-12-26,5.0,9.0,1.1,968.7,966.6
4363,9898,2015-12-27,5.8,10.0,3.1,967.3,964.3
4367,9898,2015-12-28,10.6,10.0,4.2,964.4,961.3
4375,9898,2015-12-30,9.0,27.0,2.2,964.4,958.1
4376,9898,2015-12-31,8.4,27.0,1.9,959.8,958.0
4380,9898,2016-01-01,7.6,8.0,4.4,959.3,953.2
4384,9898,2016-01-02,7.6,29.0,6.7,957.1,952.4
4403,9898,2016-01-06,5.4,29.0,8.3,947.9,943.2
4406,9898,2016-01-07,9.8,29.0,4.7,946.3,945.0
4410,9898,2016-01-08,13.8,27.0,2.2,946.3,943.7
4414,9898,2016-01-09,12.2,29.0,3.3,944.6,941.6
4417,9898,2016-01-10,9.8,16.0,3.3,944.6,939.5
4422,9898,2016-01-11,9.6,31.0,8.1,949.1,938.8
4426,9898,2016-01-12,6.7,29.0,7.8,958.9,949.1
4432,9898,2016-01-14,6.8,30.0,4.2,957.4,951.4
4436,9898,2016-01-15,5.7,30.0,7.8,959.2,953.2
4446,9898,2016-01-17,2.6,29.0,1.4,960.8,954.8
4456,9898,2016-01-20,6.6,8.0,2.2,953.7,951.7
4460,9898,2016-01-21,7.4,28.0,1.7,959.8,953.1
4476,9898,2016-01-25,8.2,10.0,0.6,966.3,964.7
4483,9898,2016-01-26,8.0,11.0,0.3,967.0,965.5
4484,9898,2016-01-27,9.0,14.0,0.3,965.8,962.0
4491,9898,2016-01-28,8.7,28.0,1.1,964.9,961.3
4494,9898,2016-01-29,8.2,29.0,1.1,968.2,964.9
4496,9898,2016-01-30,8.5,27.0,3.6,967.5,962.9
4501,9898,2016-01-31,9.6,30.0,8.6,964.0,961.6
4507,9898,2016-02-01,12.8,29.0,1.7,966.3,963.5
4508,9898,2016-02-02,8.4,27.0,1.4,964.2,960.2
4515,9898,2016-02-03,8.6,30.0,10.3,966.8,960.3
4518,9898,2016-02-04,7.0,30.0,2.5,968.4,966.8
4522,9898,2016-02-05,8.6,6.0,2.2,966.9,959.3
4527,9898,2016-02-06,8.2,7.0,4.4,959.3,946.3
4530,9898,2016-02-07,7.4,30.0,10.8,955.9,943.1
4538,9898,2016-02-09,10.6,30.0,6.4,957.0,942.8
4540,9898,2016-02-10,8.2,29.0,4.2,946.9,942.9
4544,9898,2016-02-11,9.0,28.0,2.8,946.6,943.5
4550,9898,2016-02-12,8.3,25.0,3.1,946.1,939.5
4553,9898,2016-02-13,13.5,32.0,4.4,940.5,933.6
4557,9898,2016-02-14,7.1,30.0,8.9,936.6,932.5
4563,9898,2016-02-15,6.5,34.0,8.1,955.1,936.6
4565,9898,2016-02-16,4.3,31.0,4.2,957.4,955.1
4568,9898,2016-02-17,2.1,28.0,3.3,957.1,951.7
4572,9898,2016-02-18,6.8,29.0,3.3,956.3,950.8
4578,9898,2016-02-19,6.0,25.0,3.1,961.9,956.3
4585,9898,2016-02-21,11.2,11.0,3.3,964.4,958.7
4590,9898,2016-02-22,11.6,30.0,3.6,958.7,952.9
4595,9898,2016-02-23,9.9,31.0,11.4,957.8,955.9
4599,9898,2016-02-24,10.4,32.0,2.2,956.1,948.5
4605,9898,2016-02-26,7.6,10.0,3.6,948.5,931.3
4610,9898,2016-02-27,3.0,10.0,3.3,931.3,923.7
4615,9898,2016-02-28,4.4,31.0,3.1,940.8,929.5
4617,9898,2016-02-29,7.3,32.0,12.5,954.9,940.8
4620,9898,2016-03-01,9.9,28.0,4.4,959.1,954.9
4625,9898,2016-03-02,9.8,32.0,12.2,957.9,951.9
4629,9898,2016-03-03,7.4,30.0,13.6,952.8,949.4
4635,9898,2016-03-04,9.0,29.0,2.5,949.8,935.0
4637,9898,2016-03-05,5.5,29.0,10.0,943.0,936.2
4641,9898,2016-03-06,5.9,29.0,10.6,945.8,943.0
4644,9898,2016-03-07,7.8,99.0,4.7,944.4,940.1
4648,9898,2016-03-08,7.4,30.0,7.2,952.6,944.4
4655,9898,2016-03-09,5.5,30.0,6.9,952.3,943.1
4659,9898,2016-03-10,7.0,29.0,5.8,950.7,943.9
4660,9898,2016-03-11,8.9,28.0,4.4,954.7,950.7
4664,9898,2016-03-12,7.6,24.0,3.3,956.0,954.6
4669,9898,2016-03-13,7.6,12.0,2.5,955.5,951.0
4677,9898,2016-03-15,7.4,27.0,3.1,955.7,952.3
4680,9898,2016-03-16,7.6,30.0,8.3,952.3,948.7
4690,9898,2016-03-18,8.7,12.0,1.9,954.4,951.2
4705,9898,2016-03-22,11.5,29.0,3.6,947.2,939.2
4708,9898,2016-03-23,10.4,33.0,6.7,945.2,939.2
4713,9898,2016-03-24,12.4,32.0,4.7,952.9,945.2
4716,9898,2016-03-25,10.3,29.0,5.0,956.6,952.9
4720,9898,2016-03-26,15.0,19.0,1.4,956.6,952.0
4724,9898,2016-03-27,12.5,28.0,5.8,952.8,951.8
4730,9898,2016-03-28,11.4,30.0,2.2,952.7,951.8
4737,9898,2016-03-30,16.2,8.0,3.6,952.3,943.7
4740,9898,2016-03-31,10.4,29.0,5.8,948.3,940.5
4747,9898,2016-04-01,11.3,24.0,4.7,950.3,948.3
4750,9898,2016-04-02,10.2,15.0,2.2,949.4,947.0
4755,9898,2016-04-03,12.8,10.0,4.4,948.4,944.1
4756,9898,2016-04-04,9.1,9.0,4.2,947.9,938.1
4761,9898,2016-04-05,10.6,32.0,2.2,950.0,937.8
4764,9898,2016-04-06,11.2,99.0,4.7,950.5,949.6
4771,9898,2016-04-07,10.9,29.0,6.9,950.3,946.9
4772,9898,2016-04-08,9.0,30.0,8.6,948.8,946.9
4776,9898,2016-04-09,10.4,29.0,7.5,948.8,945.0
4783,9898,2016-04-10,12.4,9.0,3.3,945.1,939.7
4787,9898,2016-04-11,11.4,30.0,2.5,947.3,941.7
4795,9898,2016-04-13,14.0,33.0,4.7,950.7,946.0
4801,9898,2016-04-15,17.2,17.0,2.8,949.0,944.2
4810,9898,2016-04-17,14.4,24.0,3.9,952.7,948.1
4815,9898,2016-04-18,13.5,10.0,1.1,955.9,952.7
4816,9898,2016-04-19,13.6,9.0,2.5,955.9,952.7
4822,9898,2016-04-20,13.4,6.0,2.2,953.9,952.7
4824,9898,2016-04-21,14.5,33.0,2.8,955.7,953.7
4830,9898,2016-04-22,11.8,30.0,1.4,955.7,951.8
4833,9898,2016-04-23,13.4,99.0,5.3,953.2,947.3
4839,9898,2016-04-24,11.0,29.0,11.1,951.2,941.9
4840,9898,2016-04-25,10.6,26.0,2.8,953.8,950.3
4844,9898,2016-04-26,11.9,29.0,5.6,950.8,946.0
4849,9898,2016-04-27,12.0,28.0,1.1,948.7,946.7
4853,9898,2016-04-28,12.1,25.0,3.6,952.6,947.5
4858,9898,2016-04-29,12.2,24.0,1.4,955.3,951.9
4863,9898,2016-04-30,8.8,29.0,11.9,958.3,951.8
4866,9898,2016-05-01,9.8,99.0,9.4,958.4,956.8
4869,9898,2016-05-02,11.6,24.0,4.2,958.1,954.3
4874,9898,2016-05-03,14.6,24.0,3.1,958.5,955.6
4879,9898,2016-05-04,16.8,10.0,1.9,957.0,952.9
4880,9898,2016-05-05,17.2,9.0,3.1,953.1,948.4
4885,9898,2016-05-06,14.4,8.0,5.0,950.6,946.6
4891,9898,2016-05-07,13.6,11.0,4.7,947.0,943.1
4896,9898,2016-05-09,14.0,10.0,5.3,945.3,940.5
4902,9898,2016-05-10,14.2,16.0,3.9,947.0,943.7
4905,9898,2016-05-11,14.2,32.0,1.1,944.7,936.0
4908,9898,2016-05-12,14.0,26.0,2.8,942.9,936.0
4912,9898,2016-05-13,14.2,29.0,7.5,947.2,942.9
4916,9898,2016-05-14,15.6,28.0,8.1,953.1,947.2
4920,9898,2016-05-15,16.3,28.0,5.0,955.8,953.1
4925,9898,2016-05-16,14.8,99.0,4.2,956.8,954.7
4929,9898,2016-05-17,14.5,99.0,1.7,955.2,952.5
4935,9898,2016-05-18,18.2,29.0,3.6,952.8,949.6
4939,9898,2016-05-19,15.8,30.0,11.1,955.1,951.9
4942,9898,2016-05-20,17.4,30.0,0.8,957.5,955.1
4946,9898,2016-05-21,20.8,9.0,3.9,955.8,950.7
4948,9898,2016-05-22,14.9,32.0,6.7,957.1,948.8
4955,9898,2016-05-23,13.2,29.0,5.8,958.7,954.4
4959,9898,2016-05-24,16.4,12.0,3.9,954.5,946.2
4963,9898,2016-05-25,18.0,11.0,1.7,949.3,946.8
4967,9898,2016-05-26,20.3,14.0,2.8,949.2,947.8
4971,9898,2016-05-27,22.4,32.0,1.9,951.4,948.8
4972,9898,2016-05-28,19.3,26.0,5.0,950.0,946.5
4979,9898,2016-05-29,16.4,28.0,8.3,952.2,948.7
4982,9898,2016-05-30,15.9,29.0,6.1,953.9,951.0
4985,9898,2016-05-31,16.3,29.0,8.9,955.3,953.5
4988,9898,2016-06-01,16.8,29.0,6.1,955.3,952.9
4992,9898,2016-06-02,18.6,28.0,3.9,953.5,948.6
4997,9898,2016-06-03,21.3,19.0,3.1,949.4,944.9
5001,9898,2016-06-04,22.6,34.0,3.3,953.5,948.3
5004,9898,2016-06-05,21.1,8.0,2.2,953.8,951.9
5011,9898,2016-06-06,22.2,16.0,0.6,957.1,953.5
5014,9898,2016-06-07,24.4,20.0,1.4,958.7,956.7
5017,9898,2016-06-08,25.4,28.0,3.9,957.6,952.8
5025,9898,2016-06-10,23.4,26.0,3.3,948.8,946.7
5031,9898,2016-06-11,21.6,29.0,2.5,952.3,947.9
5032,9898,2016-06-12,20.0,30.0,7.8,953.0,950.6
5036,9898,2016-06-13,22.0,30.0,11.1,950.7,947.4
5043,9898,2016-06-14,19.6,30.0,7.2,948.2,941.7
5047,9898,2016-06-15,17.9,28.0,3.9,942.0,938.3
5048,9898,2016-06-16,15.6,32.0,5.3,949.0,941.1
5052,9898,2016-06-17,15.8,29.0,3.3,955.3,949.0
5056,9898,2016-06-18,15.0,30.0,10.0,960.7,955.3
5060,9898,2016-06-19,17.6,28.0,4.2,961.0,957.1
5067,9898,2016-06-20,20.2,26.0,3.1,959.3,956.5
5071,9898,2016-06-21,25.2,8.0,1.7,959.1,956.3
5075,9898,2016-06-22,26.1,9.0,4.4,957.8,955.1
5079,9898,2016-06-23,26.5,10.0,4.4,957.1,954.7
5083,9898,2016-06-24,26.2,2.0,2.8,956.2,951.4
5087,9898,2016-06-25,22.0,26.0,4.7,954.9,952.0
5093,9898,2016-06-27,21.3,99.0,3.6,957.7,954.7
5096,9898,2016-06-28,25.8,14.0,3.9,956.2,951.3
5106,9898,2016-06-30,24.5,8.0,0.8,954.2,951.5
5108,9898,2016-07-01,25.7,14.0,2.2,954.7,952.3
5115,9898,2016-07-02,24.4,28.0,4.7,956.8,954.0
5118,9898,2016-07-03,22.6,29.0,1.9,957.9,954.4
5123,9898,2016-07-04,26.7,32.0,2.5,956.6,952.3
5126,9898,2016-07-05,25.6,36.0,4.2,956.2,954.5
5130,9898,2016-07-06,26.2,23.0,4.4,956.3,953.8
5132,9898,2016-07-07,28.0,4.0,3.1,956.4,954.6
5138,9898,2016-07-08,26.2,36.0,1.9,958.1,956.2
5142,9898,2016-07-09,28.8,24.0,3.1,958.5,953.3
5145,9898,2016-07-10,29.7,11.0,2.5,954.2,950.3
5150,9898,2016-07-11,26.2,8.0,2.5,951.9,951.0
5153,9898,2016-07-12,23.0,30.0,6.4,954.2,951.6
5157,9898,2016-07-13,18.3,30.0,10.6,956.7,954.2
5161,9898,2016-07-14,19.1,29.0,8.3,958.4,955.1
5164,9898,2016-07-15,19.9,26.0,3.9,959.9,956.7
5171,9898,2016-07-16,24.0,21.0,2.5,958.3,955.2
5174,9898,2016-07-17,26.4,9.0,2.2,957.1,954.6
5185,9898,2016-07-20,25.5,32.0,4.7,954.6,953.9
5191,9898,2016-07-21,26.8,28.0,1.9,954.1,951.1
5194,9898,2016-07-22,24.2,30.0,5.8,954.8,951.2
5198,9898,2016-07-23,23.9,24.0,5.8,955.7,953.1
5202,9898,2016-07-24,23.0,24.0,3.9,956.9,953.9
5207,9898,2016-07-25,25.1,24.0,3.3,956.2,953.9
5211,9898,2016-07-26,27.0,23.0,4.2,957.1,953.3
5214,9898,2016-07-27,25.6,22.0,5.0,956.5,953.4
5219,9898,2016-07-28,24.8,19.0,2.8,956.5,953.1
5222,9898,2016-07-29,28.0,12.0,2.5,954.7,951.8
5227,9898,2016-07-30,30.0,8.0,3.1,952.6,947.7
5228,9898,2016-07-31,24.2,23.0,6.1,955.2,950.4
5234,9898,2016-08-01,23.2,26.0,4.4,957.6,955.2
5239,9898,2016-08-02,25.6,24.0,2.8,957.6,953.7
5241,9898,2016-08-03,28.5,10.0,2.8,954.9,950.3
5244,9898,2016-08-04,27.6,29.0,3.9,953.1,949.6
5251,9898,2016-08-05,24.2,99.0,6.7,958.3,953.1
5252,9898,2016-08-06,23.2,26.0,4.2,960.6,958.3
5259,9898,2016-08-07,25.4,99.0,3.1,960.6,957.7
5261,9898,2016-08-08,27.2,22.0,3.3,960.6,956.2
5265,9898,2016-08-09,23.4,26.0,5.3,956.6,953.4
5286,9898,2016-08-14,24.0,13.0,1.9,959.0,955.0
5292,9898,2016-08-16,24.6,10.0,1.9,955.2,950.9
5296,9898,2016-08-17,27.1,29.0,1.9,952.3,948.8
5300,9898,2016-08-18,26.0,26.0,2.5,950.7,947.8
5307,9898,2016-08-19,27.8,21.0,3.1,949.6,947.6
5311,9898,2016-08-20,23.5,31.0,5.6,956.9,949.6
5315,9898,2016-08-21,21.8,28.0,3.9,958.7,956.9
5318,9898,2016-08-22,24.8,9.0,2.5,960.7,958.5
5323,9898,2016-08-23,27.4,99.0,3.1,959.8,956.5
5324,9898,2016-08-24,27.2,10.0,2.2,957.7,954.6
5328,9898,2016-08-25,27.0,12.0,3.6,956.2,951.8
5332,9898,2016-08-26,26.7,10.0,3.3,955.5,953.9
5337,9898,2016-08-27,26.4,99.0,2.5,956.3,953.5
5341,9898,2016-08-28,26.8,9.0,1.4,957.5,953.7
5346,9898,2016-08-29,21.3,24.0,3.1,957.3,954.4
5348,9898,2016-08-30,19.4,12.0,1.4,955.6,953.6
5364,9898,2016-09-03,26.9,21.0,1.4,957.5,954.4
5373,9898,2016-09-05,27.4,23.0,6.7,957.3,955.5
5377,9898,2016-09-06,25.8,22.0,1.9,957.1,952.8
5381,9898,2016-09-07,24.1,10.0,4.2,954.0,950.3
5387,9898,2016-09-08,22.4,27.0,0.8,954.4,952.7
5401,9898,2016-09-12,24.4,7.0,3.6,953.6,951.6
5406,9898,2016-09-13,21.0,22.0,7.5,952.4,943.3
5411,9898,2016-09-14,16.7,25.0,5.3,951.1,948.3
5415,9898,2016-09-15,15.4,21.0,2.2,952.4,951.1
5423,9898,2016-09-17,16.8,29.0,10.0,958.0,954.1
5426,9898,2016-09-18,17.4,28.0,3.9,955.4,952.9
5431,9898,2016-09-19,17.9,24.0,4.2,955.5,952.3
5432,9898,2016-09-20,18.2,99.0,3.9,954.1,951.9
5438,9898,2016-09-21,19.0,30.0,1.9,954.1,951.9
5443,9898,2016-09-22,21.4,12.0,2.5,957.8,954.1
5445,9898,2016-09-23,21.0,10.0,2.8,959.4,954.0
5448,9898,2016-09-24,20.2,8.0,1.9,958.9,954.0
5454,9898,2016-09-25,20.6,31.0,1.7,958.2,956.3
5459,9898,2016-09-26,21.6,11.0,0.3,958.3,956.4
5467,9898,2016-09-28,20.8,8.0,2.8,965.7,961.2
5468,9898,2016-09-29,21.2,6.0,1.1,964.5,958.1
5473,9898,2016-09-30,20.6,8.0,3.1,959.2,952.4
5476,9898,2016-10-01,21.4,30.0,1.9,952.4,949.7
5482,9898,2016-10-02,20.5,6.0,1.9,955.6,951.1
5484,9898,2016-10-03,21.6,11.0,3.1,958.9,955.6
5489,9898,2016-10-04,22.4,9.0,1.9,957.8,955.6
5498,9898,2016-10-06,17.6,26.0,2.8,952.0,946.4
5502,9898,2016-10-07,17.3,23.0,0.8,953.0,949.9
5507,9898,2016-10-08,16.3,23.0,2.2,954.8,952.1
5509,9898,2016-10-09,14.1,12.0,1.7,956.3,953.3
5514,9898,2016-10-10,12.6,30.0,1.1,955.3,951.6
5518,9898,2016-10-11,12.2,8.0,1.9,951.6,946.3
5522,9898,2016-10-12,14.0,10.0,4.4,947.8,939.9
5526,9898,2016-10-13,13.8,13.0,2.5,939.9,937.4
5529,9898,2016-10-14,13.5,99.0,2.2,947.5,936.9
5532,9898,2016-10-15,14.4,13.0,1.7,953.9,947.5
5539,9898,2016-10-16,16.4,13.0,3.1,957.2,953.6
5543,9898,2016-10-17,16.5,9.0,1.7,959.6,956.5
5546,9898,2016-10-18,16.6,24.0,1.7,961.5,958.8
5548,9898,2016-10-19,14.0,25.0,1.4,959.6,953.7
5554,9898,2016-10-20,11.3,27.0,1.4,953.7,949.5
5558,9898,2016-10-21,9.0,8.0,1.9,951.6,949.5
5560,9898,2016-10-22,12.8,8.0,2.8,949.6,944.6
5565,9898,2016-10-23,16.8,11.0,4.2,946.6,942.8
5570,9898,2016-10-24,15.4,12.0,1.9,954.2,945.8
5573,9898,2016-10-25,17.4,14.0,3.1,958.1,951.9
5576,9898,2016-10-26,18.2,24.0,1.4,961.6,958.0
5580,9898,2016-10-27,15.4,99.0,1.7,965.4,960.9
5587,9898,2016-10-28,13.1,8.0,1.4,967.6,964.8
5590,9898,2016-10-29,14.4,23.0,1.4,965.8,959.9
5592,9898,2016-10-30,11.0,12.0,1.7,960.3,956.8
5597,9898,2016-10-31,11.6,15.0,1.7,959.9,957.4
5600,9898,2016-11-01,13.9,15.0,1.4,960.2,957.4
5604,9898,2016-11-02,8.9,24.0,1.4,958.1,954.1
5608,9898,2016-11-03,10.0,5.0,1.1,955.0,952.6
5614,9898,2016-11-04,10.1,7.0,1.9,954.2,949.2
5616,9898,2016-11-05,9.6,9.0,1.7,949.2,939.6
5620,9898,2016-11-06,7.4,24.0,2.8,945.5,940.8
5627,9898,2016-11-07,5.9,26.0,2.2,947.5,944.1
5631,9898,2016-11-08,5.9,35.0,3.3,952.5,947.3
5633,9898,2016-11-09,8.0,29.0,3.6,955.9,949.2
5637,9898,2016-11-10,9.2,32.0,3.3,957.4,955.3
5640,9898,2016-11-11,10.6,26.0,3.6,957.0,955.0
5646,9898,2016-11-12,9.4,10.0,1.4,956.7,955.9
5651,9898,2016-11-13,12.6,30.0,1.1,958.1,956.3
5655,9898,2016-11-14,9.9,28.0,1.4,961.2,956.6
5659,9898,2016-11-15,7.1,31.0,1.1,964.6,961.2
5660,9898,2016-11-16,8.4,10.0,0.8,962.4,957.5
5664,9898,2016-11-17,8.9,7.0,1.9,957.5,952.5
5668,9898,2016-11-18,10.3,7.0,1.7,952.5,948.8
5675,9898,2016-11-19,9.2,25.0,2.5,951.5,948.3
5676,9898,2016-11-20,8.7,99.0,3.3,948.5,940.7
5680,9898,2016-11-21,10.0,11.0,2.8,942.7,938.4
5684,9898,2016-11-22,8.6,14.0,1.7,942.9,941.2
5691,9898,2016-11-23,7.9,11.0,1.7,942.9,937.7
5694,9898,2016-11-24,5.9,13.0,1.9,946.5,940.7
5698,9898,2016-11-25,4.6,12.0,2.2,949.0,946.0
5701,9898,2016-11-26,5.0,9.0,5.3,948.7,945.9
5704,9898,2016-11-27,9.9,17.0,3.3,948.3,946.3
5709,9898,2016-11-28,8.4,24.0,1.1,951.7,946.3
5713,9898,2016-11-29,6.8,10.0,2.5,963.7,951.7
5716,9898,2016-11-30,8.4,12.0,2.5,967.5,963.6
5721,9898,2016-12-01,7.3,25.0,1.1,965.1,958.4
5724,9898,2016-12-02,4.4,30.0,1.4,958.4,951.4
5728,9898,2016-12-03,5.6,9.0,1.9,951.4,950.1
5734,9898,2016-12-04,10.1,8.0,4.2,954.0,950.4
5737,9898,2016-12-05,11.8,8.0,2.2,959.9,953.8
5741,9898,2016-12-06,10.9,24.0,1.1,963.7,959.9
5746,9898,2016-12-07,8.6,12.0,1.1,968.3,963.7
5751,9898,2016-12-08,4.8,25.0,1.4,969.7,968.3
5755,9898,2016-12-09,4.6,32.0,1.4,969.7,965.5
5757,9898,2016-12-10,2.8,99.0,0.8,965.5,962.5
5760,9898,2016-12-11,2.7,28.0,0.8,962.6,958.9
5767,9898,2016-12-12,2.2,13.0,1.1,960.1,958.2
5768,9898,2016-12-13,2.6,10.0,1.4,960.0,958.8
5773,9898,2016-12-14,4.5,8.0,1.9,958.8,955.9
5776,9898,2016-12-15,6.1,11.0,1.7,957.2,955.3
5780,9898,2016-12-16,8.2,11.0,3.3,962.6,953.5
5785,9898,2016-12-17,9.0,11.0,1.1,968.1,962.6
5788,9898,2016-12-18,6.6,4.0,1.4,968.1,958.8
5794,9898,2016-12-19,2.0,29.0,1.4,958.8,949.4
5796,9898,2016-12-20,4.3,26.0,1.1,957.2,949.4
5803,9898,2016-12-21,3.8,9.0,1.4,965.0,957.1
5807,9898,2016-12-22,4.8,24.0,1.1,969.3,964.6
5811,9898,2016-12-23,5.0,31.0,1.1,970.0,969.0
5812,9898,2016-12-24,4.4,9.0,1.4,970.8,970.0
5818,9898,2016-12-25,3.8,32.0,1.1,970.5,966.0
5820,9898,2016-12-26,2.6,29.0,1.1,967.3,965.9
5826,9898,2016-12-27,2.6,14.0,0.8,970.4,966.9
5828,9898,2016-12-28,0.1,26.0,1.4,972.2,969.4
5835,9898,2016-12-29,-2.0,27.0,1.7,969.6,966.9
5838,9898,2016-12-30,-1.1,8.0,0.6,971.0,968.3
5843,9898,2016-12-31,0.8,21.0,1.4,968.7,964.5
5846,9898,2017-01-01,-0.5,13.0,0.8,964.5,957.1
5848,9898,2017-01-02,-0.6,31.0,1.1,957.4,956.5
5853,9898,2017-01-03,1.6,9.0,1.4,959.1,956.5
5858,9898,2017-01-04,1.6,10.0,0.8,959.3,956.3
5862,9898,2017-01-05,1.6,10.0,1.4,960.2,955.4
5866,9898,2017-01-06,0.6,9.0,1.4,963.9,960.1
5869,9898,2017-01-07,1.4,10.0,1.1,964.7,962.3
5875,9898,2017-01-08,2.4,30.0,1.1,963.7,958.9
5876,9898,2017-01-09,3.1,10.0,1.7,959.5,954.5
5883,9898,2017-01-10,6.0,25.0,3.1,954.5,947.2
5885,9898,2017-01-11,10.0,33.0,2.2,958.3,949.4
5888,9898,2017-01-12,8.4,31.0,1.4,958.3,951.3
5894,9898,2017-01-13,4.0,30.0,3.3,956.3,950.0
5897,9898,2017-01-14,3.5,99.0,2.2,958.5,955.9
5901,9898,2017-01-15,4.4,34.0,3.1,958.1,955.3
5905,9898,2017-01-16,8.8,35.0,3.9,955.3,949.2
5909,9898,2017-01-17,1.8,34.0,2.5,953.1,947.6
5912,9898,2017-01-18,-2.0,25.0,1.4,956.3,952.7
5916,9898,2017-01-19,0.2,4.0,1.7,956.6,956.1
5923,9898,2017-01-20,4.3,4.0,1.1,956.2,955.1
5927,9898,2017-01-21,4.6,12.0,1.7,955.6,951.9
5929,9898,2017-01-22,4.8,27.0,2.2,952.8,950.4
5935,9898,2017-01-23,5.8,24.0,1.7,954.1,951.3
5939,9898,2017-01-24,6.6,24.0,2.2,955.7,952.7
5941,9898,2017-01-25,0.8,10.0,1.9,954.4,951.5
5945,9898,2017-01-26,2.6,9.0,4.2,953.1,949.8
5948,9898,2017-01-27,6.5,10.0,5.3,950.0,945.5
5955,9898,2017-01-28,7.2,26.0,1.9,957.8,947.5
5957,9898,2017-01-29,5.0,14.0,1.7,959.2,957.5
5963,9898,2017-01-30,9.2,8.0,1.4,957.8,954.0
5966,9898,2017-01-31,11.2,99.0,1.7,954.0,952.3
5968,9898,2017-02-01,9.2,99.0,1.1,952.6,950.9
5975,9898,2017-02-02,6.6,19.0,2.2,951.1,945.9
5977,9898,2017-02-03,6.0,9.0,2.5,951.3,946.6
5983,9898,2017-02-04,7.8,10.0,2.2,949.3,944.2
5987,9898,2017-02-05,5.4,26.0,5.0,953.8,941.6
5991,9898,2017-02-06,7.4,29.0,3.9,955.5,952.0
5994,9898,2017-02-07,10.2,26.0,2.5,954.7,952.7
6001,9898,2017-02-09,5.0,34.0,1.4,957.0,950.2
6007,9898,2017-02-10,6.3,12.0,4.2,951.6,948.1
6011,9898,2017-02-11,5.8,99.0,3.9,951.7,945.9
6014,9898,2017-02-12,9.8,11.0,8.6,945.9,944.2
6019,9898,2017-02-13,9.8,12.0,6.9,951.2,943.1
6021,9898,2017-02-14,9.2,99.0,1.7,963.7,951.2
6026,9898,2017-02-15,10.1,9.0,1.9,967.5,963.7
6029,9898,2017-02-16,10.4,11.0,0.8,967.5,964.4
6032,9898,2017-02-17,9.9,99.0,1.4,965.2,959.5
6037,9898,2017-02-18,8.3,26.0,1.4,959.5,954.6
6040,9898,2017-02-19,7.7,22.0,1.7,962.3,957.2
6044,9898,2017-02-20,8.1,25.0,1.4,962.2,959.2
6051,9898,2017-02-21,8.7,24.0,1.4,961.0,957.8
6054,9898,2017-02-22,10.4,99.0,1.1,958.9,955.1
6058,9898,2017-02-23,10.2,6.0,1.1,955.1,949.2
6061,9898,2017-02-24,9.8,28.0,1.4,952.7,946.8
6064,9898,2017-02-25,7.0,26.0,1.9,956.4,952.3
6069,9898,2017-02-26,8.4,99.0,1.4,957.1,952.5
6075,9898,2017-02-27,9.6,22.0,1.4,952.5,946.2
6078,9898,2017-02-28,8.4,27.0,2.8,951.5,944.4
6080,9898,2017-03-01,8.6,27.0,1.4,955.3,951.5
6084,9898,2017-03-02,11.3,7.0,1.1,955.6,951.3
6090,9898,2017-03-03,9.4,11.0,7.5,951.3,931.8
6094,9898,2017-03-04,7.0,26.0,2.8,946.9,930.7
6100,9898,2017-03-06,12.5,28.0,3.6,957.5,952.4
6104,9898,2017-03-07,10.2,31.0,5.3,958.6,955.4
6109,9898,2017-03-08,14.4,31.0,2.2,961.9,957.4
6115,9898,2017-03-09,15.7,30.0,1.7,961.7,958.1
6118,9898,2017-03-10,18.3,99.0,1.7,958.4,953.5
6120,9898,2017-03-11,15.9,10.0,1.1,955.3,950.5
6126,9898,2017-03-12,12.4,31.0,3.9,951.7,948.4
6131,9898,2017-03-13,13.2,14.0,2.5,962.9,951.0
6135,9898,2017-03-14,12.6,23.0,1.9,964.9,961.3
6142,9898,2017-03-16,14.0,18.0,1.9,960.6,957.1
6145,9898,2017-03-17,14.1,99.0,0.8,959.0,956.4
6148,9898,2017-03-18,13.2,25.0,2.2,957.6,953.6
6153,9898,2017-03-19,14.2,24.0,1.1,954.8,950.6
6156,9898,2017-03-20,14.8,18.0,1.4,951.2,948.5
6160,9898,2017-03-21,10.4,34.0,2.2,950.8,947.8
6164,9898,2017-03-22,8.4,24.0,1.9,950.5,942.8
6170,9898,2017-03-23,6.6,24.0,1.4,948.6,943.5
6172,9898,2017-03-24,7.5,33.0,1.1,951.4,947.2
6178,9898,2017-03-25,3.2,25.0,3.3,952.5,943.7
6182,9898,2017-03-26,9.6,9.0,4.4,954.5,951.1
6187,9898,2017-03-27,9.1,6.0,3.3,959.7,951.4
6191,9898,2017-03-28,12.0,29.0,1.7,962.4,959.1
6193,9898,2017-03-29,13.0,26.0,1.4,962.9,959.8
6196,9898,2017-03-30,14.3,12.0,4.2,961.0,957.1
6202,9898,2017-03-31,13.4,16.0,2.5,957.7,951.7
6207,9898,2017-04-01,9.8,31.0,3.6,954.4,950.8
6208,9898,2017-04-02,10.2,30.0,3.3,957.0,952.5
6212,9898,2017-04-03,10.6,24.0,2.2,958.7,956.5
6217,9898,2017-04-04,12.7,25.0,1.7,958.7,955.3
6221,9898,2017-04-05,12.8,99.0,1.9,957.9,953.2
6227,9898,2017-04-06,13.4,25.0,1.9,955.7,951.1
6229,9898,2017-04-07,12.7,11.0,1.4,956.8,954.7
6235,9898,2017-04-08,16.0,8.0,1.4,958.1,955.3
6239,9898,2017-04-09,15.0,14.0,2.8,960.4,957.2
6241,9898,2017-04-10,16.4,35.0,1.7,960.6,956.8
6246,9898,2017-04-11,16.0,24.0,2.5,958.1,954.0
6249,9898,2017-04-12,14.6,10.0,1.7,957.1,953.3
6253,9898,2017-04-13,17.6,23.0,1.7,954.3,949.9
6259,9898,2017-04-14,18.4,24.0,1.9,953.4,950.6
6260,9898,2017-04-15,14.8,27.0,2.2,956.9,952.7
6264,9898,2017-04-16,13.2,24.0,1.7,958.4,954.3
6268,9898,2017-04-17,15.7,13.0,1.7,954.9,951.0
6274,9898,2017-04-18,16.4,26.0,1.9,953.2,949.5
6276,9898,2017-04-19,13.4,9.0,3.1,958.2,952.5
6280,9898,2017-04-20,12.2,12.0,3.1,962.1,958.0
6286,9898,2017-04-21,11.6,18.0,2.2,963.2,960.8
6288,9898,2017-04-22,13.6,8.0,1.7,962.4,955.2
6293,9898,2017-04-23,16.2,25.0,1.4,955.8,951.7
6299,9898,2017-04-24,16.8,12.0,2.5,952.9,948.5
6301,9898,2017-04-25,14.2,10.0,2.8,948.8,942.2
6307,9898,2017-04-26,10.1,29.0,2.2,948.3,941.9
6310,9898,2017-04-27,8.0,12.0,1.4,952.6,946.5
6314,9898,2017-04-28,7.6,23.0,1.4,953.1,950.3
6316,9898,2017-04-29,9.5,12.0,3.9,951.5,947.5
6320,9898,2017-04-30,10.1,32.0,2.8,949.3,943.1
6326,9898,2017-05-01,9.3,28.0,2.5,955.6,949.3
6329,9898,2017-05-02,14.0,28.0,2.8,955.5,952.8
6332,9898,2017-05-03,13.9,9.0,1.9,953.6,949.8
6337,9898,2017-05-04,16.5,11.0,3.1,950.8,946.3
6342,9898,2017-05-05,17.6,12.0,5.6,949.4,944.3
6344,9898,2017-05-06,14.8,26.0,2.8,955.9,946.8
6350,9898,2017-05-07,16.5,28.0,2.8,956.5,952.8
6352,9898,2017-05-08,16.6,24.0,1.7,954.5,949.8
6356,9898,2017-05-09,16.2,7.0,3.1,950.0,941.9
6360,9898,2017-05-10,17.2,15.0,3.9,943.8,937.6
6366,9898,2017-05-11,15.3,12.0,2.5,941.1,935.0
6371,9898,2017-05-12,15.0,26.0,1.7,948.4,940.9
6375,9898,2017-05-13,16.0,27.0,1.7,956.2,948.4
6379,9898,2017-05-14,18.6,30.0,1.9,961.9,955.9
6381,9898,2017-05-15,19.9,99.0,1.4,964.1,960.9
6385,9898,2017-05-16,21.8,11.0,1.7,962.5,958.6
6389,9898,2017-05-17,20.0,12.0,4.7,959.6,951.2
6393,9898,2017-05-18,11.8,24.0,2.2,952.7,948.7
6397,9898,2017-05-19,11.8,32.0,2.5,957.4,952.5
6402,9898,2017-05-20,14.8,23.0,2.2,959.6,957.2
6405,9898,2017-05-21,18.1,9.0,3.1,958.6,952.6
6409,9898,2017-05-22,20.6,9.0,2.2,955.2,951.3
6414,9898,2017-05-23,21.0,6.0,1.4,957.5,955.2
6418,9898,2017-05-24,23.0,21.0,1.7,957.7,953.7
6423,9898,2017-05-25,24.6,6.0,1.9,954.5,949.1
6426,9898,2017-05-26,23.4,12.0,4.2,952.8,949.1
6428,9898,2017-05-27,22.6,99.0,6.1,955.2,951.3
6433,9898,2017-05-28,22.2,12.0,5.6,956.2,952.6
6438,9898,2017-05-29,20.3,12.0,3.3,954.0,950.8
6440,9898,2017-05-30,21.0,6.0,2.2,955.3,951.4
6446,9898,2017-05-31,20.1,20.0,1.9,956.6,953.5
6448,9898,2017-06-01,22.0,12.0,1.9,956.6,953.0
6452,9898,2017-06-02,22.2,28.0,2.2,955.4,952.0
6459,9898,2017-06-03,18.6,28.0,1.7,955.0,951.0
6460,9898,2017-06-04,14.1,10.0,1.4,955.7,951.5
6465,9898,2017-06-05,17.1,23.0,2.8,952.3,949.1
6469,9898,2017-06-06,17.3,33.0,2.8,954.7,948.4
6474,9898,2017-06-07,17.1,29.0,1.4,958.2,954.7
6478,9898,2017-06-08,21.8,9.0,3.6,955.9,949.4
6483,9898,2017-06-09,22.2,15.0,2.8,954.3,951.1
6484,9898,2017-06-10,23.6,10.0,2.5,955.7,953.1
6489,9898,2017-06-11,26.2,9.0,1.9,955.4,952.0
6495,9898,2017-06-12,26.0,14.0,2.2,955.4,951.4
6498,9898,2017-06-13,26.8,12.0,3.6,952.3,949.5
6500,9898,2017-06-14,27.4,10.0,3.1,952.5,949.3
6505,9898,2017-06-15,27.8,30.0,1.7,956.6,951.5
6509,9898,2017-06-16,25.0,22.0,2.5,958.4,954.8
6513,9898,2017-06-17,27.6,23.0,1.9,956.1,951.0
6518,9898,2017-06-18,27.0,13.0,3.3,954.9,950.9
6521,9898,2017-06-19,26.9,12.0,5.0,958.0,953.4
6527,9898,2017-06-20,26.4,6.0,2.5,956.8,953.0
6531,9898,2017-06-21,27.0,99.0,1.7,954.6,951.9
6534,9898,2017-06-22,28.6,8.0,1.1,956.2,953.0
6539,9898,2017-06-23,28.8,11.0,1.9,957.8,953.9
6543,9898,2017-06-24,25.7,27.0,1.9,956.4,952.2
6544,9898,2017-06-25,23.4,28.0,3.3,955.1,950.0
6548,9898,2017-06-26,22.2,9.0,2.5,952.3,947.6
6552,9898,2017-06-27,24.0,25.0,2.8,948.3,942.3
6559,9898,2017-06-28,19.5,34.0,2.2,945.1,940.4
6563,9898,2017-06-29,17.1,29.0,3.1,949.4,944.7
6567,9898,2017-06-30,14.8,28.0,3.3,955.0,948.1
6570,9898,2017-07-01,16.2,34.0,3.9,958.9,954.9
6573,9898,2017-07-02,18.7,26.0,2.5,959.9,956.8
6579,9898,2017-07-03,20.6,14.0,1.9,959.6,955.7
6580,9898,2017-07-04,24.9,11.0,3.6,956.8,952.2
6587,9898,2017-07-05,25.5,12.0,5.3,956.4,950.6
6591,9898,2017-07-06,23.8,9.0,2.2,957.0,951.8
6593,9898,2017-07-07,27.1,13.0,4.4,956.4,952.6
6598,9898,2017-07-08,23.8,8.0,3.3,954.9,949.4
6602,9898,2017-07-09,23.2,26.0,1.4,951.4,948.4
6604,9898,2017-07-10,24.8,13.0,2.2,951.9,948.7
6611,9898,2017-07-11,25.0,99.0,3.1,953.7,951.3
6615,9898,2017-07-12,28.0,30.0,1.9,955.7,953.3
6619,9898,2017-07-13,27.2,28.0,3.3,956.7,952.3
6621,9898,2017-07-14,23.4,25.0,2.2,955.9,952.7
6627,9898,2017-07-15,22.8,99.0,1.7,956.9,953.6
6630,9898,2017-07-16,26.2,10.0,2.2,957.6,953.9
6634,9898,2017-07-17,26.2,12.0,5.6,956.0,952.3
6636,9898,2017-07-18,25.6,12.0,5.6,954.2,948.6
6640,9898,2017-07-19,25.8,6.0,5.8,952.2,947.8
6644,9898,2017-07-20,24.2,19.0,1.7,951.3,947.0
6648,9898,2017-07-21,22.2,11.0,3.9,950.2,947.6
6652,9898,2017-07-22,24.4,19.0,2.5,954.0,949.7
6658,9898,2017-07-23,23.6,19.0,1.9,956.4,952.6
6663,9898,2017-07-24,22.0,32.0,4.2,954.5,952.3
6664,9898,2017-07-25,21.5,24.0,2.5,953.5,949.4
6669,9898,2017-07-26,22.6,30.0,2.5,952.6,949.2
6673,9898,2017-07-27,26.6,24.0,2.8,952.6,948.7
6677,9898,2017-07-28,27.2,13.0,2.2,953.9,951.1
6683,9898,2017-07-29,27.2,16.0,3.1,954.1,950.2
6685,9898,2017-07-30,28.5,10.0,3.1,951.3,946.8
6689,9898,2017-07-31,27.6,12.0,5.0,949.2,944.7
6693,9898,2017-08-01,25.0,12.0,3.1,955.3,947.9
6696,9898,2017-08-02,28.4,18.0,2.8,956.9,953.3
6703,9898,2017-08-03,30.0,18.0,1.7,955.0,951.5
6707,9898,2017-08-04,29.9,26.0,2.5,954.2,950.6
6708,9898,2017-08-05,26.9,10.0,2.5,953.6,950.6
6715,9898,2017-08-06,22.5,13.0,2.2,956.5,952.3
6716,9898,2017-08-07,26.3,13.0,5.0,953.9,947.2
6722,9898,2017-08-08,21.4,31.0,3.6,953.5,947.3
6724,9898,2017-08-09,16.1,26.0,1.9,957.0,952.7
6729,9898,2017-08-10,17.5,34.0,3.6,958.1,955.7
6734,9898,2017-08-11,19.8,27.0,2.2,957.8,954.8
6738,9898,2017-08-12,21.1,24.0,1.9,959.1,955.0
6743,9898,2017-08-13,23.7,8.0,2.2,956.7,952.5
6745,9898,2017-08-14,25.0,13.0,4.4,955.3,952.1
6751,9898,2017-08-15,25.4,12.0,3.6,956.3,953.2
6752,9898,2017-08-16,25.2,24.0,1.7,957.1,954.3
6757,9898,2017-08-17,26.0,7.0,2.2,957.3,953.7
6762,9898,2017-08-18,27.2,28.0,2.5,955.0,950.9
6765,9898,2017-08-19,23.4,99.0,1.9,957.0,953.4
6771,9898,2017-08-20,21.1,25.0,2.2,958.9,955.3
6774,9898,2017-08-21,24.8,13.0,2.5,957.7,953.8
6778,9898,2017-08-22,27.0,10.0,3.1,955.4,950.4
6782,9898,2017-08-23,25.7,14.0,3.6,958.0,952.3
6787,9898,2017-08-24,24.0,99.0,3.6,957.1,951.6
6791,9898,2017-08-25,26.2,10.0,5.6,954.4,951.0
6793,9898,2017-08-26,26.6,14.0,4.4,955.0,951.5
6799,9898,2017-08-27,25.0,12.0,2.2,955.6,952.3
6801,9898,2017-08-28,24.8,26.0,2.8,954.2,950.2
6806,9898,2017-08-29,22.2,12.0,3.6,953.6,950.7
6810,9898,2017-08-30,22.4,12.0,3.1,953.0,949.9
6815,9898,2017-08-31,20.0,24.0,2.5,955.9,951.9
6818,9898,2017-09-01,17.5,28.0,3.1,956.7,953.7
6823,9898,2017-09-02,18.9,22.0,2.2,957.7,954.4
6825,9898,2017-09-03,20.2,29.0,1.7,955.1,949.3
6828,9898,2017-09-04,22.6,20.0,1.4,957.7,949.1
6833,9898,2017-09-05,23.8,99.0,1.7,959.2,956.3
6838,9898,2017-09-06,22.0,29.0,2.2,959.0,954.6
6841,9898,2017-09-07,19.6,20.0,2.2,956.0,951.0
6844,9898,2017-09-08,19.2,26.0,1.9,952.8,945.5
6848,9898,2017-09-09,17.1,1.0,2.8,945.5,942.2
6855,9898,2017-09-10,15.8,27.0,3.3,949.2,944.8
6859,9898,2017-09-11,19.4,29.0,3.1,949.6,947.6
6863,9898,2017-09-12,18.2,35.0,3.3,957.2,949.5
6864,9898,2017-09-13,20.4,9.0,1.7,959.4,954.8
6868,9898,2017-09-14,19.4,27.0,2.8,954.8,952.0
6872,9898,2017-09-15,12.3,99.0,1.4,953.1,949.5
6876,9898,2017-09-16,12.5,28.0,2.2,952.8,949.0
6881,9898,2017-09-17,14.5,24.0,1.4,955.0,952.2
6884,9898,2017-09-18,15.8,30.0,2.2,956.1,952.0
6890,9898,2017-09-19,15.6,28.0,2.2,957.2,955.0
6893,9898,2017-09-20,15.8,20.0,1.4,957.3,954.0
6896,9898,2017-09-21,18.8,8.0,2.2,955.2,952.3
6900,9898,2017-09-22,17.1,7.0,2.8,958.6,954.9
6906,9898,2017-09-23,18.1,14.0,1.4,958.2,955.0
6908,9898,2017-09-24,21.2,23.0,1.4,957.3,954.3
6912,9898,2017-09-25,20.4,28.0,2.2,956.0,953.1
6916,9898,2017-09-26,17.9,24.0,1.4,957.7,955.1
6922,9898,2017-09-27,18.5,14.0,2.5,959.7,956.4
6927,9898,2017-09-28,20.0,99.0,2.2,961.2,958.7
6929,9898,2017-09-29,20.0,18.0,1.4,959.8,956.2
6932,9898,2017-09-30,17.0,8.0,1.4,957.3,955.3
6938,9898,2017-10-01,17.0,24.0,1.4,958.4,955.8
6940,9898,2017-10-02,20.0,24.0,0.8,959.8,957.7
6947,9898,2017-10-03,19.1,9.0,2.2,959.3,956.5
6950,9898,2017-10-04,20.4,16.0,1.7,961.5,958.7
6953,9898,2017-10-05,21.5,24.0,1.7,960.0,954.3
6958,9898,2017-10-06,19.2,32.0,2.2,956.6,952.7
6960,9898,2017-10-07,14.8,11.0,1.7,959.8,956.5
6965,9898,2017-10-08,17.0,23.0,1.9,957.6,953.9
6971,9898,2017-10-09,17.4,99.0,0.8,957.3,954.8
6974,9898,2017-10-10,17.9,23.0,1.4,957.9,955.4
6978,9898,2017-10-11,18.4,11.0,1.9,960.0,957.2
6983,9898,2017-10-12,19.2,22.0,1.7,963.0,959.8
6984,9898,2017-10-13,19.7,10.0,1.9,962.7,959.8
6989,9898,2017-10-14,18.8,12.0,3.1,963.0,960.8
6992,9898,2017-10-15,19.2,10.0,2.5,964.1,960.9
6997,9898,2017-10-16,18.8,9.0,3.3,963.1,960.2
7001,9898,2017-10-17,17.0,11.0,3.9,960.6,954.1
7006,9898,2017-10-18,13.6,18.0,4.4,954.1,945.3
7011,9898,2017-10-19,13.4,29.0,1.4,950.1,946.0
7013,9898,2017-10-20,14.4,12.0,1.9,957.3,950.1
7018,9898,2017-10-21,16.6,30.0,1.7,959.9,956.1
7023,9898,2017-10-22,13.0,30.0,2.8,960.8,958.3
7026,9898,2017-10-23,13.0,99.0,1.1,961.7,958.6
7028,9898,2017-10-24,15.8,25.0,0.8,961.0,958.5
7033,9898,2017-10-25,18.5,6.0,1.7,961.7,959.1
7037,9898,2017-10-26,19.0,6.0,1.4,963.6,961.3
7041,9898,2017-10-27,17.8,29.0,1.9,963.4,958.7
7044,9898,2017-10-28,15.2,24.0,1.9,961.1,958.3
7050,9898,2017-10-29,12.6,28.0,1.4,958.8,953.2
7055,9898,2017-10-30,13.4,24.0,1.1,956.2,951.0
7059,9898,2017-10-31,10.6,8.0,1.7,958.5,956.0
7061,9898,2017-11-01,13.6,10.0,2.8,959.1,956.1
7065,9898,2017-11-02,14.2,9.0,2.8,956.7,953.0
7068,9898,2017-11-03,14.7,14.0,3.1,953.0,948.7
7073,9898,2017-11-04,13.2,33.0,1.1,949.2,946.3
7078,9898,2017-11-05,10.4,31.0,3.6,955.5,947.7
7080,9898,2017-11-06,8.0,99.0,3.1,955.5,951.5
7084,9898,2017-11-07,7.0,99.0,1.9,953.1,950.5
7088,9898,2017-11-08,8.0,28.0,2.5,956.7,952.8
7095,9898,2017-11-09,8.6,31.0,2.5,959.4,955.4
7097,9898,2017-11-10,10.0,32.0,2.5,961.1,958.1
7100,9898,2017-11-11,13.6,33.0,2.8,959.5,956.0
7106,9898,2017-11-12,12.6,28.0,3.1,956.0,948.9
7111,9898,2017-11-13,7.3,29.0,3.1,952.9,947.0
7115,9898,2017-11-14,7.2,24.0,1.4,955.7,951.5
7118,9898,2017-11-15,6.0,24.0,1.1,955.7,953.0
7123,9898,2017-11-16,8.2,6.0,1.1,956.7,954.4
7127,9898,2017-11-17,8.4,34.0,1.1,956.7,954.3
7129,9898,2017-11-18,9.2,30.0,1.4,956.9,954.6
7132,9898,2017-11-19,7.4,24.0,1.1,958.0,955.9
7137,9898,2017-11-20,8.3,26.0,1.1,959.4,957.0
7142,9898,2017-11-21,9.0,24.0,1.1,958.2,955.0
7147,9898,2017-11-22,10.0,11.0,1.7,955.0,949.6
7149,9898,2017-11-23,11.9,9.0,2.2,955.3,950.5
7154,9898,2017-11-24,13.2,26.0,1.1,955.7,953.2
7159,9898,2017-11-25,9.6,28.0,2.8,958.1,951.8
7161,9898,2017-11-26,7.2,31.0,1.9,963.6,957.9
7165,9898,2017-11-27,4.0,10.0,2.2,964.3,957.5
7168,9898,2017-11-28,5.2,26.0,1.9,957.5,945.3
7173,9898,2017-11-29,5.6,28.0,1.4,945.3,940.9
7177,9898,2017-11-30,3.7,30.0,2.5,951.0,945.0
7182,9898,2017-12-01,2.2,29.0,2.8,952.0,945.4
7186,9898,2017-12-02,2.6,34.0,3.6,954.5,948.4
7190,9898,2017-12-03,3.2,32.0,1.7,963.7,954.5
7194,9898,2017-12-04,3.0,10.0,1.7,968.7,963.7
7199,9898,2017-12-05,2.6,26.0,1.1,970.0,968.0
7203,9898,2017-12-06,3.2,6.0,0.8,968.8,965.9
7207,9898,2017-12-07,2.9,26.0,1.4,966.1,961.6
7211,9898,2017-12-08,6.6,34.0,2.5,961.7,956.3
7215,9898,2017-12-09,6.6,99.0,1.9,957.4,953.2
7219,9898,2017-12-10,5.7,7.0,1.7,953.2,929.9
7220,9898,2017-12-11,5.7,28.0,1.7,940.3,924.3
7224,9898,2017-12-12,4.8,30.0,2.5,957.2,940.3
7230,9898,2017-12-13,2.8,26.0,1.1,959.1,955.0
7235,9898,2017-12-14,7.9,23.0,1.9,955.0,944.8
7239,9898,2017-12-15,5.4,35.0,2.5,947.6,942.8
7241,9898,2017-12-16,5.0,30.0,2.2,958.5,947.5
7246,9898,2017-12-17,5.0,31.0,1.4,964.3,958.4
7249,9898,2017-12-18,5.6,32.0,2.5,963.9,955.6
7252,9898,2017-12-19,5.0,26.0,1.4,966.5,957.9
7258,9898,2017-12-20,4.4,12.0,2.2,967.7,963.2
7263,9898,2017-12-21,4.0,11.0,1.4,970.3,967.2
7267,9898,2017-12-22,4.8,8.0,1.1,969.0,965.8
7268,9898,2017-12-23,2.0,10.0,1.4,970.0,966.8
7275,9898,2017-12-24,2.2,24.0,0.8,969.0,962.9
7276,9898,2017-12-25,1.7,10.0,2.2,962.9,954.5
7281,9898,2017-12-26,4.3,25.0,1.1,954.7,939.4
7287,9898,2017-12-27,4.5,28.0,3.6,943.8,935.6
7288,9898,2017-12-28,4.2,31.0,2.2,949.8,942.7
7295,9898,2017-12-29,7.9,30.0,2.8,958.1,949.3
7298,9898,2017-12-30,11.0,27.0,1.7,960.0,956.8
7300,9898,2017-12-31,7.2,32.0,1.4,959.5,953.1
7306,9898,2018-01-01,5.4,29.0,1.7,963.3,957.3
7310,9898,2018-01-02,9.4,27.0,2.5,961.1,959.2
7313,9898,2018-01-03,13.4,99.0,2.8,961.9,958.4
7319,9898,2018-01-04,12.6,28.0,2.5,958.8,952.4
7322,9898,2018-01-05,10.1,21.0,1.4,952.4,940.3
7325,9898,2018-01-06,6.2,12.0,4.2,940.3,931.7
7329,9898,2018-01-07,5.6,8.0,3.9,943.5,932.6
7332,9898,2018-01-08,2.2,29.0,1.7,948.6,942.9
7337,9898,2018-01-09,2.2,25.0,1.1,952.8,948.5
7343,9898,2018-01-10,6.0,26.0,1.4,952.2,949.0
7346,9898,2018-01-11,4.4,30.0,2.8,955.5,950.0
7350,9898,2018-01-12,5.6,34.0,1.7,957.4,955.1
7353,9898,2018-01-13,3.8,9.0,3.3,956.7,950.1
7357,9898,2018-01-14,4.4,99.0,1.7,955.6,949.3
7361,9898,2018-01-15,3.3,29.0,0.8,960.3,955.4
7400,9898,2018-01-25,6.5,10.0,2.5,958.8,949.4
7404,9898,2018-01-26,5.4,35.0,1.9,956.6,948.4
7408,9898,2018-01-27,6.4,33.0,1.4,968.2,956.6
7413,9898,2018-01-28,7.8,18.0,1.1,972.0,968.1
7419,9898,2018-01-29,7.4,24.0,1.4,971.3,966.0
7420,9898,2018-01-30,7.8,28.0,0.8,966.3,961.6
7427,9898,2018-01-31,7.0,99.0,1.1,962.0,951.6
7428,9898,2018-02-01,4.9,99.0,2.2,951.6,940.4
7435,9898,2018-02-02,4.1,34.0,2.8,948.0,941.7
7437,9898,2018-02-03,3.9,27.0,2.8,948.9,945.2
7443,9898,2018-02-04,2.8,10.0,3.3,946.2,944.3
7446,9898,2018-02-05,3.6,10.0,2.2,944.4,941.8
7451,9898,2018-02-06,2.4,34.0,1.4,944.0,942.1
7453,9898,2018-02-07,2.6,28.0,1.7,951.1,943.9
7457,9898,2018-02-08,2.8,28.0,2.8,953.1,950.0
7462,9898,2018-02-09,1.6,28.0,1.9,953.1,950.2
7467,9898,2018-02-10,4.7,36.0,3.3,954.3,951.2
7469,9898,2018-02-11,7.8,33.0,2.2,952.8,950.1
7475,9898,2018-02-12,4.6,30.0,2.5,953.8,949.3
7477,9898,2018-02-13,-0.4,32.0,1.1,953.8,949.5
7483,9898,2018-02-14,5.6,28.0,1.7,953.6,949.3
7487,9898,2018-02-15,11.4,28.0,1.4,959.3,953.4
7488,9898,2018-02-16,12.5,12.0,1.9,959.6,956.2
7492,9898,2018-02-17,8.8,29.0,2.5,957.3,954.2
7496,9898,2018-02-18,6.6,36.0,1.1,957.4,952.9
7502,9898,2018-02-19,8.8,28.0,1.4,953.0,948.9
7505,9898,2018-02-20,10.6,31.0,3.9,949.0,945.6
7509,9898,2018-02-21,6.8,36.0,3.3,945.6,942.4
7514,9898,2018-02-22,4.6,36.0,2.8,943.2,938.8
7518,9898,2018-02-23,2.2,25.0,1.7,942.1,939.9
7520,9898,2018-02-24,2.9,26.0,1.4,944.9,941.9
7525,9898,2018-02-25,6.1,26.0,1.9,945.8,942.9
7528,9898,2018-02-26,5.6,99.0,2.2,944.1,937.4
7535,9898,2018-02-27,0.5,14.0,2.5,942.6,940.7
7537,9898,2018-02-28,2.0,9.0,7.5,940.9,930.1
7540,9898,2018-03-01,7.1,10.0,6.1,931.3,922.0
7544,9898,2018-03-02,4.7,99.0,3.1,937.3,927.8
7548,9898,2018-03-03,9.3,26.0,2.2,937.3,931.2
7553,9898,2018-03-04,9.2,99.0,1.9,935.0,932.2
7559,9898,2018-03-05,8.3,99.0,2.2,933.4,926.5
7561,9898,2018-03-06,7.7,24.0,1.4,937.2,930.3
7565,9898,2018-03-07,6.0,28.0,1.9,946.0,937.1
7569,9898,2018-03-08,8.0,11.0,1.4,947.8,943.4
7575,9898,2018-03-09,11.6,11.0,2.5,948.7,943.8
7578,9898,2018-03-10,12.3,26.0,3.3,943.9,938.4
7583,9898,2018-03-11,10.0,26.0,2.2,939.6,935.9
7586,9898,2018-03-12,8.8,34.0,1.7,950.7,939.6
7590,9898,2018-03-13,8.0,26.0,1.4,951.4,949.4
7594,9898,2018-03-14,8.4,10.0,3.9,950.5,935.5
7597,9898,2018-03-15,9.5,25.0,1.9,939.2,934.3
7602,9898,2018-03-16,8.2,24.0,1.4,940.9,938.1
7607,9898,2018-03-17,4.0,28.0,1.4,939.1,932.7
7609,9898,2018-03-18,5.4,27.0,2.8,943.2,933.2
7614,9898,2018-03-19,4.9,25.0,1.9,943.3,936.1
7618,9898,2018-03-20,5.0,99.0,2.8,951.9,939.1
7622,9898,2018-03-21,5.4,33.0,2.2,957.2,951.7
7626,9898,2018-03-22,6.0,30.0,2.8,956.7,949.5
7631,9898,2018-03-23,8.2,30.0,2.5,949.5,934.2
7633,9898,2018-03-24,7.3,34.0,3.3,938.3,930.1
7636,9898,2018-03-25,7.6,27.0,2.2,948.2,938.3
7642,9898,2018-03-26,8.6,33.0,3.6,956.0,948.2
7646,9898,2018-03-27,11.2,99.0,3.6,956.6,954.8
7649,9898,2018-03-28,13.2,25.0,2.2,954.9,946.3
7652,9898,2018-03-29,10.4,27.0,1.7,946.6,940.7
7656,9898,2018-03-30,9.6,25.0,1.4,941.1,936.6
7660,9898,2018-03-31,6.5,32.0,3.6,951.8,936.0
7666,9898,2018-04-01,8.4,10.0,1.9,953.1,948.2
7670,9898,2018-04-02,11.8,12.0,5.0,948.5,942.0
7673,9898,2018-04-03,13.0,17.0,2.5,944.5,941.4
7677,9898,2018-04-04,11.4,26.0,1.7,952.6,943.3
7681,9898,2018-04-05,11.2,9.0,1.7,956.0,951.9
7684,9898,2018-04-06,13.5,11.0,5.8,952.0,946.0
7689,9898,2018-04-07,12.5,13.0,6.1,946.6,940.6
7693,9898,2018-04-08,9.2,99.0,2.5,941.7,939.7
7696,9898,2018-04-09,7.0,3.0,3.1,943.9,940.7
7700,9898,2018-04-10,5.5,10.0,4.7,941.9,930.8
7706,9898,2018-04-11,4.6,8.0,3.3,934.6,926.5
7711,9898,2018-04-12,7.4,28.0,1.9,939.4,934.3
7714,9898,2018-04-13,9.4,13.0,3.6,949.8,938.3
7718,9898,2018-04-14,10.8,13.0,2.2,953.5,949.7
7722,9898,2018-04-15,12.6,32.0,1.9,952.9,948.1
7725,9898,2018-04-16,12.4,25.0,1.4,956.5,946.7
7730,9898,2018-04-17,14.0,25.0,1.1,960.5,956.5
7735,9898,2018-04-18,17.4,14.0,2.8,961.8,959.8
7739,9898,2018-04-19,17.0,99.0,3.3,961.5,958.5
7741,9898,2018-04-20,16.0,13.0,3.3,959.6,956.9
7747,9898,2018-04-21,16.5,12.0,1.9,957.7,954.2
7749,9898,2018-04-22,16.5,10.0,2.8,955.1,952.3
7752,9898,2018-04-23,14.4,11.0,2.5,957.1,953.9
7756,9898,2018-04-24,17.1,11.0,1.7,956.8,953.3
7762,9898,2018-04-25,18.0,28.0,1.9,955.7,952.0
7765,9898,2018-04-26,14.8,24.0,2.5,955.0,949.8
7771,9898,2018-04-27,17.2,18.0,3.3,950.3,946.2
7774,9898,2018-04-28,15.8,24.0,3.9,948.1,940.9
7776,9898,2018-04-29,10.2,34.0,1.4,948.1,939.8
7782,9898,2018-04-30,9.4,28.0,1.4,949.1,947.0
7787,9898,2018-05-01,9.2,99.0,1.9,949.3,946.7
7790,9898,2018-05-02,11.0,22.0,2.8,949.0,946.1
7795,9898,2018-05-03,12.6,29.0,3.1,948.9,946.1
7797,9898,2018-05-04,12.9,24.0,2.2,951.6,947.3
7802,9898,2018-05-05,12.9,25.0,2.5,954.5,950.7
7806,9898,2018-05-06,17.0,24.0,1.1,954.4,951.9
7809,9898,2018-05-07,18.2,1.0,1.7,953.1,949.7
7813,9898,2018-05-08,18.0,20.0,2.2,949.7,945.5
7817,9898,2018-05-09,16.2,24.0,1.9,947.4,944.1
7821,9898,2018-05-10,15.8,24.0,1.9,953.9,946.6
7824,9898,2018-05-11,15.4,11.0,2.2,954.1,950.3
7829,9898,2018-05-12,14.0,28.0,3.3,951.6,946.4
7834,9898,2018-05-13,9.2,28.0,3.6,954.3,951.1
7839,9898,2018-05-14,10.6,34.0,3.3,953.5,950.1
7842,9898,2018-05-15,14.0,25.0,1.7,953.5,950.9
7845,9898,2018-05-16,14.9,31.0,1.7,953.9,950.5
7850,9898,2018-05-17,17.0,12.0,1.4,953.1,949.4
7854,9898,2018-05-18,16.2,10.0,1.1,953.8,951.8
7857,9898,2018-05-19,17.4,7.0,1.9,953.8,950.9
7862,9898,2018-05-20,16.3,13.0,2.8,953.1,949.0
7864,9898,2018-05-21,17.8,24.0,1.9,949.8,945.9
7868,9898,2018-05-22,17.2,24.0,1.4,952.7,948.5
7873,9898,2018-05-23,18.4,15.0,1.4,954.4,951.6
7879,9898,2018-05-24,19.2,13.0,3.1,954.0,950.3
7882,9898,2018-05-25,18.9,12.0,6.1,952.7,947.9
7885,9898,2018-05-26,18.8,14.0,5.8,951.2,948.5
7888,9898,2018-05-27,19.8,12.0,1.7,950.9,947.6
7892,9898,2018-05-28,16.4,16.0,2.2,951.4,948.6
7897,9898,2018-05-29,17.2,16.0,2.8,951.3,947.9
7903,9898,2018-05-30,15.8,10.0,2.8,951.1,948.8
7907,9898,2018-05-31,17.4,23.0,1.1,955.2,950.8
7910,9898,2018-06-01,19.8,9.0,2.8,956.0,953.1
7912,9898,2018-06-02,19.2,14.0,2.2,955.5,951.7
7916,9898,2018-06-03,18.2,12.0,2.5,952.8,949.0
7922,9898,2018-06-04,20.0,27.0,2.2,949.4,946.4
7925,9898,2018-06-05,18.2,24.0,1.9,947.8,945.9
7930,9898,2018-06-06,14.6,10.0,1.9,952.3,947.4
7935,9898,2018-06-07,16.6,8.0,1.4,952.5,950.5
7939,9898,2018-06-08,18.4,9.0,2.2,951.5,949.0
7951,9898,2018-06-11,18.2,26.0,1.9,948.9,946.6
7955,9898,2018-06-12,15.6,29.0,3.3,951.8,948.3
7957,9898,2018-06-13,18.3,28.0,3.6,952.0,949.4
7961,9898,2018-06-14,17.8,23.0,2.8,952.0,949.9
7966,9898,2018-06-15,19.0,24.0,1.7,952.2,949.8
7970,9898,2018-06-16,20.3,24.0,2.2,953.9,951.0
7975,9898,2018-06-17,19.0,20.0,2.5,956.9,953.9
7978,9898,2018-06-18,20.6,26.0,1.9,958.3,955.5
7981,9898,2018-06-19,21.2,24.0,1.7,958.9,955.0
7984,9898,2018-06-20,24.7,14.0,3.1,956.7,953.9
7989,9898,2018-06-21,25.5,26.0,1.4,956.0,952.6
7992,9898,2018-06-22,24.9,28.0,2.8,954.9,951.4
7996,9898,2018-06-23,23.0,99.0,2.8,955.6,952.0
8001,9898,2018-06-24,23.4,10.0,2.2,955.0,950.9
8006,9898,2018-06-25,24.3,9.0,2.2,954.0,950.6
8008,9898,2018-06-26,24.4,8.0,2.8,954.7,951.6
8015,9898,2018-06-27,24.4,23.0,2.2,954.5,950.3
8018,9898,2018-06-28,23.5,8.0,1.9,950.8,946.0
8021,9898,2018-06-29,23.2,18.0,3.6,949.3,946.1
8024,9898,2018-06-30,24.4,12.0,5.0,949.0,944.6
8028,9898,2018-07-01,25.4,14.0,1.4,948.1,945.1
8035,9898,2018-07-02,24.6,24.0,1.7,952.2,947.7
8039,9898,2018-07-03,25.8,15.0,2.2,953.6,950.6
8042,9898,2018-07-04,24.7,13.0,5.3,952.6,947.7
8046,9898,2018-07-05,21.4,28.0,2.8,956.3,952.5
8048,9898,2018-07-06,21.2,28.0,1.7,958.0,954.7
8052,9898,2018-07-07,24.8,6.0,1.9,957.6,953.2
8057,9898,2018-07-08,24.8,4.0,1.7,956.9,953.5
8062,9898,2018-07-09,25.6,27.0,2.5,956.4,952.3
8067,9898,2018-07-10,24.3,24.0,1.7,954.5,950.6
8070,9898,2018-07-11,23.7,28.0,2.2,952.6,948.5
8072,9898,2018-07-12,23.6,16.0,1.7,954.5,950.7
8077,9898,2018-07-13,25.0,14.0,3.6,954.9,952.2
8080,9898,2018-07-14,26.2,15.0,2.2,954.5,951.1
8084,9898,2018-07-15,26.4,17.0,2.2,952.8,948.5
8088,9898,2018-07-16,22.6,29.0,3.1,955.0,948.0
8093,9898,2018-07-17,22.0,16.0,1.9,955.9,952.2
8097,9898,2018-07-18,25.0,28.0,3.9,953.4,949.8
8102,9898,2018-07-19,25.3,10.0,2.5,953.2,949.5
8105,9898,2018-07-20,24.1,36.0,2.5,951.6,948.0
8109,9898,2018-07-21,20.4,29.0,1.9,952.5,950.0
8113,9898,2018-07-22,22.1,25.0,1.9,953.5,950.1
8118,9898,2018-07-23,24.2,99.0,1.7,954.1,949.6
8122,9898,2018-07-24,26.8,14.0,2.2,952.3,948.3
8125,9898,2018-07-25,26.8,10.0,2.8,953.3,949.6
8128,9898,2018-07-26,27.0,10.0,2.2,951.1,947.7
8134,9898,2018-07-27,27.0,10.0,3.3,950.8,947.1
8138,9898,2018-07-28,26.0,26.0,1.7,951.5,948.1
8142,9898,2018-07-29,26.4,15.0,2.5,951.8,949.5
8144,9898,2018-07-30,27.8,14.0,2.5,953.7,950.9
8149,9898,2018-07-31,27.7,30.0,1.7,953.9,951.6
8152,9898,2018-08-01,27.3,11.0,1.9,955.6,952.8
8159,9898,2018-08-02,28.8,17.0,1.7,956.0,952.7
8162,9898,2018-08-03,28.8,9.0,2.5,955.2,951.8
8165,9898,2018-08-04,29.6,23.0,1.7,956.0,952.9
8171,9898,2018-08-05,28.0,12.0,1.4,955.1,951.5
8173,9898,2018-08-06,28.7,18.0,1.9,953.9,949.5
8176,9898,2018-08-07,27.6,10.0,4.2,952.1,946.5
8182,9898,2018-08-08,26.8,13.0,5.3,952.0,947.4
8186,9898,2018-08-09,23.2,10.0,3.1,957.1,949.1
8188,9898,2018-08-10,21.1,13.0,2.8,960.7,957.1
8194,9898,2018-08-11,25.1,15.0,2.5,960.3,955.0
8196,9898,2018-08-12,25.8,25.0,4.2,955.6,949.7
8200,9898,2018-08-13,24.4,23.0,2.2,952.6,948.6
8206,9898,2018-08-14,22.2,25.0,2.8,955.2,952.1
8211,9898,2018-08-15,21.8,99.0,1.9,956.4,952.3
8215,9898,2018-08-16,23.8,4.0,2.8,954.6,949.6
8218,9898,2018-08-17,22.2,24.0,3.1,956.7,951.8
8223,9898,2018-08-18,19.2,99.0,1.7,957.8,955.5
8226,9898,2018-08-19,23.1,23.0,2.2,958.8,955.4
8230,9898,2018-08-20,23.4,26.0,2.5,957.3,953.0
8234,9898,2018-08-21,25.2,16.0,1.7,955.4,951.4
8238,9898,2018-08-22,25.9,8.0,1.7,954.7,951.7
8243,9898,2018-08-23,25.6,24.0,2.2,954.5,951.7
8247,9898,2018-08-24,22.8,33.0,2.5,954.7,951.7
8249,9898,2018-08-25,20.2,24.0,1.9,953.4,949.7
8255,9898,2018-08-26,19.6,10.0,1.7,954.0,950.3
8256,9898,2018-08-27,24.4,8.0,1.4,954.2,952.1
8263,9898,2018-08-28,25.0,18.0,5.0,954.9,949.8
8267,9898,2018-08-29,24.6,10.0,1.7,956.4,952.3
8271,9898,2018-08-30,22.4,10.0,1.4,957.2,954.1
8274,9898,2018-08-31,21.9,24.0,2.2,955.7,953.0
8276,9898,2018-09-01,23.7,26.0,1.9,956.5,952.5
8282,9898,2018-09-02,24.8,25.0,1.9,954.7,949.7
8286,9898,2018-09-03,24.2,12.0,1.9,951.7,947.4
8289,9898,2018-09-04,22.9,6.0,1.9,952.9,948.6
8292,9898,2018-09-05,21.4,26.0,2.8,952.5,947.8
8298,9898,2018-09-06,20.2,24.0,1.4,951.6,949.6
8301,9898,2018-09-07,19.8,6.0,1.1,954.7,951.6
8304,9898,2018-09-08,21.8,14.0,3.3,956.6,954.1
8311,9898,2018-09-09,22.3,12.0,1.4,958.6,955.0
8313,9898,2018-09-10,22.0,8.0,1.1,960.9,957.7
8318,9898,2018-09-11,21.4,14.0,1.4,961.8,959.0
8322,9898,2018-09-12,21.6,34.0,1.4,960.3,956.1
8325,9898,2018-09-13,21.8,22.0,1.4,957.0,954.1
8328,9898,2018-09-14,20.8,25.0,1.4,956.6,954.2
8332,9898,2018-09-15,21.2,11.0,2.2,958.6,956.2
8336,9898,2018-09-16,22.6,11.0,1.4,958.3,955.3
8342,9898,2018-09-17,23.0,12.0,3.1,957.5,952.8
8346,9898,2018-09-18,22.6,10.0,2.5,956.2,952.4
8348,9898,2018-09-19,22.2,19.0,1.4,958.4,955.7
8355,9898,2018-09-20,24.1,8.0,1.1,957.8,953.8
8356,9898,2018-09-21,24.4,2.0,1.7,957.7,953.6
8363,9898,2018-09-22,22.9,24.0,1.9,959.9,957.1
8364,9898,2018-09-23,24.4,24.0,1.9,960.2,956.3
8371,9898,2018-09-24,18.4,25.0,2.2,959.9,956.3
8372,9898,2018-09-25,14.4,11.0,2.2,964.2,959.9
8377,9898,2018-09-26,19.8,12.0,3.1,967.3,964.0
8380,9898,2018-09-27,19.3,24.0,1.1,967.2,960.0
8385,9898,2018-09-28,21.0,28.0,1.1,960.0,953.8
8390,9898,2018-09-29,21.1,25.0,1.7,954.0,950.6
8394,9898,2018-09-30,18.9,24.0,1.7,955.0,952.1
8399,9898,2018-10-01,16.2,26.0,2.2,956.5,952.8
8400,9898,2018-10-02,15.4,26.0,1.7,958.9,955.9
8404,9898,2018-10-03,17.6,26.0,1.7,959.9,956.0
8408,9898,2018-10-04,18.2,13.0,2.5,957.9,955.4
8415,9898,2018-10-05,18.8,14.0,3.1,956.6,952.5
8418,9898,2018-10-06,18.4,32.0,1.9,953.8,948.2
8420,9898,2018-10-07,14.4,30.0,3.1,953.7,950.0
8427,9898,2018-10-08,13.6,9.0,1.7,954.0,951.8
8431,9898,2018-10-09,13.8,11.0,3.3,952.5,948.5
8433,9898,2018-10-10,16.4,20.0,3.6,948.6,944.8
8439,9898,2018-10-11,17.8,10.0,3.3,954.7,947.5
8442,9898,2018-10-12,20.2,9.0,1.4,958.8,954.7
8445,9898,2018-10-13,20.0,12.0,3.1,957.6,949.6
8450,9898,2018-10-14,16.0,10.0,4.2,949.6,941.9
8455,9898,2018-10-15,14.1,26.0,1.7,948.7,940.6
8458,9898,2018-10-16,15.2,25.0,1.1,954.2,948.7
8460,9898,2018-10-17,16.2,26.0,1.1,953.9,949.6
8465,9898,2018-10-18,16.8,34.0,1.1,950.5,948.1
8471,9898,2018-10-19,17.1,5.0,1.4,956.6,949.7
8473,9898,2018-10-20,17.1,9.0,1.4,959.9,956.2
8479,9898,2018-10-21,17.7,22.0,1.7,959.8,955.4
8482,9898,2018-10-22,15.2,23.0,1.1,960.6,954.9
8487,9898,2018-10-23,13.0,99.0,0.8,963.1,960.3
8489,9898,2018-10-24,13.4,27.0,1.9,961.4,955.6
8495,9898,2018-10-25,14.0,10.0,1.1,955.7,952.4
8496,9898,2018-10-26,14.6,24.0,0.8,952.7,945.4
8503,9898,2018-10-27,10.3,28.0,1.7,945.4,935.3
8507,9898,2018-10-28,4.0,27.0,1.7,937.4,934.2
8509,9898,2018-10-29,5.4,31.0,3.6,936.6,929.5
8513,9898,2018-10-30,4.8,7.0,3.9,941.7,936.6
8516,9898,2018-10-31,8.0,8.0,4.2,943.6,936.4
8521,9898,2018-11-01,8.4,33.0,1.1,953.8,943.6
8526,9898,2018-11-02,11.2,28.0,1.7,956.7,953.1
8529,9898,2018-11-03,8.4,24.0,0.8,956.8,953.4
8532,9898,2018-11-04,9.2,12.0,1.9,953.4,943.3
8536,9898,2018-11-05,10.2,12.0,3.1,943.3,938.4
8540,9898,2018-11-06,8.3,25.0,1.1,948.8,940.7
8545,9898,2018-11-07,9.8,6.0,1.1,954.5,947.3
8551,9898,2018-11-08,9.8,12.0,4.4,955.5,948.5
8554,9898,2018-11-09,10.7,28.0,1.9,951.6,947.9
8559,9898,2018-11-10,10.6,99.0,1.4,950.9,947.4
8560,9898,2018-11-11,13.3,10.0,3.1,952.1,948.8
8565,9898,2018-11-12,15.2,11.0,3.9,957.3,950.0
8569,9898,2018-11-13,14.2,12.0,1.7,962.3,957.3
8572,9898,2018-11-14,14.4,12.0,2.5,961.8,957.2
8576,9898,2018-11-15,14.0,13.0,2.8,957.4,955.3
8580,9898,2018-11-16,13.4,12.0,1.7,957.7,955.5
8587,9898,2018-11-17,11.6,12.0,1.7,955.6,948.4
8589,9898,2018-11-18,8.6,8.0,4.7,948.4,943.8
8595,9898,2018-11-19,8.2,99.0,1.4,943.8,935.5
8596,9898,2018-11-20,5.2,7.0,2.8,940.9,935.2
8602,9898,2018-11-21,9.0,9.0,1.7,951.2,940.9
8605,9898,2018-11-22,8.6,8.0,1.7,953.4,950.6
8610,9898,2018-11-23,6.4,8.0,1.4,951.4,948.2
8613,9898,2018-11-24,6.6,25.0,0.6,952.2,947.8
8616,9898,2018-11-25,7.4,26.0,1.9,948.1,942.2
8620,9898,2018-11-26,7.0,28.0,3.1,953.7,939.7
8626,9898,2018-11-27,9.1,33.0,1.9,956.4,953.3
8630,9898,2018-11-28,7.8,99.0,1.1,957.9,955.9
8635,9898,2018-11-29,8.6,13.0,2.5,956.9,951.8
8636,9898,2018-11-30,9.0,31.0,2.2,956.4,950.6
8642,9898,2018-12-01,8.2,36.0,1.7,956.6,954.3
8645,9898,2018-12-02,8.6,31.0,1.1,957.0,954.9
8648,9898,2018-12-03,9.9,30.0,1.7,957.9,955.3
8654,9898,2018-12-04,10.4,30.0,1.4,960.2,957.4
8658,9898,2018-12-05,10.2,32.0,1.1,961.1,958.8
8661,9898,2018-12-06,10.4,30.0,1.7,962.0,959.9
8665,9898,2018-12-07,8.0,29.0,2.2,961.9,957.4
8668,9898,2018-12-08,9.3,26.0,1.9,962.2,959.3
8675,9898,2018-12-09,10.6,31.0,3.3,963.7,959.7
8678,9898,2018-12-10,9.0,24.0,1.1,964.0,960.2
8680,9898,2018-12-11,5.4,99.0,1.1,960.2,954.1
8687,9898,2018-12-12,5.4,8.0,0.8,955.4,949.1
8690,9898,2018-12-13,5.2,31.0,1.7,949.1,939.7
8694,9898,2018-12-14,8.4,31.0,3.3,955.6,943.4
8697,9898,2018-12-15,6.6,31.0,1.9,957.7,954.9
8700,9898,2018-12-16,7.6,99.0,1.7,957.4,950.8
8705,9898,2018-12-17,5.8,27.0,1.9,963.3,956.9
8709,9898,2018-12-18,5.4,11.0,3.1,962.3,955.3
8714,9898,2018-12-19,7.5,28.0,1.4,957.5,953.9
8717,9898,2018-12-20,8.0,30.0,1.4,963.4,957.3
8722,9898,2018-12-21,7.2,25.0,1.1,965.1,962.7
8726,9898,2018-12-22,9.1,31.0,0.8,966.2,963.8
8728,9898,2018-12-23,6.9,28.0,0.6,966.5,963.5
8735,9898,2018-12-24,5.8,24.0,0.8,964.0,961.7
8736,9898,2018-12-25,4.6,10.0,1.4,964.7,962.6
8740,9898,2018-12-26,6.2,10.0,1.1,965.4,962.8
8744,9898,2018-12-27,4.6,24.0,1.1,963.3,961.2
8750,9898,2018-12-28,3.0,24.0,1.1,963.8,961.6
8754,9898,2018-12-29,3.8,13.0,1.4,965.1,962.6
8756,9898,2018-12-30,2.2,9.0,1.1,966.4,963.6
8763,9898,2018-12-31,0.8,28.0,1.4,965.7,963.4
8767,9898,2019-01-01,0.0,13.0,1.1,965.4,963.3
8771,9898,2019-01-02,1.6,30.0,1.1,963.4,961.3
8775,9898,2019-01-03,-2.1,11.0,1.4,964.8,962.4
8779,9898,2019-01-04,-2.6,11.0,1.4,966.6,962.3
8782,9898,2019-01-05,1.9,26.0,1.7,966.6,962.9
8785,9898,2019-01-06,4.4,24.0,1.9,964.8,961.8
8790,9898,2019-01-07,3.0,28.0,1.7,964.6,961.7
8793,9898,2019-01-08,3.4,34.0,1.4,964.6,957.3
8797,9898,2019-01-09,6.6,32.0,4.4,957.5,949.5
8800,9898,2019-01-10,2.7,32.0,2.2,955.4,950.5
8805,9898,2019-01-11,2.0,28.0,1.4,960.7,955.3
8808,9898,2019-01-12,3.8,30.0,1.4,962.3,959.2
8815,9898,2019-01-13,7.2,32.0,1.7,960.2,956.3
8819,9898,2019-01-14,10.1,32.0,2.2,956.4,953.5
8823,9898,2019-01-15,5.8,20.0,1.7,957.5,954.7
8826,9898,2019-01-16,4.7,31.0,1.1,954.9,951.1
8830,9898,2019-01-17,1.6,12.0,1.4,953.7,951.0
8833,9898,2019-01-18,0.2,9.0,1.4,953.7,950.5
8836,9898,2019-01-19,1.4,8.0,1.4,951.0,945.0
8840,9898,2019-01-20,6.0,34.0,1.4,949.7,944.0
8845,9898,2019-01-21,4.4,29.0,1.9,952.5,949.4
8851,9898,2019-01-22,2.6,27.0,2.5,951.8,940.8
8854,9898,2019-01-23,4.1,33.0,3.6,940.8,933.5
8859,9898,2019-01-24,3.6,30.0,2.8,946.8,937.8
8860,9898,2019-01-25,9.0,34.0,3.3,952.5,945.3
8867,9898,2019-01-26,8.4,29.0,1.4,954.2,947.3
8868,9898,2019-01-27,6.3,34.0,4.4,947.5,943.7
8875,9898,2019-01-28,5.6,34.0,3.6,948.6,943.4
8879,9898,2019-01-29,4.2,31.0,1.9,948.3,940.9
8882,9898,2019-01-30,4.2,28.0,2.2,945.2,939.3
8886,9898,2019-01-31,5.2,12.0,1.7,939.3,930.0
8890,9898,2019-02-01,7.2,20.0,2.2,930.0,925.1
8892,9898,2019-02-02,3.2,30.0,4.7,947.5,928.2
8896,9898,2019-02-03,3.4,33.0,3.6,959.3,947.4
8900,9898,2019-02-04,4.4,30.0,1.4,960.6,958.4
8904,9898,2019-02-05,9.1,28.0,1.7,961.4,959.1
8910,9898,2019-02-06,8.0,12.0,1.4,960.7,956.6
8914,9898,2019-02-07,9.1,30.0,2.2,957.8,955.1
8917,9898,2019-02-08,7.5,99.0,1.1,957.9,954.4
8922,9898,2019-02-09,8.8,12.0,1.7,957.9,954.9
8924,9898,2019-02-10,9.4,31.0,1.9,956.1,952.2
8929,9898,2019-02-11,7.2,28.0,2.5,964.6,956.1
8933,9898,2019-02-12,6.2,26.0,1.1,966.9,964.6
8937,9898,2019-02-13,7.6,9.0,1.9,966.9,964.4
8940,9898,2019-02-14,8.0,13.0,3.9,968.4,964.4
8946,9898,2019-02-15,7.7,14.0,2.5,965.3,962.4
8950,9898,2019-02-16,9.1,12.0,2.8,964.8,961.7
8955,9898,2019-02-17,9.4,10.0,3.3,962.1,956.7
8956,9898,2019-02-18,7.6,12.0,3.6,957.4,954.1
8963,9898,2019-02-19,7.6,10.0,1.7,957.5,955.1
8966,9898,2019-02-20,8.0,12.0,1.7,961.7,957.3
8969,9898,2019-02-21,9.4,8.0,1.4,966.1,961.7
8972,9898,2019-02-22,12.1,24.0,1.7,966.1,962.0
8976,9898,2019-02-23,11.3,12.0,2.5,963.8,959.8
8982,9898,2019-02-24,11.0,11.0,2.2,967.7,963.8
8986,9898,2019-02-25,10.4,26.0,1.9,967.7,964.7
8989,9898,2019-02-26,12.9,99.0,1.1,966.6,963.4
8994,9898,2019-02-27,15.5,25.0,1.4,963.4,959.4
8999,9898,2019-02-28,12.3,24.0,2.2,962.4,959.0
9002,9898,2019-03-01,10.5,24.0,1.7,960.0,955.2
9006,9898,2019-03-02,12.0,28.0,2.5,958.5,955.8
9008,9898,2019-03-03,12.8,6.0,1.9,958.5,952.8
9015,9898,2019-03-04,13.2,25.0,1.7,953.2,950.5
9016,9898,2019-03-05,10.4,9.0,2.2,953.5,948.9
9020,9898,2019-03-06,9.3,10.0,4.4,948.9,938.0
9025,9898,2019-03-07,8.5,28.0,1.1,952.0,944.8
9030,9898,2019-03-08,10.1,22.0,1.7,962.1,951.8
9032,9898,2019-03-09,11.8,28.0,1.4,965.2,961.8
9039,9898,2019-03-10,14.0,22.0,2.5,963.7,960.5
9042,9898,2019-03-11,11.8,24.0,1.7,964.5,960.8
9046,9898,2019-03-12,9.4,12.0,2.5,963.5,955.9
9051,9898,2019-03-13,8.8,31.0,3.9,961.3,955.2
9052,9898,2019-03-14,9.0,30.0,3.1,961.8,958.5
9059,9898,2019-03-15,11.5,28.0,3.1,960.9,957.1
9061,9898,2019-03-16,13.2,99.0,1.9,958.7,951.2
9065,9898,2019-03-17,11.4,30.0,3.1,954.4,949.6
9068,9898,2019-03-18,9.2,28.0,1.7,958.1,954.1
9075,9898,2019-03-19,9.6,99.0,1.9,961.0,955.7
9076,9898,2019-03-20,8.5,10.0,1.7,962.8,959.9
9080,9898,2019-03-21,8.2,9.0,0.8,963.5,960.8
9087,9898,2019-03-22,11.2,14.0,1.7,963.6,960.9
9091,9898,2019-03-23,14.2,22.0,1.1,962.5,958.9
9095,9898,2019-03-24,15.4,23.0,1.9,960.0,956.2
9097,9898,2019-03-25,11.8,26.0,2.5,957.1,952.5
9102,9898,2019-03-26,10.0,10.0,1.7,958.4,954.2
9107,9898,2019-03-27,11.3,99.0,1.4,960.8,957.0
9111,9898,2019-03-28,10.2,10.0,1.7,962.8,959.4
9115,9898,2019-03-29,11.2,12.0,3.1,962.0,958.3
9117,9898,2019-03-30,10.0,14.0,2.8,960.1,953.9
9123,9898,2019-03-31,8.4,13.0,1.4,954.9,950.5
9127,9898,2019-04-01,10.7,10.0,1.1,951.9,949.9
9130,9898,2019-04-02,13.4,24.0,2.2,951.0,946.3
9134,9898,2019-04-03,6.4,33.0,2.2,946.3,938.3
9138,9898,2019-04-04,6.1,28.0,1.7,939.8,937.5
9141,9898,2019-04-05,7.6,9.0,2.5,937.5,933.8
9146,9898,2019-04-06,7.8,33.0,2.5,939.3,934.0
9149,9898,2019-04-07,9.6,28.0,2.5,947.9,939.0
9153,9898,2019-04-08,11.4,31.0,1.1,948.1,945.4
9157,9898,2019-04-09,11.8,24.0,1.9,946.5,943.3
9162,9898,2019-04-10,10.6,28.0,1.4,949.6,944.9
9165,9898,2019-04-11,10.8,28.0,2.8,951.4,948.2
9168,9898,2019-04-12,11.6,24.0,2.2,952.6,949.6
9174,9898,2019-04-13,12.2,24.0,1.9,953.9,950.4
9176,9898,2019-04-14,15.9,24.0,2.8,951.0,948.6
9181,9898,2019-04-15,13.4,8.0,6.4,952.8,947.6
9186,9898,2019-04-16,12.8,99.0,1.9,955.1,952.2
9189,9898,2019-04-17,14.0,14.0,5.8,955.1,949.2
9193,9898,2019-04-18,13.0,11.0,5.6,953.3,948.6
9197,9898,2019-04-19,16.0,13.0,5.3,958.7,951.5
9201,9898,2019-04-20,14.6,14.0,2.8,958.1,953.8
9205,9898,2019-04-21,10.6,9.0,1.1,955.3,943.9
9211,9898,2019-04-22,12.4,24.0,1.9,943.9,935.6
9214,9898,2019-04-23,12.1,19.0,3.1,937.8,932.7
9216,9898,2019-04-24,8.1,12.0,4.2,943.9,937.6
9223,9898,2019-04-25,11.3,19.0,1.7,951.5,940.3
9226,9898,2019-04-26,11.5,30.0,2.8,960.2,951.4
9230,9898,2019-04-27,12.8,28.0,3.1,960.8,958.6
9235,9898,2019-04-28,13.2,26.0,2.2,959.2,953.3
9238,9898,2019-04-29,14.6,9.0,2.2,955.8,950.6
9242,9898,2019-04-30,15.2,8.0,1.4,953.5,949.4
9247,9898,2019-05-01,15.6,9.0,1.7,951.4,947.9
9248,9898,2019-05-02,14.8,99.0,2.5,952.1,948.2
9252,9898,2019-05-03,11.0,32.0,2.2,949.7,945.8
9256,9898,2019-05-04,12.0,34.0,2.8,949.3,945.5
9260,9898,2019-05-05,11.6,27.0,3.1,952.5,948.9
9266,9898,2019-05-06,12.0,99.0,1.1,954.8,951.0
9270,9898,2019-05-07,15.8,99.0,2.2,953.4,948.6
9274,9898,2019-05-08,17.0,26.0,2.2,948.8,942.1
9278,9898,2019-05-09,14.2,99.0,2.2,949.3,945.3
9282,9898,2019-05-10,18.9,32.0,1.7,951.8,947.7
9285,9898,2019-05-11,14.2,29.0,3.6,960.0,951.7
9289,9898,2019-05-12,15.2,26.0,2.2,960.3,954.6
9292,9898,2019-05-13,17.0,99.0,2.5,957.2,952.9
9298,9898,2019-05-14,17.1,25.0,1.7,956.2,949.4
9303,9898,2019-05-15,20.0,13.0,3.6,950.5,944.2
9305,9898,2019-05-16,16.1,13.0,4.2,950.3,938.0
9309,9898,2019-05-17,11.7,10.0,3.1,944.5,935.5
9312,9898,2019-05-18,11.2,28.0,3.1,946.0,943.2
9319,9898,2019-05-19,11.5,26.0,3.6,947.5,943.9
9322,9898,2019-05-20,13.0,27.0,2.8,950.3,946.9
9324,9898,2019-05-21,15.1,25.0,1.9,952.8,950.0
9329,9898,2019-05-22,16.1,17.0,1.7,954.4,952.3
9333,9898,2019-05-23,19.4,27.0,1.9,953.8,950.4
9337,9898,2019-05-24,15.3,29.0,1.4,952.0,950.1
9341,9898,2019-05-25,16.9,28.0,2.2,954.0,951.2
9347,9898,2019-05-26,16.6,26.0,2.2,954.0,950.5
9351,9898,2019-05-27,17.7,29.0,2.5,951.1,946.1
9353,9898,2019-05-28,15.8,34.0,3.3,954.6,948.2
9359,9898,2019-05-29,15.7,32.0,3.3,959.3,954.3
9363,9898,2019-05-30,18.6,23.0,1.7,960.7,957.2
9367,9898,2019-05-31,20.5,10.0,2.2,960.3,957.0
9370,9898,2019-06-01,22.2,9.0,2.2,958.4,954.5
9372,9898,2019-06-02,24.0,8.0,3.1,956.3,951.7
9376,9898,2019-06-03,23.6,10.0,4.2,953.6,949.7
9383,9898,2019-06-04,23.6,99.0,4.7,949.7,942.5
9387,9898,2019-06-05,14.6,31.0,3.9,949.6,942.2
9390,9898,2019-06-06,16.2,12.0,4.4,950.5,945.3
9393,9898,2019-06-07,16.9,10.0,1.9,957.2,945.5
9396,9898,2019-06-08,17.8,14.0,3.6,959.3,954.8
9401,9898,2019-06-09,21.8,13.0,1.4,955.2,948.2
9405,9898,2019-06-10,17.6,34.0,2.8,950.9,947.9
9408,9898,2019-06-11,14.1,36.0,2.8,950.5,947.6
9414,9898,2019-06-12,14.4,99.0,1.9,951.4,948.2
9417,9898,2019-06-13,18.8,12.0,5.3,950.4,946.4
9421,9898,2019-06-14,20.2,24.0,1.4,950.1,946.0
9427,9898,2019-06-15,18.4,26.0,2.5,956.1,950.1
9429,9898,2019-06-16,19.6,11.0,2.5,957.1,952.5
9432,9898,2019-06-17,23.5,9.0,1.7,954.0,949.7
9438,9898,2019-06-18,25.8,12.0,5.0,951.8,947.3
9442,9898,2019-06-19,22.2,24.0,1.9,950.8,948.2
9444,9898,2019-06-20,22.8,13.0,3.3,951.4,948.1
9451,9898,2019-06-21,20.0,34.0,2.5,953.7,949.7
9455,9898,2019-06-22,20.6,10.0,1.4,954.1,949.8
9457,9898,2019-06-23,25.8,14.0,4.2,951.7,948.7
9463,9898,2019-06-24,26.6,15.0,5.6,952.4,949.4
9466,9898,2019-06-25,25.6,12.0,4.7,954.9,951.4
9470,9898,2019-06-26,28.0,99.0,7.2,957.2,953.5
9473,9898,2019-06-27,30.2,12.0,4.7,957.9,954.5
9476,9898,2019-06-28,31.1,19.0,1.7,955.7,952.2
9480,9898,2019-06-29,33.0,20.0,1.9,953.3,950.8
9486,9898,2019-06-30,30.8,13.0,3.6,955.2,952.2
9491,9898,2019-07-01,29.4,12.0,3.6,954.9,951.2
9492,9898,2019-07-02,26.0,10.0,2.8,954.5,950.0
9499,9898,2019-07-03,27.4,12.0,3.6,953.1,950.0
9502,9898,2019-07-04,27.6,16.0,4.4,954.7,951.8
9506,9898,2019-07-05,28.2,15.0,2.5,954.4,950.0
9508,9898,2019-07-06,28.5,15.0,3.6,951.7,947.7
9512,9898,2019-07-07,27.0,13.0,3.3,951.5,947.5
9516,9898,2019-07-08,23.9,11.0,5.8,952.5,946.3
9521,9898,2019-07-09,20.5,32.0,2.2,952.1,949.3
9525,9898,2019-07-10,22.4,23.0,1.9,953.5,950.5
9531,9898,2019-07-11,26.7,26.0,2.5,952.6,950.1
9534,9898,2019-07-12,28.7,99.0,2.5,953.6,950.6
9536,9898,2019-07-13,27.2,19.0,2.5,953.2,946.8
9540,9898,2019-07-14,22.6,24.0,2.5,950.9,947.1
9544,9898,2019-07-15,22.6,27.0,2.2,951.7,947.6
9550,9898,2019-07-16,22.4,13.0,2.2,953.4,950.7
9552,9898,2019-07-17,25.6,18.0,2.2,953.4,949.5
9557,9898,2019-07-18,23.7,26.0,2.2,953.0,949.9
9560,9898,2019-07-19,24.7,10.0,3.1,953.9,950.1
9565,9898,2019-07-20,27.6,11.0,3.9,955.6,950.9
9571,9898,2019-07-21,27.4,11.0,4.2,958.8,955.6
