,indicativo,tmed,velmedia,presmed,fecha
749,9434,28.6,4.7,990.0999999999999,2013-07-07
752,9434,28.3,2.5,988.8,2013-07-08
758,9434,28.4,4.4,986.05,2013-07-09
761,9434,27.4,1.9,982.6,2013-07-10
765,9434,26.4,1.9,983.0,2013-07-11
770,9434,28.0,3.3,984.5,2013-07-12
774,9434,27.4,2.8,986.05,2013-07-13
777,9434,25.5,1.9,988.3,2013-07-14
780,9434,26.1,2.2,989.1,2013-07-15
787,9434,26.2,1.7,988.35,2013-07-16
791,9434,26.2,3.3,989.9000000000001,2013-07-17
795,9434,26.6,1.9,988.2,2013-07-18
799,9434,26.9,1.9,985.0999999999999,2013-07-19
800,9434,27.6,2.5,984.2,2013-07-20
807,9434,26.5,5.0,986.45,2013-07-21
809,9434,25.2,3.1,985.5,2013-07-22
813,9434,28.0,1.9,983.2,2013-07-23
819,9434,27.5,1.9,985.55,2013-07-24
821,9434,30.1,5.3,983.1,2013-07-25
826,9434,29.4,5.8,980.25,2013-07-26
829,9434,29.4,5.3,978.75,2013-07-27
834,9434,25.9,4.2,984.55,2013-07-28
838,9434,24.2,4.2,990.55,2013-07-29
842,9434,26.6,3.6,992.25,2013-07-30
847,9434,28.0,3.6,987.05,2013-07-31
850,9434,29.7,7.2,983.0,2013-08-01
854,9434,29.2,6.1,984.15,2013-08-02
858,9434,27.6,5.3,987.2,2013-08-03
861,9434,27.6,3.3,988.3,2013-08-04
865,9434,29.4,4.4,984.1,2013-08-05
868,9434,27.1,3.6,982.7,2013-08-06
873,9434,24.4,4.7,983.2,2013-08-07
877,9434,21.2,7.5,989.85,2013-08-08
880,9434,23.4,6.7,992.45,2013-08-09
887,9434,25.0,8.1,990.25,2013-08-10
891,9434,26.7,2.8,987.0999999999999,2013-08-11
893,9434,27.6,2.5,985.9000000000001,2013-08-12
896,9434,25.9,6.1,987.9,2013-08-13
902,9434,25.6,5.3,988.0,2013-08-14
906,9434,25.8,1.7,987.3,2013-08-15
911,9434,26.2,2.5,987.3,2013-08-16
913,9434,25.0,1.7,987.9,2013-08-17
918,9434,27.0,1.7,986.5,2013-08-18
923,9434,26.5,7.8,989.4,2013-08-19
926,9434,24.9,4.7,991.0,2013-08-20
929,9434,25.6,2.2,987.55,2013-08-21
933,9434,27.2,3.6,983.5999999999999,2013-08-22
939,9434,26.0,3.6,984.0999999999999,2013-08-23
941,9434,23.4,9.7,986.5,2013-08-24
944,9434,22.5,7.8,984.65,2013-08-25
949,9434,23.0,5.8,982.3499999999999,2013-08-26
953,9434,22.9,5.6,985.15,2013-08-27
959,9434,22.0,3.3,986.85,2013-08-28
960,9434,22.4,3.9,988.95,2013-08-29
966,9434,23.9,5.6,990.15,2013-08-30
970,9434,22.8,6.7,991.6,2013-08-31
973,9434,23.2,6.4,991.8499999999999,2013-09-01
977,9434,23.3,3.3,992.35,2013-09-02
980,9434,23.9,1.9,992.0,2013-09-03
987,9434,23.6,4.2,989.0999999999999,2013-09-04
989,9434,23.5,2.2,983.85,2013-09-05
993,9434,23.2,3.3,982.5,2013-09-06
997,9434,21.2,2.8,985.75,2013-09-07
1001,9434,21.0,3.6,991.65,2013-09-08
1007,9434,20.0,4.7,993.55,2013-09-09
1009,9434,22.8,6.4,990.05,2013-09-10
1013,9434,19.2,8.1,990.7,2013-09-11
1018,9434,18.6,7.5,991.25,2013-09-12
1021,9434,21.6,3.3,992.15,2013-09-13
1024,9434,22.9,1.4,987.95,2013-09-14
1031,9434,20.4,8.9,987.2,2013-09-15
1032,9434,20.8,5.8,984.45,2013-09-16
1037,9434,19.8,7.8,985.6500000000001,2013-09-17
1040,9434,20.4,5.3,985.3,2013-09-18
1045,9434,21.6,10.3,986.5999999999999,2013-09-19
1050,9434,22.2,7.8,984.55,2013-09-20
1052,9434,22.6,3.3,992.1,2013-09-21
1057,9434,21.2,1.4,992.1,2013-09-22
1062,9434,22.8,3.3,988.7,2013-09-23
1066,9434,23.7,1.4,984.5999999999999,2013-09-24
1071,9434,24.4,3.3,982.7,2013-09-25
1075,9434,25.5,3.9,983.0,2013-09-26
1079,9434,24.8,2.2,980.55,2013-09-27
1083,9434,22.5,2.2,977.25,2013-09-28
1087,9434,21.8,4.4,977.45,2013-09-29
1091,9434,24.0,1.1,977.8,2013-09-30
1094,9434,25.3,3.6,979.4,2013-10-01
1099,9434,24.2,2.2,980.25,2013-10-02
1102,9434,23.6,5.6,982.8,2013-10-03
1107,9434,19.8,2.8,986.6,2013-10-04
1108,9434,19.6,6.9,991.75,2013-10-05
1113,9434,18.8,6.4,992.5999999999999,2013-10-06
1116,9434,17.7,3.1,991.55,2013-10-07
1120,9434,17.0,3.9,992.45,2013-10-08
1127,9434,17.1,4.4,991.2,2013-10-09
1131,9434,16.4,6.1,986.95,2013-10-10
1132,9434,14.4,6.4,985.65,2013-10-11
1136,9434,12.6,0.6,987.75,2013-10-12
1141,9434,14.2,1.1,989.25,2013-10-13
1145,9434,16.8,0.8,988.95,2013-10-14
1151,9434,19.6,2.8,987.85,2013-10-15
1154,9434,20.2,2.5,988.95,2013-10-16
1158,9434,20.6,0.8,987.95,2013-10-17
1160,9434,21.2,2.5,983.75,2013-10-18
1166,9434,20.5,2.2,985.25,2013-10-19
1168,9434,20.2,0.8,987.25,2013-10-20
1172,9434,18.8,1.4,985.5999999999999,2013-10-21
1176,9434,17.6,2.8,981.05,2013-10-22
1180,9434,19.5,4.4,983.95,2013-10-23
1184,9434,18.3,3.9,984.25,2013-10-24
1190,9434,21.5,5.8,983.55,2013-10-25
1195,9434,21.8,2.5,987.95,2013-10-26
1198,9434,19.5,3.3,992.1,2013-10-27
1200,9434,19.0,3.3,987.6,2013-10-28
1207,9434,13.8,8.9,989.5,2013-10-29
1210,9434,13.6,8.1,991.4000000000001,2013-10-30
1214,9434,10.8,3.9,993.2,2013-10-31
1219,9434,9.8,1.1,991.35,2013-11-01
1223,9434,18.4,2.2,986.7,2013-11-02
1226,9434,15.1,3.9,987.5,2013-11-03
1230,9434,14.0,4.4,981.1,2013-11-04
1232,9434,17.8,8.1,983.7,2013-11-05
1236,9434,18.6,3.9,988.6500000000001,2013-11-06
1242,9434,16.0,0.8,987.8,2013-11-07
1244,9434,15.2,4.7,988.05,2013-11-08
1251,9434,13.0,5.0,991.95,2013-11-09
1253,9434,14.4,7.5,993.95,2013-11-10
1259,9434,15.8,13.9,993.45,2013-11-11
1263,9434,16.6,9.7,992.15,2013-11-12
1265,9434,16.2,9.7,991.85,2013-11-13
1270,9434,12.8,10.3,995.4000000000001,2013-11-14
1274,9434,7.6,10.0,991.2,2013-11-15
1277,9434,4.4,6.1,988.5999999999999,2013-11-16
1281,9434,8.8,2.2,983.75,2013-11-17
1284,9434,9.8,8.3,977.1,2013-11-18
1288,9434,10.4,11.1,980.7,2013-11-19
1294,9434,6.3,7.5,985.8499999999999,2013-11-20
1299,9434,8.0,8.1,979.5,2013-11-21
1303,9434,7.0,7.5,977.6500000000001,2013-11-22
1304,9434,7.7,12.2,981.9000000000001,2013-11-23
1311,9434,7.8,10.3,986.45,2013-11-24
1313,9434,7.7,12.8,992.35,2013-11-25
1317,9434,6.2,12.2,994.55,2013-11-26
1323,9434,3.8,8.3,995.4000000000001,2013-11-27
1327,9434,1.6,1.9,999.1,2013-11-28
1329,9434,4.6,4.4,996.6,2013-11-29
1334,9434,7.4,10.6,990.0,2013-11-30
1337,9434,6.8,9.2,989.75,2013-12-01
1341,9434,6.1,4.7,992.75,2013-12-02
1344,9434,6.0,1.1,997.05,2013-12-03
1348,9434,5.7,1.7,997.5,2013-12-04
1352,9434,9.2,8.3,997.9,2013-12-05
1359,9434,7.8,6.1,996.85,2013-12-06
1360,9434,5.0,2.2,994.5,2013-12-07
1365,9434,2.2,0.6,997.8,2013-12-08
1371,9434,2.8,0.0,1001.0999999999999,2013-12-09
1374,9434,2.0,0.8,1002.9000000000001,2013-12-10
1378,9434,1.8,1.1,1003.0999999999999,2013-12-11
1382,9434,2.0,0.0,1000.8499999999999,2013-12-12
1386,9434,4.4,0.8,997.4,2013-12-13
1391,9434,5.6,0.8,1001.05,2013-12-14
1395,9434,1.8,1.1,1004.1500000000001,2013-12-15
1397,9434,2.2,0.6,1001.1,2013-12-16
1402,9434,6.2,0.0,998.35,2013-12-17
1406,9434,6.6,1.7,993.4,2013-12-18
1410,9434,7.4,2.2,985.65,2013-12-19
1414,9434,7.2,9.7,993.55,2013-12-20
1418,9434,3.5,0.3,1002.6,2013-12-21
1422,9434,3.8,1.1,1000.25,2013-12-22
1425,9434,5.1,2.2,993.95,2013-12-23
1428,9434,8.2,3.6,979.9,2013-12-24
1432,9434,10.0,4.7,969.1500000000001,2013-12-25
1437,9434,6.8,4.7,978.9000000000001,2013-12-26
1442,9434,9.5,2.2,981.6500000000001,2013-12-27
1444,9434,9.4,4.7,984.0,2013-12-28
1451,9434,6.2,3.3,995.55,2013-12-29
1454,9434,3.8,1.1,996.65,2013-12-30
1457,9434,4.6,1.9,990.4,2013-12-31
1461,9434,7.2,1.7,985.4,2014-01-01
1464,9434,9.6,1.7,982.2,2014-01-02
1469,9434,13.2,4.4,984.9000000000001,2014-01-03
1474,9434,11.2,6.4,978.8,2014-01-04
1476,9434,9.2,1.7,987.65,2014-01-05
1482,9434,11.0,1.9,987.75,2014-01-06
1487,9434,11.2,2.8,989.65,2014-01-07
1489,9434,9.6,1.9,992.0999999999999,2014-01-08
1492,9434,5.8,1.7,990.3,2014-01-09
1496,9434,4.4,1.4,987.75,2014-01-10
1502,9434,7.2,1.7,989.5,2014-01-11
1505,9434,9.8,0.0,992.35,2014-01-12
1511,9434,8.6,1.9,987.7,2014-01-13
1513,9434,8.8,4.7,983.95,2014-01-14
1519,9434,9.8,1.7,983.65,2014-01-15
1523,9434,11.1,2.2,978.8499999999999,2014-01-16
1527,9434,8.6,4.2,974.8,2014-01-17
1530,9434,8.4,1.1,968.15,2014-01-18
1534,9434,7.0,5.0,971.1500000000001,2014-01-19
1539,9434,6.6,7.2,981.85,2014-01-20
1541,9434,7.3,1.9,984.5,2014-01-21
1547,9434,9.1,5.8,983.8,2014-01-22
1551,9434,9.0,7.5,991.15,2014-01-23
1554,9434,10.2,6.9,991.3,2014-01-24
1556,9434,14.2,9.2,991.95,2014-01-25
1561,9434,13.0,4.2,989.4,2014-01-26
1566,9434,8.6,6.4,980.4,2014-01-27
1571,9434,7.5,5.0,973.3,2014-01-28
1573,9434,6.3,2.2,970.0,2014-01-29
1579,9434,7.6,7.8,976.1,2014-01-30
1582,9434,8.0,3.3,979.9,2014-01-31
1584,9434,7.0,5.3,980.7,2014-02-01
1588,9434,6.2,1.7,987.4,2014-02-02
1592,9434,4.6,2.5,981.25,2014-02-03
1596,9434,7.3,4.2,980.05,2014-02-04
1600,9434,9.8,6.9,978.45,2014-02-05
1604,9434,11.0,5.8,979.35,2014-02-06
1609,9434,12.0,6.1,981.25,2014-02-07
1615,9434,13.0,7.5,978.25,2014-02-08
1619,9434,7.8,5.3,973.5,2014-02-09
1622,9434,8.2,8.6,974.3,2014-02-10
1627,9434,5.0,2.5,984.25,2014-02-11
1630,9434,6.8,3.3,986.15,2014-02-12
1633,9434,14.6,8.9,983.2,2014-02-13
1636,9434,16.2,3.1,980.35,2014-02-14
1642,9434,13.3,5.0,980.55,2014-02-15
1645,9434,8.0,3.1,985.4000000000001,2014-02-16
1649,9434,7.2,4.2,983.45,2014-02-17
1654,9434,9.5,5.3,983.8,2014-02-18
1659,9434,10.9,8.6,987.9,2014-02-19
1662,9434,10.3,1.9,987.3,2014-02-20
1666,9434,8.7,5.3,987.45,2014-02-21
1671,9434,8.0,1.1,991.7,2014-02-22
1672,9434,9.0,4.7,988.7,2014-02-23
1676,9434,10.2,1.9,985.45,2014-02-24
1683,9434,11.3,6.1,986.25,2014-02-25
1687,9434,7.8,4.2,993.2,2014-02-26
1688,9434,6.5,1.9,994.85,2014-02-27
1694,9434,9.2,8.9,986.95,2014-02-28
1698,9434,7.8,1.1,978.5,2014-03-01
1701,9434,12.2,4.4,973.5,2014-03-02
1704,9434,10.4,7.2,974.05,2014-03-03
1708,9434,10.4,8.1,980.1,2014-03-04
1714,9434,12.9,9.2,985.95,2014-03-05
1716,9434,13.4,6.9,990.1,2014-03-06
1722,9434,10.8,0.6,993.7,2014-03-07
1725,9434,11.6,3.1,992.6500000000001,2014-03-08
1728,9434,11.4,2.8,995.3499999999999,2014-03-09
1733,9434,11.1,2.5,991.2,2014-03-10
1738,9434,13.2,1.1,990.75,2014-03-11
1741,9434,11.0,3.1,995.1,2014-03-12
1745,9434,10.5,1.7,996.65,2014-03-13
1750,9434,11.6,2.8,995.6,2014-03-14
1754,9434,14.7,9.7,996.2,2014-03-15
1759,9434,15.7,7.8,994.25,2014-03-16
1763,9434,15.2,0.3,990.65,2014-03-17
1766,9434,15.2,7.8,991.85,2014-03-18
1770,9434,13.9,1.9,992.2,2014-03-19
1773,9434,14.6,1.1,988.0,2014-03-20
1778,9434,14.6,3.6,986.9000000000001,2014-03-21
1780,9434,12.8,7.5,983.5,2014-03-22
1784,9434,8.6,7.5,988.0,2014-03-23
1790,9434,8.8,2.5,987.75,2014-03-24
1794,9434,9.7,6.9,984.75,2014-03-25
1798,9434,8.7,10.3,981.1500000000001,2014-03-26
1803,9434,10.4,3.1,980.8499999999999,2014-03-27
1807,9434,13.2,10.0,979.75,2014-03-28
1809,9434,13.5,7.2,979.2,2014-03-29
1812,9434,12.4,2.2,982.6500000000001,2014-03-30
1817,9434,13.4,3.1,983.3,2014-03-31
1820,9434,15.5,6.4,979.3,2014-04-01
1824,9434,14.0,5.6,974.0,2014-04-02
1829,9434,12.0,6.4,973.3,2014-04-03
1832,9434,15.3,8.9,981.75,2014-04-04
1838,9434,16.9,6.9,987.6500000000001,2014-04-05
1843,9434,19.3,3.6,987.0,2014-04-06
1844,9434,19.6,3.1,986.85,2014-04-07
1848,9434,18.0,7.8,991.0,2014-04-08
1853,9434,16.4,1.9,991.0,2014-04-09
1859,9434,19.4,3.3,986.6500000000001,2014-04-10
1860,9434,19.4,3.1,984.7,2014-04-11
1865,9434,18.1,3.3,987.4,2014-04-12
1871,9434,18.9,6.9,989.1,2014-04-13
1873,9434,19.1,2.5,986.75,2014-04-14
1879,9434,21.4,2.2,984.25,2014-04-15
1881,9434,21.0,1.4,986.45,2014-04-16
1887,9434,19.1,3.6,987.5,2014-04-17
1891,9434,20.1,5.0,982.55,2014-04-18
1894,9434,18.7,6.7,976.25,2014-04-19
1898,9434,15.3,3.3,973.25,2014-04-20
1901,9434,15.6,1.9,974.5999999999999,2014-04-21
1906,9434,16.4,4.2,982.5,2014-04-22
1909,9434,17.8,2.8,988.0,2014-04-23
1913,9434,15.0,3.3,985.9,2014-04-24
1916,9434,14.2,8.3,986.75,2014-04-25
1923,9434,15.8,2.2,984.55,2014-04-26
1926,9434,15.6,6.7,986.5999999999999,2014-04-27
1929,9434,16.4,5.8,986.2,2014-04-28
1934,9434,18.8,5.0,985.3,2014-04-29
1939,9434,19.0,5.8,984.95,2014-04-30
1940,9434,18.6,6.4,987.1500000000001,2014-05-01
1944,9434,16.4,13.3,988.4000000000001,2014-05-02
1948,9434,16.7,12.5,987.45,2014-05-03
1955,9434,17.4,6.1,984.8,2014-05-04
1957,9434,18.4,3.1,983.55,2014-05-05
1963,9434,20.6,3.3,985.1,2014-05-06
1964,9434,22.5,4.2,987.3499999999999,2014-05-07
1971,9434,21.2,2.2,988.7,2014-05-08
1975,9434,22.2,6.1,989.95,2014-05-09
1977,9434,22.6,3.9,987.5999999999999,2014-05-10
1983,9434,17.9,8.9,988.4000000000001,2014-05-11
1984,9434,18.3,5.0,987.25,2014-05-12
1990,9434,16.2,9.7,993.1,2014-05-13
1992,9434,16.6,6.1,996.0,2014-05-14
1998,9434,18.4,6.7,992.0,2014-05-15
2000,9434,19.3,6.4,987.1500000000001,2014-05-16
2005,9434,18.8,5.8,984.55,2014-05-17
2010,9434,17.6,3.1,981.1,2014-05-18
2014,9434,18.2,5.8,975.25,2014-05-19
2018,9434,19.4,3.3,977.3,2014-05-20
2022,9434,20.0,8.1,977.25,2014-05-21
2024,9434,17.4,5.6,981.6,2014-05-22
2031,9434,17.6,4.7,983.7,2014-05-23
2032,9434,16.0,6.1,984.8,2014-05-24
2038,9434,18.2,3.3,985.05,2014-05-25
2041,9434,16.8,7.8,989.1500000000001,2014-05-26
2045,9434,17.4,3.6,987.75,2014-05-27
2050,9434,16.6,3.3,984.65,2014-05-28
2054,9434,17.5,6.7,986.7,2014-05-29
2059,9434,18.0,9.2,988.9000000000001,2014-05-30
2062,9434,18.4,6.7,989.1,2014-05-31
2067,9434,19.8,9.7,989.35,2014-06-01
2068,9434,18.9,7.5,988.8,2014-06-02
2075,9434,22.0,3.9,984.95,2014-06-03
2076,9434,19.2,8.3,983.55,2014-06-04
2083,9434,20.8,3.6,982.3,2014-06-05
2087,9434,25.1,6.4,980.25,2014-06-06
2090,9434,25.6,4.4,983.25,2014-06-07
2093,9434,26.7,4.7,984.55,2014-06-08
2097,9434,27.0,4.2,983.1500000000001,2014-06-09
2102,9434,25.2,6.7,985.8,2014-06-10
2106,9434,25.7,2.8,990.0999999999999,2014-06-11
2109,9434,26.2,3.3,990.2,2014-06-12
2113,9434,26.2,5.3,988.0,2014-06-13
2119,9434,24.3,11.9,985.6,2014-06-14
2121,9434,22.5,10.6,984.6,2014-06-15
2124,9434,22.0,5.0,985.05,2014-06-16
2128,9434,22.4,7.2,984.7,2014-06-17
2134,9434,22.3,3.3,985.3,2014-06-18
2137,9434,23.2,2.5,986.25,2014-06-19
2140,9434,26.2,4.4,983.1500000000001,2014-06-20
2147,9434,27.4,4.4,981.8,2014-06-21
2150,9434,26.6,3.6,984.6,2014-06-22
2154,9434,24.5,2.8,986.0,2014-06-23
2156,9434,19.0,0.8,985.5,2014-06-24
2161,9434,21.9,8.6,982.95,2014-06-25
2166,9434,22.1,4.7,985.65,2014-06-26
2168,9434,23.8,3.3,985.0999999999999,2014-06-27
2173,9434,27.8,2.5,981.6,2014-06-28
2179,9434,21.4,8.3,987.9,2014-06-29
2183,9434,22.5,3.3,986.6,2014-06-30
2184,9434,25.0,5.3,980.9,2014-07-01
2190,9434,23.0,2.5,986.55,2014-07-02
2193,9434,21.1,5.3,987.7,2014-07-03
2196,9434,21.9,6.1,985.0,2014-07-04
2203,9434,26.0,3.1,983.45,2014-07-05
2204,9434,23.6,5.3,982.75,2014-07-06
2210,9434,20.3,8.9,987.75,2014-07-07
2213,9434,21.1,5.8,989.05,2014-07-08
2218,9434,20.4,10.3,989.4,2014-07-09
2222,9434,19.8,11.1,988.5,2014-07-10
2227,9434,21.3,10.8,987.7,2014-07-11
2229,9434,20.6,9.7,987.25,2014-07-12
2233,9434,23.6,4.4,985.8,2014-07-13
2236,9434,25.0,7.8,987.3,2014-07-14
2240,9434,26.1,1.9,987.75,2014-07-15
2245,9434,29.6,2.8,987.0999999999999,2014-07-16
2248,9434,30.1,6.1,985.65,2014-07-17
2255,9434,29.8,4.7,980.8,2014-07-18
2256,9434,26.6,3.6,981.25,2014-07-19
2261,9434,23.3,7.8,986.35,2014-07-20
2266,9434,23.4,9.2,989.75,2014-07-21
2271,9434,24.8,6.4,986.4000000000001,2014-07-22
2274,9434,26.0,4.2,981.8,2014-07-23
2278,9434,27.8,3.6,980.5,2014-07-24
2282,9434,27.8,3.6,981.7,2014-07-25
2286,9434,28.0,4.7,984.5,2014-07-26
2289,9434,27.1,6.4,985.95,2014-07-27
2292,9434,25.0,7.2,984.8499999999999,2014-07-28
2299,9434,22.7,10.3,985.8,2014-07-29
2300,9434,23.4,6.4,985.1,2014-07-30
2304,9434,25.2,2.8,982.55,2014-07-31
2308,9434,27.4,3.1,978.6,2014-08-01
2313,9434,24.2,4.2,979.25,2014-08-02
2317,9434,24.6,1.9,981.85,2014-08-03
2322,9434,25.8,3.9,985.35,2014-08-04
2326,9434,26.2,3.1,987.4000000000001,2014-08-05
2329,9434,27.0,4.4,986.0999999999999,2014-08-06
2332,9434,27.8,2.8,984.8499999999999,2014-08-07
2336,9434,29.4,4.7,979.9,2014-08-08
2341,9434,27.0,5.0,981.45,2014-08-09
2347,9434,29.0,2.8,981.35,2014-08-10
2350,9434,25.5,7.5,985.4000000000001,2014-08-11
2353,9434,25.4,2.5,983.2,2014-08-12
2357,9434,21.8,9.7,983.9,2014-08-13
2362,9434,21.6,4.7,988.45,2014-08-14
2365,9434,22.5,5.3,990.0,2014-08-15
2369,9434,21.2,8.9,991.6500000000001,2014-08-16
2372,9434,21.9,1.9,987.45,2014-08-17
2378,9434,26.0,3.6,980.6,2014-08-18
2380,9434,23.2,4.4,984.25,2014-08-19
2386,9434,23.0,6.7,986.35,2014-08-20
2389,9434,22.5,3.9,985.35,2014-08-21
2393,9434,20.8,6.9,986.3,2014-08-22
2396,9434,21.8,4.7,988.85,2014-08-23
2400,9434,23.4,1.9,988.1500000000001,2014-08-24
2407,9434,26.5,2.8,984.55,2014-08-25
2410,9434,27.8,1.9,982.4,2014-08-26
2412,9434,28.2,3.1,984.75,2014-08-27
2417,9434,28.4,1.9,984.25,2014-08-28
2422,9434,25.8,5.6,987.1,2014-08-29
2424,9434,24.6,3.3,987.55,2014-08-30
2431,9434,25.6,4.7,986.95,2014-08-31
2432,9434,25.8,4.7,985.4,2014-09-01
2439,9434,27.4,6.1,982.9000000000001,2014-09-02
2443,9434,26.6,0.6,980.5,2014-09-03
2446,9434,27.4,2.5,982.7,2014-09-04
2448,9434,26.6,2.5,983.3499999999999,2014-09-05
2452,9434,26.9,1.1,981.15,2014-09-06
2457,9434,27.4,3.3,980.6500000000001,2014-09-07
2462,9434,24.5,1.7,985.0999999999999,2014-09-08
2465,9434,25.0,0.8,985.45,2014-09-09
2471,9434,26.6,1.7,982.3,2014-09-10
2474,9434,26.4,3.9,981.95,2014-09-11
2479,9434,27.3,5.6,984.5,2014-09-12
2483,9434,25.7,2.8,984.95,2014-09-13
2485,9434,26.0,2.5,982.15,2014-09-14
2491,9434,24.2,1.9,982.55,2014-09-15
2494,9434,25.2,6.4,978.6,2014-09-16
2499,9434,24.3,3.3,977.2,2014-09-17
2503,9434,24.4,2.8,978.75,2014-09-18
2504,9434,24.2,1.4,982.35,2014-09-19
2508,9434,23.4,2.2,986.45,2014-09-20
2512,9434,24.6,2.5,987.5,2014-09-21
2518,9434,20.3,2.2,984.95,2014-09-22
2520,9434,20.8,4.7,984.1,2014-09-23
2524,9434,19.2,6.4,987.25,2014-09-24
2530,9434,19.4,4.7,990.55,2014-09-25
2534,9434,18.1,0.8,992.7,2014-09-26
2538,9434,18.7,2.5,992.3,2014-09-27
2541,9434,19.2,3.6,991.8,2014-09-28
2544,9434,21.8,1.1,992.1,2014-09-29
2548,9434,22.2,4.7,994.1,2014-09-30
2555,9434,20.2,0.8,995.3,2014-10-01
2557,9434,20.1,0.6,993.8,2014-10-02
2560,9434,21.2,0.3,991.05,2014-10-03
2564,9434,20.4,1.1,987.2,2014-10-04
2570,9434,19.6,4.7,986.65,2014-10-05
2574,9434,19.9,1.9,981.95,2014-10-06
2577,9434,21.8,3.3,981.85,2014-10-07
2581,9434,21.6,3.3,982.9,2014-10-08
2584,9434,23.1,2.5,981.05,2014-10-09
2588,9434,17.7,1.9,982.6500000000001,2014-10-10
2594,9434,19.0,4.4,981.2,2014-10-11
2598,9434,19.9,2.8,977.8499999999999,2014-10-12
2603,9434,17.0,2.5,979.55,2014-10-13
2607,9434,16.2,2.2,979.65,2014-10-14
2610,9434,16.8,3.3,982.0,2014-10-15
2614,9434,21.8,4.4,983.3,2014-10-16
2617,9434,21.0,2.2,986.65,2014-10-17
2621,9434,21.2,3.6,989.45,2014-10-18
2626,9434,21.6,1.7,991.5,2014-10-19
2629,9434,21.8,1.4,991.45,2014-10-20
2634,9434,21.0,3.1,993.6,2014-10-21
2639,9434,17.2,10.3,995.2,2014-10-22
2641,9434,18.5,9.4,991.75,2014-10-23
2646,9434,22.2,4.7,987.5,2014-10-24
2649,9434,21.6,3.3,989.8499999999999,2014-10-25
2653,9434,19.6,1.4,991.0,2014-10-26
2657,9434,17.6,1.7,990.25,2014-10-27
2661,9434,17.5,1.7,986.8,2014-10-28
2667,9434,15.5,0.8,988.6,2014-10-29
2669,9434,15.6,1.1,992.0,2014-10-30
2672,9434,15.1,0.8,993.55,2014-10-31
2679,9434,15.8,0.8,993.2,2014-11-01
2683,9434,15.9,1.7,989.15,2014-11-02
2685,9434,16.3,1.9,977.95,2014-11-03
2688,9434,13.8,5.3,970.0,2014-11-04
2693,9434,10.7,9.7,977.8,2014-11-05
2696,9434,11.7,3.9,984.2,2014-11-06
2701,9434,13.1,4.4,983.45,2014-11-07
2704,9434,11.8,1.9,982.05,2014-11-08
2709,9434,11.6,3.9,979.75,2014-11-09
2714,9434,10.0,2.5,982.0,2014-11-10
2719,9434,8.5,4.4,975.75,2014-11-11
2722,9434,11.7,1.4,978.2,2014-11-12
2724,9434,12.9,2.2,980.6,2014-11-13
2729,9434,15.1,3.9,975.85,2014-11-14
2733,9434,14.3,8.1,977.75,2014-11-15
2737,9434,13.2,6.1,979.25,2014-11-16
2743,9434,11.3,2.5,979.65,2014-11-17
2747,9434,9.4,0.6,982.55,2014-11-18
2751,9434,10.4,0.8,986.5,2014-11-19
2755,9434,11.4,0.8,989.4000000000001,2014-11-20
2757,9434,12.0,0.8,988.95,2014-11-21
2763,9434,13.7,0.8,986.25,2014-11-22
2766,9434,16.5,4.4,985.05,2014-11-23
2771,9434,15.7,0.6,987.0,2014-11-24
2774,9434,14.7,0.3,986.35,2014-11-25
2778,9434,13.2,2.5,982.1,2014-11-26
2780,9434,11.3,4.7,972.2,2014-11-27
2786,9434,14.0,7.5,962.8,2014-11-28
2791,9434,13.8,2.8,967.25,2014-11-29
2793,9434,13.7,3.6,970.2,2014-11-30
2796,9434,11.4,11.4,973.05,2014-12-01
2803,9434,11.1,8.9,978.75,2014-12-02
2807,9434,8.6,6.1,981.3,2014-12-03
2808,9434,8.2,3.9,983.0,2014-12-04
2812,9434,9.3,7.5,988.25,2014-12-05
2817,9434,7.1,10.8,991.85,2014-12-06
2823,9434,7.0,10.3,994.5999999999999,2014-12-07
2824,9434,10.8,8.6,995.2,2014-12-08
2829,9434,8.1,11.4,997.55,2014-12-09
2834,9434,10.0,10.0,998.8,2014-12-10
2838,9434,9.0,6.9,996.7,2014-12-11
2841,9434,7.0,3.6,989.7,2014-12-12
2846,9434,7.9,1.7,983.8499999999999,2014-12-13
2850,9434,8.6,2.5,985.0,2014-12-14
2852,9434,8.9,6.9,987.05,2014-12-15
2859,9434,10.2,8.3,987.4,2014-12-16
2862,9434,12.0,6.7,992.1500000000001,2014-12-17
2867,9434,12.8,9.2,996.2,2014-12-18
2870,9434,10.2,6.1,999.7,2014-12-19
2874,9434,11.4,7.2,1000.75,2014-12-20
2878,9434,9.4,5.0,1001.7,2014-12-21
2880,9434,3.9,1.1,1002.5,2014-12-22
2886,9434,3.1,0.3,1000.0,2014-12-23
2888,9434,3.3,1.9,1000.1,2014-12-24
2893,9434,4.4,0.3,1000.75,2014-12-25
2898,9434,11.9,7.5,998.85,2014-12-26
2900,9434,10.2,5.3,989.95,2014-12-27
2904,9434,6.6,8.1,987.5999999999999,2014-12-28
2908,9434,4.5,9.4,998.7,2014-12-29
2914,9434,5.4,7.5,1003.05,2014-12-30
2917,9434,8.2,8.3,998.85,2014-12-31
2923,9434,6.2,1.7,1002.0,2015-01-01
2925,9434,5.0,0.0,1006.3499999999999,2015-01-02
2930,9434,6.9,3.1,1004.75,2015-01-03
2932,9434,10.5,9.2,1002.4000000000001,2015-01-04
2937,9434,3.1,0.3,999.0,2015-01-05
2942,9434,7.3,3.3,996.4,2015-01-06
2946,9434,5.6,0.6,1000.9,2015-01-07
2950,9434,4.5,2.8,1007.05,2015-01-08
2953,9434,7.6,2.5,1010.65,2015-01-09
2959,9434,10.2,3.3,1003.75,2015-01-10
2962,9434,10.6,7.8,1001.4,2015-01-11
2967,9434,6.0,2.2,1001.5,2015-01-12
2970,9434,3.8,3.3,995.3,2015-01-13
2975,9434,7.0,0.8,994.7,2015-01-14
2978,9434,6.5,1.9,986.45,2015-01-15
2981,9434,7.6,3.3,983.05,2015-01-16
2987,9434,5.9,3.6,990.65,2015-01-17
2989,9434,3.0,2.2,984.4000000000001,2015-01-18
2994,9434,6.3,8.1,980.6,2015-01-19
2997,9434,5.1,4.4,980.55,2015-01-20
3002,9434,6.8,4.4,978.25,2015-01-21
3006,9434,6.0,7.5,983.0,2015-01-22
3010,9434,7.2,11.1,990.9,2015-01-23
3012,9434,7.8,9.7,994.5,2015-01-24
3019,9434,7.4,13.9,995.25,2015-01-25
3022,9434,8.0,12.2,996.85,2015-01-26
3027,9434,10.8,11.4,995.6500000000001,2015-01-27
3028,9434,9.4,8.3,991.8,2015-01-28
3035,9434,11.1,10.8,978.45,2015-01-29
3038,9434,10.6,4.4,964.75,2015-01-30
3040,9434,7.2,8.9,967.0999999999999,2015-01-31
3047,9434,5.7,9.4,978.2,2015-02-01
3048,9434,7.5,3.3,976.1,2015-02-02
3053,9434,5.4,7.2,970.5,2015-02-03
3056,9434,2.8,10.8,972.4000000000001,2015-02-04
3061,9434,3.4,14.2,979.0,2015-02-05
3065,9434,2.1,10.6,981.45,2015-02-06
3069,9434,3.3,3.9,988.75,2015-02-07
3072,9434,4.6,11.1,991.0999999999999,2015-02-08
3079,9434,5.0,1.4,994.8499999999999,2015-02-09
3082,9434,4.2,1.1,994.3,2015-02-10
3087,9434,3.4,0.8,992.2,2015-02-11
3090,9434,6.6,0.8,990.45,2015-02-12
3092,9434,8.4,4.7,989.25,2015-02-13
3096,9434,9.0,0.8,983.9,2015-02-14
3103,9434,10.4,3.1,982.5,2015-02-15
3106,9434,10.2,6.7,988.25,2015-02-16
3111,9434,9.6,10.6,996.1500000000001,2015-02-17
3115,9434,7.4,6.4,1002.05,2015-02-18
3119,9434,6.6,0.8,1000.05,2015-02-19
3123,9434,6.8,3.1,989.4000000000001,2015-02-20
3127,9434,8.8,7.8,979.5,2015-02-21
3129,9434,8.4,9.7,981.75,2015-02-22
3132,9434,12.9,5.6,981.45,2015-02-23
3136,9434,7.4,7.8,990.1500000000001,2015-02-24
3141,9434,9.2,10.3,992.8,2015-02-25
3145,9434,13.4,8.9,990.5999999999999,2015-02-26
3148,9434,9.8,11.4,991.05,2015-02-27
3153,9434,10.0,5.0,991.4,2015-02-28
3157,9434,15.4,2.5,990.9000000000001,2015-03-01
3160,9434,17.2,4.2,992.05,2015-03-02
3164,9434,14.2,1.4,992.8499999999999,2015-03-03
3168,9434,9.6,11.4,999.3499999999999,2015-03-04
3174,9434,9.1,11.9,1001.4,2015-03-05
3178,9434,10.9,1.9,1000.0,2015-03-06
3181,9434,11.6,3.3,996.85,2015-03-07
3185,9434,13.2,3.3,992.7,2015-03-08
3188,9434,15.0,3.3,992.9,2015-03-09
3192,9434,13.0,0.3,994.55,2015-03-10
3199,9434,14.8,3.9,993.1,2015-03-11
3203,9434,16.0,2.5,989.8,2015-03-12
3207,9434,11.2,6.7,992.85,2015-03-13
3208,9434,8.8,7.5,991.8,2015-03-14
3212,9434,8.9,8.1,987.95,2015-03-15
3218,9434,8.5,2.2,987.8499999999999,2015-03-16
3221,9434,10.0,4.7,988.45,2015-03-17
3225,9434,9.2,2.2,989.5,2015-03-18
3228,9434,12.1,1.1,988.05,2015-03-19
3233,9434,11.2,4.2,984.7,2015-03-20
3236,9434,9.6,6.1,980.35,2015-03-21
3241,9434,9.0,5.8,981.5,2015-03-22
3244,9434,8.2,2.8,979.75,2015-03-23
3248,9434,9.2,5.8,977.5,2015-03-24
3255,9434,8.2,13.3,979.55,2015-03-25
3257,9434,10.0,8.6,986.0999999999999,2015-03-26
3263,9434,14.2,9.7,993.05,2015-03-27
3266,9434,16.2,7.5,996.25,2015-03-28
3268,9434,14.8,7.2,994.7,2015-03-29
3272,9434,15.7,4.4,995.4,2015-03-30
3278,9434,17.4,7.8,997.55,2015-03-31
3280,9434,13.2,12.8,997.65,2015-04-01
3285,9434,14.6,6.9,994.25,2015-04-02
3290,9434,16.6,6.4,988.65,2015-04-03
3293,9434,13.8,9.7,985.75,2015-04-04
3299,9434,14.3,8.9,983.35,2015-04-05
3300,9434,13.4,1.9,989.1500000000001,2015-04-06
3304,9434,12.5,4.7,996.1,2015-04-07
3311,9434,12.0,4.4,999.2,2015-04-08
3314,9434,13.2,3.3,994.3,2015-04-09
3319,9434,15.1,3.1,992.55,2015-04-10
3322,9434,16.6,1.9,994.6,2015-04-11
3325,9434,16.4,4.4,996.5,2015-04-12
3330,9434,16.2,3.1,997.8,2015-04-13
3334,9434,17.9,3.9,993.7,2015-04-14
3339,9434,14.4,1.9,988.1,2015-04-15
3343,9434,16.2,4.2,984.6500000000001,2015-04-16
3347,9434,17.4,3.3,986.5,2015-04-17
3350,9434,17.2,5.0,982.25,2015-04-18
3353,9434,14.7,5.6,986.15,2015-04-19
3356,9434,15.4,1.1,990.5,2015-04-20
3360,9434,16.7,4.7,992.05,2015-04-21
3364,9434,18.8,3.6,989.9,2015-04-22
3369,9434,16.8,3.1,987.7,2015-04-23
3373,9434,17.3,1.9,984.2,2015-04-24
3378,9434,19.0,1.1,982.5,2015-04-25
3381,9434,16.5,1.9,977.9,2015-04-26
3385,9434,15.4,7.5,981.85,2015-04-27
3388,9434,14.2,8.6,988.75,2015-04-28
3394,9434,15.9,1.9,988.8499999999999,2015-04-29
3396,9434,17.8,1.7,987.95,2015-04-30
3401,9434,20.0,4.4,984.8,2015-05-01
3406,9434,22.3,4.4,982.6,2015-05-02
3408,9434,21.8,1.9,980.95,2015-05-03
3415,9434,22.0,3.1,977.35,2015-05-04
3418,9434,21.2,2.5,980.15,2015-05-05
3421,9434,18.8,3.6,986.7,2015-05-06
3426,9434,20.0,4.7,986.0,2015-05-07
3429,9434,20.5,3.9,987.7,2015-05-08
3432,9434,21.4,4.2,993.3,2015-05-09
3437,9434,23.0,3.6,991.5,2015-05-10
3443,9434,24.4,3.1,990.0999999999999,2015-05-11
3446,9434,24.5,1.9,990.6,2015-05-12
3451,9434,26.7,3.3,989.1500000000001,2015-05-13
3454,9434,22.6,6.1,984.75,2015-05-14
3459,9434,15.3,10.6,991.5,2015-05-15
3463,9434,17.2,11.1,990.6,2015-05-16
3467,9434,20.6,8.6,992.2,2015-05-17
3469,9434,21.0,2.5,984.05,2015-05-18
3473,9434,14.5,8.3,985.0,2015-05-19
3478,9434,14.4,9.4,990.8,2015-05-20
3482,9434,15.8,11.1,994.65,2015-05-21
3484,9434,16.5,9.7,992.5,2015-05-22
3489,9434,17.8,10.3,988.7,2015-05-23
3493,9434,19.4,5.6,986.75,2015-05-24
3499,9434,19.6,10.3,987.8,2015-05-25
3503,9434,17.6,12.2,988.75,2015-05-26
3506,9434,20.6,8.3,988.95,2015-05-27
3509,9434,21.6,2.8,986.8,2015-05-28
3512,9434,22.3,5.3,984.3,2015-05-29
3519,9434,20.8,4.2,986.5999999999999,2015-05-30
3522,9434,22.9,2.2,985.75,2015-05-31
3524,9434,24.4,3.3,986.35,2015-06-01
3531,9434,24.9,2.2,987.95,2015-06-02
3532,9434,26.8,3.1,989.6,2015-06-03
3536,9434,26.9,4.2,989.15,2015-06-04
3540,9434,25.4,3.3,988.35,2015-06-05
3544,9434,26.2,3.3,990.1,2015-06-06
3551,9434,25.7,3.1,990.25,2015-06-07
3552,9434,27.4,4.7,987.25,2015-06-08
3557,9434,25.8,5.0,984.6500000000001,2015-06-09
3561,9434,22.3,4.2,983.6500000000001,2015-06-10
3564,9434,19.3,2.5,982.55,2015-06-11
3570,9434,21.6,3.9,980.6,2015-06-12
3573,9434,19.9,1.4,980.3,2015-06-13
3577,9434,20.3,1.9,982.55,2015-06-14
3580,9434,20.6,5.3,986.95,2015-06-15
3586,9434,19.8,10.0,991.3,2015-06-16
3588,9434,20.8,10.8,991.6,2015-06-17
3592,9434,22.4,8.3,990.55,2015-06-18
3599,9434,22.2,11.1,988.35,2015-06-19
3602,9434,23.5,5.6,988.75,2015-06-20
3607,9434,25.8,3.9,987.55,2015-06-21
3610,9434,27.2,1.7,984.0,2015-06-22
3613,9434,25.5,6.4,984.15,2015-06-23
3618,9434,24.0,3.6,987.9,2015-06-24
3623,9434,26.6,1.1,990.05,2015-06-25
3625,9434,28.6,1.4,989.45,2015-06-26
3628,9434,28.6,4.2,988.8499999999999,2015-06-27
3632,9434,30.8,3.3,988.2,2015-06-28
3637,9434,28.9,3.9,988.0,2015-06-29
3641,9434,31.0,5.0,984.25,2015-06-30
3646,9434,30.6,8.1,983.6,2015-07-01
3650,9434,28.9,5.3,987.75,2015-07-02
3654,9434,29.8,8.6,988.5999999999999,2015-07-03
3657,9434,30.0,5.3,988.7,2015-07-04
3662,9434,31.2,2.8,986.8,2015-07-05
3664,9434,31.2,4.4,986.5,2015-07-06
3671,9434,33.8,3.3,983.95,2015-07-07
3675,9434,24.4,11.9,987.75,2015-07-08
3679,9434,25.0,7.2,987.45,2015-07-09
3682,9434,28.2,2.5,985.0,2015-07-10
3686,9434,26.7,6.4,989.75,2015-07-11
3688,9434,27.6,5.8,988.75,2015-07-12
3692,9434,28.5,6.1,988.75,2015-07-13
3698,9434,29.5,4.7,987.45,2015-07-14
3700,9434,30.2,3.9,984.95,2015-07-15
3704,9434,30.8,3.1,984.3,2015-07-16
3708,9434,29.6,2.2,991.1500000000001,2015-07-17
3715,9434,27.8,3.9,985.7,2015-07-18
3717,9434,27.9,1.9,985.0,2015-07-19
3721,9434,31.0,2.8,984.3499999999999,2015-07-20
3724,9434,29.5,3.1,984.5,2015-07-21
3730,9434,27.0,6.9,986.6500000000001,2015-07-22
3734,9434,28.2,3.3,984.55,2015-07-23
3739,9434,29.0,5.0,981.2,2015-07-24
3741,9434,23.4,9.4,986.3499999999999,2015-07-25
3747,9434,25.9,2.2,984.5,2015-07-26
3750,9434,26.6,6.4,984.1,2015-07-27
3754,9434,26.8,4.7,983.7,2015-07-28
3756,9434,28.4,6.1,981.75,2015-07-29
3760,9434,23.0,8.6,983.4,2015-07-30
3767,9434,23.1,2.5,981.7,2015-07-31
3771,9434,21.4,5.3,985.3,2015-08-01
3772,9434,24.8,3.6,985.6,2015-08-02
3779,9434,29.0,4.113333333333333,984.9000000000001,2015-08-03
3783,9434,26.2,3.6,985.75,2015-08-04
3787,9434,28.8,3.9,983.1,2015-08-05
3790,9434,28.8,5.3,983.0,2015-08-06
3794,9434,28.4,5.6,985.15,2015-08-07
3796,9434,19.6,5.0,990.15,2015-08-08
3802,9434,21.4,7.2,990.9000000000001,2015-08-09
3804,9434,25.4,2.8,986.25,2015-08-10
3808,9434,27.2,4.7,982.2,2015-08-11
3815,9434,30.4,3.6,984.6500000000001,2015-08-12
3817,9434,26.2,6.4,984.85,2015-08-13
3820,9434,22.3,5.6,986.35,2015-08-14
3824,9434,22.4,6.9,984.7,2015-08-15
3829,9434,22.4,1.4,983.25,2015-08-16
3833,9434,23.8,5.8,982.45,2015-08-17
3839,9434,22.8,5.0,985.65,2015-08-18
3841,9434,23.0,2.8,988.05,2015-08-19
3844,9434,25.2,0.6,989.7,2015-08-20
3848,9434,27.4,1.7,988.15,2015-08-21
3852,9434,27.8,4.4,982.95,2015-08-22
3856,9434,26.6,3.9,976.65,2015-08-23
3861,9434,22.6,4.2,982.7,2015-08-24
3865,9434,22.4,1.4,988.65,2015-08-25
3868,9434,27.2,4.7,984.6500000000001,2015-08-26
3874,9434,27.9,3.3,983.45,2015-08-27
3879,9434,28.1,2.2,986.0,2015-08-28
3883,9434,28.5,4.7,987.2,2015-08-29
3884,9434,27.9,5.6,986.55,2015-08-30
3891,9434,26.5,2.2,984.1500000000001,2015-08-31
3892,9434,23.9,5.8,987.85,2015-09-01
3899,9434,20.0,1.9,985.6500000000001,2015-09-02
3903,9434,20.8,6.4,985.1,2015-09-03
3907,9434,19.8,5.0,986.95,2015-09-04
3908,9434,18.6,5.0,990.25,2015-09-05
3915,9434,19.6,3.3,991.55,2015-09-06
3918,9434,19.2,4.2,990.5,2015-09-07
3922,9434,19.6,1.9,987.8,2015-09-08
3926,9434,21.0,3.3,984.7,2015-09-09
3931,9434,22.6,1.4,984.15,2015-09-10
3933,9434,24.6,5.8,983.55,2015-09-11
3936,9434,24.2,4.4,981.8,2015-09-12
3943,9434,22.8,1.9,979.25,2015-09-13
3946,9434,22.0,2.2,982.4,2015-09-14
3951,9434,20.6,1.1,978.6500000000001,2015-09-15
3953,9434,24.2,5.3,972.95,2015-09-16
3957,9434,19.1,5.3,981.15,2015-09-17
3962,9434,17.6,2.5,990.3,2015-09-18
3967,9434,19.4,4.2,993.15,2015-09-19
3970,9434,21.4,4.2,990.6,2015-09-20
3974,9434,21.0,2.5,986.45,2015-09-21
3977,9434,20.4,5.3,983.9,2015-09-22
3980,9434,18.8,7.5,986.95,2015-09-23
3984,9434,19.5,5.6,988.65,2015-09-24
3990,9434,23.0,6.1,986.65,2015-09-25
3995,9434,21.2,4.2,987.15,2015-09-26
3998,9434,21.1,3.1,989.95,2015-09-27
4002,9434,19.1,2.8,991.8499999999999,2015-09-28
4004,9434,18.4,3.9,987.25,2015-09-29
4008,9434,20.2,3.1,988.5,2015-09-30
4012,9434,19.5,1.7,989.4,2015-10-01
4016,9434,18.8,1.9,986.2,2015-10-02
4022,9434,16.6,1.7,985.65,2015-10-03
4026,9434,14.8,2.5,987.65,2015-10-04
4028,9434,22.6,3.3,984.0999999999999,2015-10-05
4033,9434,22.1,7.5,983.5,2015-10-06
4038,9434,17.9,5.3,988.15,2015-10-07
4042,9434,17.0,3.6,987.65,2015-10-08
4047,9434,17.5,1.4,984.55,2015-10-09
4051,9434,17.0,2.2,980.3,2015-10-10
4054,9434,16.7,1.4,977.55,2015-10-11
4056,9434,21.0,3.6,981.1500000000001,2015-10-12
4063,9434,15.2,7.2,984.6,2015-10-13
4065,9434,13.3,10.6,984.45,2015-10-14
4069,9434,13.0,3.6,985.6,2015-10-15
4072,9434,11.8,1.4,986.7,2015-10-16
4079,9434,13.8,2.2,984.0,2015-10-17
4081,9434,18.2,1.7,982.95,2015-10-18
4084,9434,17.8,1.1,982.05,2015-10-19
4088,9434,14.7,9.4,986.0,2015-10-20
4094,9434,14.4,9.2,988.75,2015-10-21
4096,9434,14.2,9.4,990.3499999999999,2015-10-22
4103,9434,15.7,1.4,989.7,2015-10-23
4106,9434,16.7,0.8,989.4000000000001,2015-10-24
4111,9434,16.5,1.9,989.95,2015-10-25
4112,9434,17.4,4.2,984.6,2015-10-26
4118,9434,17.6,4.7,981.1500000000001,2015-10-27
4123,9434,16.0,3.9,985.2,2015-10-28
4127,9434,17.4,3.6,987.5999999999999,2015-10-29
4131,9434,16.9,4.2,988.8,2015-10-30
4134,9434,17.7,3.3,991.25,2015-10-31
4136,9434,13.9,4.4,993.55,2015-11-01
4141,9434,14.1,2.5,987.35,2015-11-02
4145,9434,14.0,2.5,988.5999999999999,2015-11-03
4150,9434,15.2,1.4,990.75,2015-11-04
4153,9434,17.0,3.9,992.25,2015-11-05
4158,9434,17.6,0.8,995.15,2015-11-06
4162,9434,17.4,1.1,997.15,2015-11-07
4166,9434,14.2,1.9,998.85,2015-11-08
4169,9434,15.9,2.2,1001.9,2015-11-09
4172,9434,13.5,1.1,999.7,2015-11-10
4176,9434,12.2,0.3,996.25,2015-11-11
4182,9434,11.2,0.8,996.3,2015-11-12
4184,9434,13.8,2.5,1000.0,2015-11-13
4188,9434,13.2,0.6,1001.0,2015-11-14
4194,9434,9.4,1.4,996.9000000000001,2015-11-15
4197,9434,9.8,1.4,993.85,2015-11-16
4203,9434,9.6,1.9,995.8,2015-11-17
4207,9434,10.0,1.4,997.3499999999999,2015-11-18
4210,9434,13.8,4.4,998.35,2015-11-19
4214,9434,14.2,3.9,992.7,2015-11-20
4217,9434,11.2,9.4,983.15,2015-11-21
4223,9434,8.2,5.3,984.0,2015-11-22
4227,9434,6.9,8.1,989.55,2015-11-23
4230,9434,7.5,5.6,994.55,2015-11-24
4234,9434,12.2,10.3,989.6,2015-11-25
4239,9434,12.7,11.7,987.2,2015-11-26
4240,9434,11.6,9.4,986.3,2015-11-27
4244,9434,11.2,8.6,993.7,2015-11-28
4250,9434,9.6,6.4,1003.45,2015-11-29
4254,9434,7.3,1.9,1004.0,2015-11-30
4259,9434,6.0,0.6,1001.95,2015-12-01
4263,9434,7.0,1.7,998.85,2015-12-02
4266,9434,7.4,1.7,1000.1500000000001,2015-12-03
4269,9434,8.7,3.1,1003.25,2015-12-04
4273,9434,9.6,0.8,1001.3,2015-12-05
4279,9434,9.0,0.6,999.3,2015-12-06
4283,9434,10.9,1.4,999.3,2015-12-07
4285,9434,10.8,1.4,1001.9,2015-12-08
4290,9434,11.4,2.8,1005.5,2015-12-09
4293,9434,7.0,1.4,1004.1,2015-12-10
4298,9434,6.8,1.1,1003.55,2015-12-11
4301,9434,6.5,0.8,998.2,2015-12-12
4304,9434,6.0,1.1,992.95,2015-12-13
4310,9434,5.9,1.9,992.55,2015-12-14
4313,9434,7.2,1.1,996.95,2015-12-15
4316,9434,9.2,0.8,1000.9000000000001,2015-12-16
4320,9434,9.0,2.5,998.1500000000001,2015-12-17
4327,9434,8.0,1.4,992.3,2015-12-18
4329,9434,9.9,2.5,994.0,2015-12-19
4333,9434,8.2,1.9,994.9,2015-12-20
4336,9434,9.2,0.3,1000.5,2015-12-21
4340,9434,6.2,1.7,1002.7,2015-12-22
4345,9434,6.1,2.2,1000.9,2015-12-23
4348,9434,7.8,1.4,999.25,2015-12-24
4355,9434,4.9,0.8,1001.7,2015-12-25
4358,9434,3.6,2.2,1002.05,2015-12-26
4360,9434,3.2,2.2,1001.05,2015-12-27
4366,9434,7.6,4.4,997.2,2015-12-28
4368,9434,10.4,2.5,998.1,2015-12-29
4373,9434,9.4,3.1,995.75,2015-12-30
4378,9434,8.8,1.7,994.25,2015-12-31
4383,9434,9.8,3.6,990.45,2016-01-01
4387,9434,8.4,2.5,988.75,2016-01-02
4389,9434,9.1,2.5,981.8,2016-01-03
4393,9434,11.8,1.7,973.45,2016-01-04
4397,9434,8.8,3.1,975.8499999999999,2016-01-05
4400,9434,8.8,8.3,980.3,2016-01-06
4407,9434,15.4,8.1,978.9000000000001,2016-01-07
4409,9434,16.8,2.5,978.5,2016-01-08
4413,9434,14.8,4.7,976.85,2016-01-09
4416,9434,16.2,9.2,973.7,2016-01-10
4421,9434,13.4,11.4,977.3499999999999,2016-01-11
4424,9434,9.6,3.6,989.9,2016-01-12
4430,9434,6.6,1.7,993.3,2016-01-13
4434,9434,8.1,2.8,987.85,2016-01-14
4437,9434,7.8,9.4,993.25,2016-01-15
4440,9434,5.6,7.8,997.75,2016-01-16
4445,9434,6.7,3.9,994.2,2016-01-17
4449,9434,8.0,5.0,985.8,2016-01-18
4452,9434,6.6,3.1,987.35,2016-01-19
4457,9434,6.0,1.7,987.3,2016-01-20
4461,9434,6.6,0.8,991.85,2016-01-21
4465,9434,6.6,1.1,998.05,2016-01-22
4468,9434,10.8,1.7,1002.3499999999999,2016-01-23
4472,9434,9.6,1.1,1001.6,2016-01-24
4478,9434,9.6,1.7,1000.75,2016-01-25
4481,9434,10.4,0.3,1000.75,2016-01-26
4486,9434,9.8,1.1,999.2,2016-01-27
4489,9434,9.4,3.3,999.0999999999999,2016-01-28
4495,9434,9.7,1.9,1002.3,2016-01-29
4498,9434,8.6,1.7,1001.7,2016-01-30
4503,9434,9.2,3.1,1000.55,2016-01-31
4506,9434,12.8,6.7,1000.45,2016-02-01
4510,9434,8.9,4.7,997.45,2016-02-02
4513,9434,10.3,8.6,1000.85,2016-02-03
4517,9434,8.4,6.1,1001.95,2016-02-04
4520,9434,6.8,1.7,998.2,2016-02-05
4526,9434,7.8,4.2,986.45,2016-02-06
4531,9434,9.8,6.4,985.0,2016-02-07
4535,9434,11.8,7.5,991.05,2016-02-08
4537,9434,13.8,8.9,983.8,2016-02-09
4542,9434,10.0,3.9,979.3,2016-02-10
4545,9434,9.6,3.1,981.2,2016-02-11
4549,9434,12.2,5.3,976.85,2016-02-12
4554,9434,16.6,5.8,971.5,2016-02-13
4558,9434,11.1,5.8,970.8,2016-02-14
4562,9434,7.4,11.1,983.3,2016-02-15
4566,9434,6.5,11.1,993.95,2016-02-16
4571,9434,4.6,1.1,990.9,2016-02-17
4575,9434,8.0,5.8,989.2,2016-02-18
4576,9434,7.2,4.7,995.5,2016-02-19
4582,9434,7.4,1.7,1000.1,2016-02-20
4587,9434,8.2,1.1,995.8,2016-02-21
4589,9434,10.7,2.8,989.5,2016-02-22
4592,9434,10.8,6.1,993.0,2016-02-23
4596,9434,11.6,3.3,987.0,2016-02-24
4602,9434,12.4,7.8,984.35,2016-02-25
4607,9434,10.4,3.3,975.25,2016-02-26
4609,9434,5.4,7.8,962.95,2016-02-27
4613,9434,8.1,11.1,973.05,2016-02-28
4618,9434,9.3,15.3,986.55,2016-02-29
4622,9434,10.0,8.9,994.95,2016-03-01
4626,9434,11.4,6.7,990.5999999999999,2016-03-02
4630,9434,10.1,7.8,987.6,2016-03-03
4634,9434,11.6,2.5,977.5,2016-03-04
4636,9434,8.6,5.3,976.1,2016-03-05
4643,9434,8.3,6.9,978.95,2016-03-06
4645,9434,8.7,6.9,978.6,2016-03-07
4649,9434,8.4,8.9,985.85,2016-03-08
4654,9434,8.2,6.1,983.8,2016-03-09
4658,9434,8.4,8.1,983.8,2016-03-10
4662,9434,9.2,10.0,989.2,2016-03-11
4667,9434,9.2,8.1,991.0,2016-03-12
4671,9434,9.6,8.6,988.5999999999999,2016-03-13
4675,9434,4.0,0.6,988.3,2016-03-14
4676,9434,7.6,2.8,989.25,2016-03-15
4682,9434,9.5,8.1,986.45,2016-03-16
4685,9434,8.3,1.9,988.95,2016-03-17
4688,9434,8.4,2.5,986.5999999999999,2016-03-18
4694,9434,10.4,3.9,982.9,2016-03-19
4699,9434,11.4,0.8,982.65,2016-03-20
4701,9434,13.3,2.8,981.95,2016-03-21
4706,9434,11.5,8.9,977.6,2016-03-22
4711,9434,11.0,12.5,978.7,2016-03-23
4712,9434,13.0,8.3,985.0999999999999,2016-03-24
4717,9434,10.8,4.7,990.25,2016-03-25
4721,9434,15.6,3.1,987.55,2016-03-26
4727,9434,14.4,3.1,986.25,2016-03-27
4731,9434,15.1,5.0,985.1500000000001,2016-03-28
4733,9434,15.9,3.1,985.3,2016-03-29
4736,9434,16.4,4.4,980.9,2016-03-30
4741,9434,11.3,7.8,980.85,2016-03-31
4745,9434,11.1,10.3,984.8,2016-04-01
4749,9434,10.5,2.5,981.8,2016-04-02
4752,9434,15.0,5.0,979.2,2016-04-03
4758,9434,11.4,2.8,976.5999999999999,2016-04-04
4762,9434,11.6,8.1,978.7,2016-04-05
4765,9434,13.3,9.7,984.9,2016-04-06
4769,9434,12.7,11.1,984.8,2016-04-07
4774,9434,10.2,10.0,985.0,2016-04-08
4777,9434,12.5,3.3,981.4000000000001,2016-04-09
4780,9434,14.4,2.8,975.45,2016-04-10
4785,9434,13.6,3.3,978.4,2016-04-11
4789,9434,15.8,4.7,979.45,2016-04-12
4792,9434,16.4,5.3,981.8,2016-04-13
4798,9434,16.0,3.1,982.5,2016-04-14
4803,9434,18.6,3.1,979.1,2016-04-15
4804,9434,18.8,3.6,979.35,2016-04-16
4808,9434,17.2,3.6,984.3,2016-04-17
4813,9434,15.0,1.9,988.3,2016-04-18
4817,9434,15.9,4.2,986.8,2016-04-19
4820,9434,13.5,1.1,986.3,2016-04-20
4827,9434,16.6,2.8,988.6500000000001,2016-04-21
4829,9434,14.0,1.4,988.2,2016-04-22
4832,9434,15.8,6.7,984.85,2016-04-23
4836,9434,13.4,11.4,987.05,2016-04-24
4841,9434,13.1,6.1,986.2,2016-04-25
4845,9434,14.4,5.3,982.35,2016-04-26
4848,9434,14.1,4.2,981.3499999999999,2016-04-27
4854,9434,14.0,6.1,984.75,2016-04-28
4856,9434,12.5,3.1,986.9000000000001,2016-04-29
4862,9434,12.8,7.8,990.8,2016-04-30
4867,9434,12.2,11.1,994.95,2016-05-01
4870,9434,15.4,6.9,992.0,2016-05-02
4875,9434,16.7,7.8,990.75,2016-05-03
4877,9434,17.4,2.2,987.95,2016-05-04
4882,9434,18.1,3.6,982.3,2016-05-05
4884,9434,17.6,6.4,980.8,2016-05-06
4889,9434,17.6,6.1,977.3499999999999,2016-05-07
4892,9434,15.7,7.2,973.75,2016-05-08
4899,9434,16.6,4.7,974.95,2016-05-09
4903,9434,14.8,5.0,977.5999999999999,2016-05-10
4907,9434,17.4,4.4,974.8,2016-05-11
4909,9434,16.4,3.9,976.2,2016-05-12
4913,9434,16.1,7.5,980.1,2016-05-13
4918,9434,17.5,10.0,985.3,2016-05-14
4922,9434,17.8,10.3,990.0999999999999,2016-05-15
4927,9434,16.7,7.8,991.1,2016-05-16
4931,9434,18.4,3.1,987.7,2016-05-17
4932,9434,19.8,2.2,984.1,2016-05-18
4938,9434,18.9,7.8,989.1500000000001,2016-05-19
4940,9434,21.0,3.6,989.2,2016-05-20
4944,9434,22.0,5.8,984.6500000000001,2016-05-21
4949,9434,17.0,7.2,986.9,2016-05-22
4953,9434,15.3,4.7,991.5,2016-05-23
4956,9434,18.8,5.0,983.45,2016-05-24
4962,9434,20.8,2.8,979.95,2016-05-25
4965,9434,22.9,2.8,980.25,2016-05-26
4969,9434,23.4,1.7,981.6500000000001,2016-05-27
4973,9434,23.2,5.8,980.7,2016-05-28
4976,9434,20.3,3.3,984.55,2016-05-29
4980,9434,19.2,6.4,987.2,2016-05-30
4987,9434,19.0,8.9,990.05,2016-05-31
4989,9434,18.8,8.6,988.65,2016-06-01
4995,9434,20.8,4.4,984.2,2016-06-02
4999,9434,23.5,2.2,980.25,2016-06-03
5003,9434,24.5,3.6,982.85,2016-06-04
5005,9434,23.5,2.2,985.4,2016-06-05
5008,9434,25.4,4.2,986.9,2016-06-06
5012,9434,25.4,2.8,990.25,2016-06-07
5016,9434,27.5,1.9,987.55,2016-06-08
5021,9434,28.7,3.9,986.15,2016-06-09
5024,9434,24.1,7.2,981.3,2016-06-10
5029,9434,23.2,6.1,984.1,2016-06-11
5033,9434,24.2,4.2,985.2,2016-06-12
5039,9434,24.7,6.7,981.95,2016-06-13
5042,9434,24.4,3.1,978.55,2016-06-14
5046,9434,21.0,5.3,973.0,2016-06-15
5051,9434,18.6,5.3,979.2,2016-06-16
5055,9434,18.9,3.9,986.5999999999999,2016-06-17
5059,9434,17.9,7.8,993.85,2016-06-18
5062,9434,19.1,11.4,994.65,2016-06-19
5065,9434,23.5,5.0,991.6,2016-06-20
5070,9434,26.3,2.2,989.8499999999999,2016-06-21
5073,9434,27.5,6.7,987.55,2016-06-22
5078,9434,28.2,4.2,987.05,2016-06-23
5080,9434,28.1,5.0,986.55,2016-06-24
5085,9434,23.0,9.7,987.05,2016-06-25
5090,9434,22.0,8.3,990.25,2016-06-26
5092,9434,24.3,6.4,990.45,2016-06-27
5099,9434,27.0,2.8,986.3,2016-06-28
5102,9434,25.4,4.7,984.05,2016-06-29
5104,9434,25.1,3.1,984.8499999999999,2016-06-30
5110,9434,28.2,1.7,985.4000000000001,2016-07-01
5113,9434,25.0,9.2,990.05,2016-07-02
5119,9434,25.3,4.7,989.85,2016-07-03
5120,9434,27.8,4.7,985.65,2016-07-04
5124,9434,26.2,5.8,988.5,2016-07-05
5131,9434,28.1,2.5,987.7,2016-07-06
5134,9434,28.8,1.9,987.25,2016-07-07
5136,9434,28.2,0.3,989.6500000000001,2016-07-08
5141,9434,28.6,3.1,988.1,2016-07-09
5146,9434,31.1,2.5,983.1,2016-07-10
5149,9434,28.3,5.8,983.3,2016-07-11
5154,9434,23.6,10.0,987.2,2016-07-12
5158,9434,21.6,9.4,991.75,2016-07-13
5163,9434,20.8,11.1,992.55,2016-07-14
5167,9434,21.8,3.9,992.3,2016-07-15
5170,9434,24.5,1.9,989.35,2016-07-16
5175,9434,27.5,3.1,987.45,2016-07-17
5178,9434,28.3,5.3,987.5999999999999,2016-07-18
5182,9434,30.0,5.0,986.2,2016-07-19
5184,9434,27.3,5.8,985.95,2016-07-20
5190,9434,26.5,3.9,984.8,2016-07-21
5193,9434,24.7,10.3,986.35,2016-07-22
5197,9434,24.3,10.8,989.5,2016-07-23
5203,9434,25.2,5.8,989.0999999999999,2016-07-24
5204,9434,27.0,3.9,988.45,2016-07-25
5208,9434,27.9,5.0,988.45,2016-07-26
5215,9434,26.7,7.5,988.8,2016-07-27
5217,9434,26.4,4.7,988.0,2016-07-28
5220,9434,28.8,2.2,984.7,2016-07-29
5226,9434,31.8,3.3,982.2,2016-07-30
5231,9434,26.2,8.1,987.5999999999999,2016-07-31
5235,9434,25.8,6.1,989.4,2016-08-01
5238,9434,27.3,3.6,988.65,2016-08-02
5242,9434,30.0,1.9,984.3499999999999,2016-08-03
5247,9434,28.0,5.3,984.9000000000001,2016-08-04
5248,9434,25.2,11.7,990.9000000000001,2016-08-05
5253,9434,25.5,7.2,993.15,2016-08-06
5258,9434,27.7,4.7,992.65,2016-08-07
5262,9434,27.7,3.9,991.85,2016-08-08
5266,9434,23.2,8.3,989.75,2016-08-09
5271,9434,22.4,10.0,990.9000000000001,2016-08-10
5272,9434,21.8,8.3,993.3,2016-08-11
5276,9434,23.6,1.9,993.85,2016-08-12
5281,9434,27.0,3.1,991.05,2016-08-13
5287,9434,26.8,3.9,989.6,2016-08-14
5290,9434,27.6,6.4,986.3,2016-08-15
5293,9434,27.2,3.6,984.8,2016-08-16
5298,9434,28.5,2.8,982.1,2016-08-17
5301,9434,27.2,3.9,982.05,2016-08-18
5305,9434,29.2,1.1,980.5999999999999,2016-08-19
5308,9434,24.7,8.9,987.2,2016-08-20
5312,9434,23.8,8.1,992.8,2016-08-21
5317,9434,24.6,1.9,992.4000000000001,2016-08-22
5322,9434,28.4,3.1,990.45,2016-08-23
5325,9434,28.0,5.0,988.1500000000001,2016-08-24
5330,9434,27.4,4.4,985.8,2016-08-25
5334,9434,27.6,3.6,986.3,2016-08-26
5339,9434,27.9,2.5,987.25,2016-08-27
5342,9434,28.5,3.1,988.4000000000001,2016-08-28
5345,9434,24.2,8.3,990.95,2016-08-29
5350,9434,24.1,2.5,988.8499999999999,2016-08-30
5354,9434,25.8,2.5,990.25,2016-08-31
5357,9434,27.1,2.5,991.5,2016-09-01
5362,9434,28.8,1.1,989.6500000000001,2016-09-02
5366,9434,30.0,2.2,988.55,2016-09-03
5370,9434,30.0,1.7,988.6,2016-09-04
5374,9434,30.5,6.9,990.75,2016-09-05
5379,9434,29.4,3.9,987.3,2016-09-06
5382,9434,27.6,4.4,984.35,2016-09-07
5384,9434,25.8,2.8,986.25,2016-09-08
5389,9434,26.0,3.6,985.45,2016-09-09
5393,9434,24.7,2.5,986.15,2016-09-10
5396,9434,26.4,3.3,985.65,2016-09-11
5400,9434,28.0,5.3,983.4,2016-09-12
5405,9434,23.7,5.8,979.45,2016-09-13
5408,9434,18.2,5.3,982.75,2016-09-14
5413,9434,18.0,2.5,983.55,2016-09-15
5419,9434,20.2,8.3,988.45,2016-09-16
5420,9434,17.4,7.8,992.0,2016-09-17
5427,9434,19.1,10.0,989.5999999999999,2016-09-18
5429,9434,19.8,6.4,988.9,2016-09-19
5434,9434,19.8,4.4,985.8,2016-09-20
5436,9434,20.4,0.8,985.5,2016-09-21
5440,9434,21.8,2.2,988.0,2016-09-22
5446,9434,21.8,3.3,991.8,2016-09-23
5451,9434,21.0,3.3,990.0,2016-09-24
5453,9434,21.4,2.8,990.3,2016-09-25
5457,9434,22.0,1.1,989.9,2016-09-26
5460,9434,21.6,7.5,993.8,2016-09-27
5464,9434,21.5,1.7,997.3,2016-09-28
5470,9434,21.0,1.7,993.75,2016-09-29
5472,9434,21.6,3.3,986.45,2016-09-30
5479,9434,22.4,1.7,982.7,2016-10-01
5481,9434,20.8,2.8,986.05,2016-10-02
5485,9434,23.0,4.4,989.25,2016-10-03
5491,9434,22.5,0.8,989.0,2016-10-04
5494,9434,20.4,1.9,987.5999999999999,2016-10-05
5496,9434,19.4,4.4,982.3,2016-10-06
5500,9434,18.5,2.2,985.0,2016-10-07
5506,9434,18.3,6.1,988.4000000000001,2016-10-08
5510,9434,17.6,5.6,989.3499999999999,2016-10-09
5512,9434,15.3,3.6,987.95,2016-10-10
5519,9434,15.1,1.7,983.2,2016-10-11
5523,9434,15.2,3.6,976.7,2016-10-12
5527,9434,15.3,1.7,972.0,2016-10-13
5531,9434,14.8,5.8,976.1,2016-10-14
5535,9434,15.8,3.3,983.45,2016-10-15
5537,9434,17.2,2.8,988.05,2016-10-16
5540,9434,18.2,0.6,991.5999999999999,2016-10-17
5544,9434,19.1,5.3,994.25,2016-10-18
5549,9434,16.7,3.3,991.1,2016-10-19
5555,9434,14.4,4.7,986.6500000000001,2016-10-20
5559,9434,12.2,1.9,984.4000000000001,2016-10-21
5561,9434,13.1,2.2,980.0,2016-10-22
5566,9434,17.2,2.5,977.55,2016-10-23
5569,9434,15.4,1.4,983.0,2016-10-24
5574,9434,17.8,1.7,988.7,2016-10-25
5577,9434,19.0,2.8,993.75,2016-10-26
5582,9434,17.8,3.6,997.15,2016-10-27
5585,9434,14.4,1.7,1000.2,2016-10-28
5588,9434,13.6,0.8,997.3,2016-10-29
5593,9434,11.6,1.1,992.4,2016-10-30
5598,9434,12.1,0.6,992.95,2016-10-31
5601,9434,13.0,0.8,992.8499999999999,2016-11-01
5605,9434,14.5,1.4,990.2,2016-11-02
5609,9434,12.1,0.8,987.6,2016-11-03
5613,9434,10.7,3.1,985.65,2016-11-04
5619,9434,12.9,6.1,978.4,2016-11-05
5622,9434,11.4,6.9,979.0,2016-11-06
5626,9434,7.6,5.3,982.35,2016-11-07
5630,9434,8.5,5.0,986.4000000000001,2016-11-08
5635,9434,12.8,6.4,987.8,2016-11-09
5639,9434,11.4,3.3,992.5,2016-11-10
5642,9434,11.8,6.1,992.95,2016-11-11
5644,9434,12.0,2.5,990.85,2016-11-12
5650,9434,15.0,8.3,992.7,2016-11-13
5654,9434,12.6,8.9,995.35,2016-11-14
5658,9434,11.2,5.0,998.2,2016-11-15
5663,9434,9.4,1.1,994.8,2016-11-16
5667,9434,12.2,0.8,989.4000000000001,2016-11-17
5669,9434,10.2,1.7,984.8499999999999,2016-11-18
5674,9434,10.4,1.9,984.55,2016-11-19
5678,9434,9.9,3.6,977.95,2016-11-20
5683,9434,11.7,2.5,973.4,2016-11-21
5687,9434,8.8,1.9,975.95,2016-11-22
5688,9434,6.4,5.8,974.65,2016-11-23
5692,9434,7.9,2.8,978.2,2016-11-24
5696,9434,6.2,1.1,982.25,2016-11-25
5702,9434,6.0,1.1,981.6500000000001,2016-11-26
5705,9434,8.7,1.1,981.3,2016-11-27
5708,9434,9.8,3.6,983.6,2016-11-28
5712,9434,7.3,1.7,991.8,2016-11-29
5719,9434,10.2,3.1,999.3,2016-11-30
5722,9434,4.9,2.2,989.8499999999999,2016-12-01
5726,9434,4.9,2.5,989.8499999999999,2016-12-02
5731,9434,6.2,2.5,985.5,2016-12-03
5735,9434,8.4,1.4,986.2,2016-12-04
5738,9434,12.5,1.7,991.25,2016-12-05
5743,9434,9.8,1.7,996.75,2016-12-06
5744,9434,7.6,1.9,1000.9000000000001,2016-12-07
5750,9434,7.2,2.8,1004.5,2016-12-08
5754,9434,5.6,1.4,1003.2,2016-12-09
5756,9434,5.6,2.2,999.75,2016-12-10
5763,9434,4.4,2.5,996.4,2016-12-11
5764,9434,6.5,1.1,994.3,2016-12-12
5769,9434,4.2,1.9,995.45,2016-12-13
5774,9434,3.2,3.1,992.8499999999999,2016-12-14
5778,9434,7.1,3.1,992.15,2016-12-15
5781,9434,7.8,1.7,992.7,2016-12-16
5784,9434,8.5,2.8,1000.5999999999999,2016-12-17
5789,9434,4.1,2.2,999.0999999999999,2016-12-18
5795,9434,5.2,3.6,990.0999999999999,2016-12-19
5798,9434,8.4,8.3,988.9,2016-12-20
5802,9434,9.4,6.7,996.65,2016-12-21
5805,9434,6.5,2.2,1002.45,2016-12-22
5809,9434,9.7,3.6,1005.15,2016-12-23
5814,9434,10.0,3.3,1006.0,2016-12-24
5817,9434,7.4,1.4,1003.65,2016-12-25
5821,9434,5.8,2.5,1002.5,2016-12-26
5827,9434,4.4,1.1,1004.8,2016-12-27
5830,9434,3.9,0.8,1007.35,2016-12-28
5834,9434,2.1,2.2,1004.55,2016-12-29
5836,9434,0.6,1.1,1006.4,2016-12-30
5841,9434,2.0,1.4,1003.15,2016-12-31
5845,9434,2.0,1.7,996.9,2017-01-01
5849,9434,1.0,2.2,993.9000000000001,2017-01-02
5855,9434,4.0,2.8,993.8,2017-01-03
5856,9434,6.5,5.6,993.65,2017-01-04
5860,9434,7.8,10.8,994.2,2017-01-05
5867,9434,4.0,3.3,998.5,2017-01-06
5871,9434,2.6,1.4,999.8,2017-01-07
5872,9434,4.6,5.6,997.6,2017-01-08
5878,9434,9.2,9.4,993.8,2017-01-09
5880,9434,10.4,8.1,987.55,2017-01-10
5886,9434,12.2,7.8,990.45,2017-01-11
5890,9434,11.7,2.8,990.65,2017-01-12
5895,9434,7.4,8.6,990.85,2017-01-13
5899,9434,6.2,8.6,995.1500000000001,2017-01-14
5903,9434,7.3,7.8,994.4,2017-01-15
5907,9434,10.6,10.6,990.4,2017-01-16
5908,9434,4.4,11.7,988.35,2017-01-17
5914,9434,0.6,5.6,992.15,2017-01-18
5918,9434,1.0,4.4,992.85,2017-01-19
5922,9434,2.9,5.6,991.3,2017-01-20
5924,9434,5.6,3.1,989.15,2017-01-21
5930,9434,6.2,6.1,987.25,2017-01-22
5934,9434,8.2,8.1,989.05,2017-01-23
5938,9434,8.2,10.6,991.25,2017-01-24
5940,9434,4.6,7.5,988.95,2017-01-25
5946,9434,2.2,3.1,986.3499999999999,2017-01-26
5950,9434,9.8,4.7,980.8499999999999,2017-01-27
5953,9434,8.9,6.4,988.6,2017-01-28
5958,9434,7.6,2.5,993.0,2017-01-29
5961,9434,11.2,1.9,990.25,2017-01-30
5964,9434,11.4,2.8,986.6,2017-01-31
5969,9434,9.1,3.6,986.35,2017-02-01
5972,9434,9.5,4.2,982.25,2017-02-02
5978,9434,10.8,2.5,982.8499999999999,2017-02-03
5980,9434,12.5,4.4,980.75,2017-02-04
5985,9434,10.6,8.6,984.3499999999999,2017-02-05
5989,9434,10.4,7.5,991.75,2017-02-06
5992,9434,11.0,6.7,990.65,2017-02-07
5997,9434,7.4,10.3,993.25,2017-02-08
6002,9434,8.4,3.9,989.25,2017-02-09
6006,9434,8.5,3.3,984.3499999999999,2017-02-10
6009,9434,5.4,1.7,983.05,2017-02-11
6012,9434,10.6,9.2,977.7,2017-02-12
6017,9434,10.6,4.4,980.95,2017-02-13
6020,9434,9.6,2.5,991.95,2017-02-14
6025,9434,10.4,1.9,1000.4000000000001,2017-02-15
6030,9434,11.2,1.7,1000.65,2017-02-16
6033,9434,9.4,1.4,997.2,2017-02-17
6036,9434,8.7,1.7,991.55,2017-02-18
6042,9434,9.8,2.2,995.05,2017-02-19
6046,9434,10.4,4.2,995.9000000000001,2017-02-20
6048,9434,9.0,2.5,994.55,2017-02-21
6055,9434,10.0,1.4,991.4,2017-02-22
6057,9434,9.4,1.1,986.35,2017-02-23
6060,9434,10.6,10.6,986.15,2017-02-24
6066,9434,11.0,3.9,989.05,2017-02-25
6071,9434,10.0,1.1,989.5,2017-02-26
6074,9434,12.2,5.3,983.55,2017-02-27
6077,9434,12.6,10.8,983.2,2017-02-28
6082,9434,11.8,1.9,988.15,2017-03-01
6086,9434,12.8,1.7,987.45,2017-03-02
6091,9434,12.5,6.7,976.5,2017-03-03
6095,9434,9.8,5.8,975.8,2017-03-04
6096,9434,10.8,2.5,985.6500000000001,2017-03-05
6102,9434,15.0,5.0,991.0,2017-03-06
6106,9434,13.8,6.7,993.95,2017-03-07
6111,9434,16.0,5.6,996.3,2017-03-08
6113,9434,16.3,2.8,994.5,2017-03-09
6116,9434,19.3,5.0,990.35,2017-03-10
6122,9434,16.5,1.7,986.0999999999999,2017-03-11
6124,9434,14.0,8.3,986.8499999999999,2017-03-12
6130,9434,12.4,10.3,992.45,2017-03-13
6132,9434,14.3,5.3,998.2,2017-03-14
6137,9434,14.4,3.3,996.1,2017-03-15
6141,9434,14.0,2.8,992.35,2017-03-16
6144,9434,13.9,0.8,991.75,2017-03-17
6149,9434,15.2,5.8,990.9,2017-03-18
6154,9434,15.8,4.2,986.95,2017-03-19
6159,9434,15.9,4.4,983.8,2017-03-20
6162,9434,13.2,6.9,985.0999999999999,2017-03-21
6167,9434,10.8,5.0,981.3,2017-03-22
6171,9434,9.5,5.0,980.8,2017-03-23
6174,9434,9.1,2.5,984.45,2017-03-24
6179,9434,8.4,3.9,983.3,2017-03-25
6181,9434,11.8,5.0,986.0999999999999,2017-03-26
6185,9434,12.4,3.3,989.55,2017-03-27
6189,9434,14.0,1.7,995.5,2017-03-28
6195,9434,14.6,1.7,995.3,2017-03-29
6197,9434,15.9,4.2,992.25,2017-03-30
6200,9434,15.8,3.1,988.4,2017-03-31
6206,9434,13.4,5.8,988.9000000000001,2017-04-01
6211,9434,12.5,10.0,991.2,2017-04-02
6215,9434,12.7,3.9,992.7,2017-04-03
6219,9434,15.1,9.2,992.75,2017-04-04
6223,9434,14.2,8.6,991.1500000000001,2017-04-05
6225,9434,15.7,9.7,989.1,2017-04-06
6231,9434,15.0,3.3,989.8,2017-04-07
6234,9434,16.7,3.6,989.9000000000001,2017-04-08
6237,9434,16.4,3.1,992.5,2017-04-09
6243,9434,17.4,1.4,992.7,2017-04-10
6247,9434,18.0,7.5,991.0999999999999,2017-04-11
6251,9434,17.3,2.5,989.05,2017-04-12
6252,9434,18.6,3.6,985.95,2017-04-13
6256,9434,20.8,4.4,986.0999999999999,2017-04-14
6262,9434,16.4,9.2,990.8,2017-04-15
6265,9434,17.4,5.8,990.95,2017-04-16
6270,9434,18.1,4.4,986.9000000000001,2017-04-17
6272,9434,17.6,8.9,986.3,2017-04-18
6278,9434,17.4,5.6,989.9,2017-04-19
6281,9434,15.2,4.4,993.8499999999999,2017-04-20
6287,9434,13.9,3.9,995.8499999999999,2017-04-21
6291,9434,14.6,2.5,992.2,2017-04-22
6292,9434,16.8,1.1,987.0,2017-04-23
6297,9434,18.6,2.2,983.45,2017-04-24
6300,9434,17.2,2.2,978.35,2017-04-25
6305,9434,11.4,10.0,981.2,2017-04-26
6311,9434,11.4,7.8,985.9,2017-04-27
6313,9434,10.8,2.8,986.6,2017-04-28
6319,9434,11.3,3.3,982.6500000000001,2017-04-29
6323,9434,13.6,4.4,981.25,2017-04-30
6327,9434,11.3,2.8,988.4,2017-05-01
6331,9434,15.3,2.8,989.0999999999999,2017-05-02
6335,9434,17.6,3.1,985.45,2017-05-03
6336,9434,19.3,3.1,981.0,2017-05-04
6340,9434,20.8,7.8,979.05,2017-05-05
6347,9434,18.7,4.7,985.95,2017-05-06
6351,9434,18.5,6.4,989.8499999999999,2017-05-07
6353,9434,19.6,6.4,986.65,2017-05-08
6359,9434,19.3,3.1,978.5999999999999,2017-05-09
6361,9434,20.0,5.0,972.6500000000001,2017-05-10
6364,9434,20.2,3.9,970.3499999999999,2017-05-11
6369,9434,19.2,5.0,977.85,2017-05-12
6374,9434,20.8,3.9,985.9,2017-05-13
6378,9434,21.4,1.7,992.6500000000001,2017-05-14
6382,9434,22.4,1.9,995.7,2017-05-15
6386,9434,24.6,2.8,993.3,2017-05-16
6388,9434,23.0,3.9,987.8,2017-05-17
6392,9434,14.8,8.6,985.75,2017-05-18
6396,9434,14.8,4.4,991.3,2017-05-19
6401,9434,17.0,3.1,992.8499999999999,2017-05-20
6404,9434,20.0,3.3,988.65,2017-05-21
6408,9434,23.3,3.1,986.25,2017-05-22
6415,9434,23.5,3.6,989.45,2017-05-23
6419,9434,25.2,3.1,988.45,2017-05-24
6421,9434,26.2,2.2,983.6500000000001,2017-05-25
6427,9434,26.7,5.0,982.95,2017-05-26
6430,9434,25.8,5.8,985.25,2017-05-27
6435,9434,25.2,6.4,986.25,2017-05-28
6436,9434,22.6,6.4,984.6,2017-05-29
6443,9434,23.2,3.1,986.5,2017-05-30
6447,9434,23.6,2.5,988.0,2017-05-31
6449,9434,24.5,2.8,987.85,2017-06-01
6454,9434,25.6,3.3,986.25,2017-06-02
6456,9434,21.0,3.6,987.4000000000001,2017-06-03
6463,9434,14.4,2.8,988.15,2017-06-04
6466,9434,19.6,5.8,984.95,2017-06-05
6471,9434,20.5,6.9,986.5,2017-06-06
6473,9434,21.4,3.9,990.3499999999999,2017-06-07
6477,9434,24.6,5.6,984.35,2017-06-08
6481,9434,25.3,2.5,984.95,2017-06-09
6485,9434,26.8,1.9,986.8,2017-06-10
6488,9434,29.0,2.5,985.75,2017-06-11
6494,9434,28.2,4.7,985.9000000000001,2017-06-12
6499,9434,29.0,4.2,982.55,2017-06-13
6503,9434,30.0,2.8,982.5,2017-06-14
6506,9434,28.9,6.9,987.55,2017-06-15
6510,9434,28.2,6.1,989.9000000000001,2017-06-16
6512,9434,29.0,5.3,986.55,2017-06-17
6516,9434,30.4,4.2,983.9,2017-06-18
6522,9434,29.9,5.8,987.1,2017-06-19
6526,9434,28.2,2.8,987.25,2017-06-20
6529,9434,29.9,1.9,985.6,2017-06-21
6532,9434,31.4,1.7,986.1,2017-06-22
6537,9434,30.0,4.2,988.5999999999999,2017-06-23
6541,9434,26.6,6.1,987.85,2017-06-24
6547,9434,24.4,3.1,985.4,2017-06-25
6551,9434,23.9,2.2,982.15,2017-06-26
6553,9434,26.6,4.4,978.05,2017-06-27
6557,9434,23.4,7.5,976.55,2017-06-28
6562,9434,20.8,3.1,981.0,2017-06-29
6565,9434,18.0,6.7,987.3,2017-06-30
6571,9434,18.1,8.6,993.65,2017-07-01
6575,9434,20.9,8.9,993.65,2017-07-02
6576,9434,24.6,3.3,991.1,2017-07-03
6582,9434,27.0,3.9,986.3,2017-07-04
6584,9434,27.7,6.4,984.5999999999999,2017-07-05
6589,9434,25.6,1.4,986.95,2017-07-06
6595,9434,27.8,3.9,986.7,2017-07-07
6597,9434,24.2,3.3,984.4,2017-07-08
6601,9434,25.5,4.2,983.05,2017-07-09
6606,9434,24.7,7.5,984.05,2017-07-10
6610,9434,26.4,2.5,985.25,2017-07-11
6614,9434,28.9,4.2,987.7,2017-07-12
6618,9434,27.6,6.1,988.0,2017-07-13
6623,9434,25.4,8.9,988.4,2017-07-14
6624,9434,25.4,5.3,988.75,2017-07-15
6629,9434,27.8,4.4,988.25,2017-07-16
6632,9434,28.8,5.8,985.5999999999999,2017-07-17
6637,9434,28.4,7.2,982.55,2017-07-18
6641,9434,28.6,5.8,981.1,2017-07-19
6645,9434,25.4,7.5,982.85,2017-07-20
6649,9434,24.6,5.3,981.45,2017-07-21
6655,9434,26.8,2.5,984.9,2017-07-22
6657,9434,25.2,6.1,987.95,2017-07-23
6661,9434,23.8,7.8,989.2,2017-07-24
6666,9434,22.0,11.7,987.6,2017-07-25
6671,9434,24.6,6.4,985.4,2017-07-26
6674,9434,27.8,3.6,983.4,2017-07-27
6678,9434,29.0,3.3,984.95,2017-07-28
6680,9434,29.6,2.8,984.0999999999999,2017-07-29
6684,9434,30.6,2.5,980.65,2017-07-30
6690,9434,28.6,4.7,978.9,2017-07-31
6694,9434,27.0,3.6,984.6500000000001,2017-08-01
6697,9434,29.2,5.3,986.9000000000001,2017-08-02
6702,9434,31.2,2.8,985.3,2017-08-03
6705,9434,30.4,5.3,985.4,2017-08-04
6711,9434,27.0,8.6,986.1,2017-08-05
6714,9434,24.3,5.6,988.2,2017-08-06
6718,9434,28.0,5.3,982.55,2017-08-07
6720,9434,22.8,8.9,985.25,2017-08-08
6725,9434,19.2,6.1,990.6,2017-08-09
6728,9434,19.0,7.5,993.8,2017-08-10
6732,9434,20.0,7.8,992.45,2017-08-11
6737,9434,23.0,3.9,990.85,2017-08-12
6740,9434,25.7,3.6,987.35,2017-08-13
6746,9434,28.4,5.8,985.2,2017-08-14
6750,9434,28.0,4.2,986.7,2017-08-15
6755,9434,26.7,4.4,988.8,2017-08-16
6759,9434,27.8,3.1,988.2,2017-08-17
6763,9434,27.0,5.8,987.45,2017-08-18
6767,9434,24.8,6.1,989.8499999999999,2017-08-19
6769,9434,24.2,6.4,991.0,2017-08-20
6775,9434,25.6,2.2,988.2,2017-08-21
6776,9434,29.4,3.9,984.8,2017-08-22
6780,9434,27.8,3.3,986.3,2017-08-23
6786,9434,27.6,4.2,985.15,2017-08-24
6788,9434,28.0,4.7,984.35,2017-08-25
6794,9434,29.2,4.4,984.8,2017-08-26
6796,9434,25.2,3.1,986.8,2017-08-27
6800,9434,23.4,2.5,985.0,2017-08-28
6805,9434,22.4,3.9,984.5999999999999,2017-08-29
6809,9434,23.6,1.9,984.55,2017-08-30
6812,9434,22.2,7.2,988.75,2017-08-31
6819,9434,20.2,6.7,991.05,2017-09-01
6820,9434,19.7,6.4,991.7,2017-09-02
6824,9434,21.6,2.5,985.95,2017-09-03
6829,9434,23.6,4.7,986.1500000000001,2017-09-04
6834,9434,25.2,2.2,990.8499999999999,2017-09-05
6836,9434,22.8,8.9,991.8,2017-09-06
6843,9434,20.4,8.3,988.8,2017-09-07
6846,9434,21.8,3.3,983.5,2017-09-08
6851,9434,18.0,6.9,979.3499999999999,2017-09-09
6853,9434,18.6,6.9,982.65,2017-09-10
6856,9434,20.2,5.0,983.5,2017-09-11
6861,9434,21.0,4.2,988.55,2017-09-12
6866,9434,22.4,3.1,989.85,2017-09-13
6870,9434,19.8,8.1,988.35,2017-09-14
6873,9434,15.9,4.4,985.8,2017-09-15
6877,9434,15.2,4.7,986.0,2017-09-16
6882,9434,15.6,1.9,987.75,2017-09-17
6887,9434,18.2,5.0,989.05,2017-09-18
6891,9434,18.0,8.1,992.45,2017-09-19
6895,9434,19.2,2.2,989.55,2017-09-20
6899,9434,20.0,1.9,986.6500000000001,2017-09-21
6902,9434,18.8,2.5,990.4,2017-09-22
6904,9434,20.2,2.5,989.75,2017-09-23
6910,9434,22.1,1.7,988.7,2017-09-24
6913,9434,21.4,7.2,988.9000000000001,2017-09-25
6918,9434,20.0,3.3,990.05,2017-09-26
6923,9434,20.4,1.9,990.55,2017-09-27
6926,9434,22.2,2.2,992.8,2017-09-28
6931,9434,22.0,1.9,991.0,2017-09-29
6935,9434,19.4,2.5,990.25,2017-09-30
6939,9434,19.8,6.4,991.8,2017-10-01
6943,9434,23.2,5.8,992.7,2017-10-02
6945,9434,22.2,3.3,991.2,2017-10-03
6948,9434,21.4,1.9,993.0,2017-10-04
6955,9434,22.2,4.7,990.85,2017-10-05
6959,9434,19.6,10.0,990.35,2017-10-06
6963,9434,17.2,3.1,992.45,2017-10-07
6966,9434,17.8,3.6,989.5999999999999,2017-10-08
6970,9434,19.4,3.1,989.85,2017-10-09
6972,9434,18.8,1.1,990.05,2017-10-10
6976,9434,18.8,1.9,991.65,2017-10-11
6980,9434,18.4,1.7,995.3,2017-10-12
6986,9434,20.3,1.9,994.45,2017-10-13
6988,9434,21.1,3.6,994.75,2017-10-14
6993,9434,21.6,2.2,995.4000000000001,2017-10-15
6998,9434,21.4,3.1,994.55,2017-10-16
7003,9434,19.7,2.8,989.95,2017-10-17
7004,9434,16.0,3.3,982.45,2017-10-18
7008,9434,15.7,3.9,982.5999999999999,2017-10-19
7012,9434,18.2,2.2,987.65,2017-10-20
7017,9434,18.1,5.6,993.4000000000001,2017-10-21
7022,9434,14.2,6.4,996.6500000000001,2017-10-22
7025,9434,15.9,4.2,995.05,2017-10-23
7031,9434,18.4,0.8,993.55,2017-10-24
7035,9434,17.4,1.7,993.6,2017-10-25
7039,9434,18.3,1.7,996.45,2017-10-26
7043,9434,18.9,9.4,996.6500000000001,2017-10-27
7045,9434,16.8,9.2,995.2,2017-10-28
7049,9434,15.8,8.6,991.75,2017-10-29
7053,9434,15.5,9.4,989.0,2017-10-30
7056,9434,13.0,1.4,991.95,2017-10-31
7063,9434,14.8,2.5,991.3499999999999,2017-11-01
7066,9434,15.6,1.9,988.3,2017-11-02
7070,9434,17.0,2.2,984.05,2017-11-03
7074,9434,16.6,3.1,981.95,2017-11-04
7076,9434,12.9,9.4,988.8,2017-11-05
7082,9434,11.0,10.8,991.05,2017-11-06
7086,9434,11.0,7.5,988.3,2017-11-07
7090,9434,9.3,6.1,992.3,2017-11-08
7094,9434,9.8,11.1,994.55,2017-11-09
7096,9434,12.0,10.3,996.2,2017-11-10
7102,9434,14.6,9.7,994.5,2017-11-11
7107,9434,13.5,5.3,989.15,2017-11-12
7110,9434,10.8,10.3,988.3,2017-11-13
7114,9434,9.7,8.6,989.95,2017-11-14
7117,9434,7.8,2.8,989.5,2017-11-15
7120,9434,7.7,1.1,990.7,2017-11-16
7125,9434,9.4,2.2,990.2,2017-11-17
7128,9434,12.3,5.3,990.75,2017-11-18
7135,9434,10.0,4.2,991.9000000000001,2017-11-19
7139,9434,8.6,1.4,993.0999999999999,2017-11-20
7140,9434,8.1,1.1,991.5,2017-11-21
7145,9434,7.7,2.2,986.15,2017-11-22
7150,9434,10.8,2.5,986.9000000000001,2017-11-23
7152,9434,12.3,1.9,988.25,2017-11-24
7158,9434,10.9,7.5,991.3,2017-11-25
7162,9434,8.4,7.2,998.5,2017-11-26
7164,9434,5.7,1.4,996.75,2017-11-27
7170,9434,4.8,2.5,987.2,2017-11-28
7174,9434,5.7,6.4,979.8,2017-11-29
7178,9434,6.0,7.2,984.95,2017-11-30
7183,9434,4.8,8.1,985.9,2017-12-01
7187,9434,4.6,10.3,990.45,2017-12-02
7191,9434,5.1,9.4,996.25,2017-12-03
7195,9434,7.8,5.3,1002.5,2017-12-04
7196,9434,4.8,2.5,1004.95,2017-12-05
7200,9434,2.6,1.1,1003.35,2017-12-06
7206,9434,1.7,0.8,1000.05,2017-12-07
7210,9434,6.2,5.3,995.65,2017-12-08
7214,9434,8.1,5.6,991.25,2017-12-09
7216,9434,10.3,3.3,974.8,2017-12-10
7222,9434,11.2,6.4,966.75,2017-12-11
7227,9434,7.0,5.6,985.0,2017-12-12
7228,9434,6.2,2.5,992.35,2017-12-13
7234,9434,9.2,1.7,984.65,2017-12-14
7238,9434,8.2,5.6,981.45,2017-12-15
7240,9434,7.2,5.6,990.4000000000001,2017-12-16
7245,9434,7.2,7.5,998.45,2017-12-17
7251,9434,8.4,8.6,996.8,2017-12-18
7255,9434,7.7,6.4,997.8,2017-12-19
7259,9434,7.4,6.7,1001.35,2017-12-20
7260,9434,8.0,5.8,1004.6500000000001,2017-12-21
7264,9434,10.2,9.7,1003.4,2017-12-22
7271,9434,7.8,2.8,1004.3,2017-12-23
7274,9434,2.0,1.7,1001.9,2017-12-24
7277,9434,0.6,3.3,994.5,2017-12-25
7280,9434,5.2,2.2,981.55,2017-12-26
7286,9434,7.4,7.2,975.0999999999999,2017-12-27
7290,9434,7.8,3.9,982.35,2017-12-28
7292,9434,10.1,2.8,989.25,2017-12-29
7299,9434,12.0,2.8,992.95,2017-12-30
7302,9434,10.8,3.1,991.6500000000001,2017-12-31
7307,9434,9.3,9.7,995.65,2018-01-01
7309,9434,10.6,3.9,996.4,2018-01-02
7314,9434,12.8,3.3,996.5999999999999,2018-01-03
7317,9434,14.5,3.6,990.75,2018-01-04
7321,9434,14.9,6.1,979.9,2018-01-05
7324,9434,7.0,6.9,970.65,2018-01-06
7331,9434,4.8,2.8,973.3,2018-01-07
7335,9434,4.0,3.6,981.15,2018-01-08
7336,9434,4.6,2.8,985.9,2018-01-09
7341,9434,6.9,3.3,985.7,2018-01-10
7345,9434,6.8,5.0,989.35,2018-01-11
7349,9434,7.7,6.1,992.75,2018-01-12
7355,9434,4.6,2.5,988.5,2018-01-13
7358,9434,5.9,3.6,988.55,2018-01-14
7362,9434,7.0,5.8,993.9000000000001,2018-01-15
7365,9434,9.0,3.1,993.75,2018-01-16
7371,9434,9.0,8.3,994.2,2018-01-17
7373,9434,7.6,2.8,993.7,2018-01-18
7378,9434,10.4,5.3,991.9000000000001,2018-01-19
7382,9434,9.7,3.9,992.45,2018-01-20
7386,9434,14.8,8.6,995.25,2018-01-21
7390,9434,13.0,7.2,996.45,2018-01-22
7395,9434,12.8,6.4,997.05,2018-01-23
7399,9434,9.2,2.2,995.65,2018-01-24
7402,9434,6.2,2.2,989.55,2018-01-25
7407,9434,8.2,12.2,989.65,2018-01-26
7410,9434,7.8,7.8,998.95,2018-01-27
7415,9434,8.3,4.4,1006.15,2018-01-28
7416,9434,7.5,1.7,1004.05,2018-01-29
7423,9434,7.2,1.1,999.0,2018-01-30
7426,9434,6.4,1.1,991.85,2018-01-31
7430,9434,5.5,5.3,982.2,2018-02-01
7433,9434,6.0,9.2,981.65,2018-02-02
7436,9434,7.2,4.2,983.9,2018-02-03
7440,9434,5.2,3.1,980.5,2018-02-04
7445,9434,4.5,4.2,978.35,2018-02-05
7448,9434,4.4,10.0,980.1,2018-02-06
7455,9434,4.7,8.3,985.05,2018-02-07
7459,9434,4.4,8.9,988.15,2018-02-08
7463,9434,3.0,3.3,989.15,2018-02-09
7466,9434,6.4,8.3,989.75,2018-02-10
7468,9434,11.7,3.6,987.55,2018-02-11
7472,9434,6.4,8.6,989.0999999999999,2018-02-12
7476,9434,3.8,4.2,987.6,2018-02-13
7482,9434,8.2,3.1,987.05,2018-02-14
7486,9434,11.6,1.9,991.3499999999999,2018-02-15
7491,9434,13.0,1.4,992.05,2018-02-16
7493,9434,10.3,7.2,992.2,2018-02-17
7498,9434,9.8,8.3,991.95,2018-02-18
7500,9434,11.8,8.3,987.45,2018-02-19
7507,9434,11.2,11.9,984.2,2018-02-20
7510,9434,8.0,9.7,980.85,2018-02-21
7515,9434,6.6,10.3,977.8499999999999,2018-02-22
7516,9434,4.2,5.8,976.8,2018-02-23
7522,9434,4.1,1.7,978.55,2018-02-24
7527,9434,6.6,5.6,980.3,2018-02-25
7531,9434,7.4,6.7,977.2,2018-02-26
7534,9434,2.0,4.2,977.2,2018-02-27
7538,9434,1.9,3.3,969.85,2018-02-28
7543,9434,8.0,6.9,959.35,2018-03-01
7547,9434,8.3,5.6,967.35,2018-03-02
7549,9434,12.3,2.2,968.0,2018-03-03
7555,9434,11.8,2.5,966.8499999999999,2018-03-04
7556,9434,11.2,1.9,963.1,2018-03-05
7560,9434,10.6,5.6,969.7,2018-03-06
7567,9434,8.4,1.9,976.65,2018-03-07
7568,9434,11.2,2.2,979.45,2018-03-08
7574,9434,12.0,2.5,979.25,2018-03-09
7576,9434,14.0,2.5,974.1,2018-03-10
7582,9434,12.4,4.7,971.8499999999999,2018-03-11
7584,9434,11.8,4.2,979.95,2018-03-12
7591,9434,12.1,1.7,984.8,2018-03-13
7595,9434,10.0,4.4,976.55,2018-03-14
7598,9434,12.2,5.6,970.65,2018-03-15
7603,9434,11.1,4.4,974.0,2018-03-16
7606,9434,7.4,4.7,970.4000000000001,2018-03-17
7610,9434,8.2,6.4,974.3,2018-03-18
7613,9434,7.2,5.3,975.2,2018-03-19
7616,9434,5.8,11.7,983.6,2018-03-20
7621,9434,6.7,11.4,992.8,2018-03-21
7624,9434,8.0,8.9,990.5999999999999,2018-03-22
7629,9434,10.9,5.0,977.2,2018-03-23
7635,9434,10.2,7.5,970.05,2018-03-24
7637,9434,10.6,5.6,979.7,2018-03-25
7641,9434,10.9,9.7,989.3,2018-03-26
7644,9434,13.6,5.8,992.2,2018-03-27
7650,9434,14.8,3.1,985.45,2018-03-28
7654,9434,14.0,2.8,978.7,2018-03-29
7659,9434,12.8,6.9,973.35,2018-03-30
7663,9434,11.2,7.8,979.3499999999999,2018-03-31
7664,9434,11.4,2.2,984.7,2018-04-01
7668,9434,13.7,5.0,978.2,2018-04-02
7674,9434,16.4,3.9,976.0,2018-04-03
7679,9434,14.8,8.1,982.45,2018-04-04
7682,9434,14.4,1.9,987.8499999999999,2018-04-05
7685,9434,14.6,4.7,981.35,2018-04-06
7691,9434,12.9,3.3,977.2,2018-04-07
7695,9434,12.4,4.4,975.9000000000001,2018-04-08
7698,9434,11.5,4.2,976.1,2018-04-09
7702,9434,8.4,5.3,970.55,2018-04-10
7705,9434,5.9,4.4,966.0,2018-04-11
7710,9434,12.2,5.6,971.05,2018-04-12
7713,9434,13.6,3.1,978.1500000000001,2018-04-13
7716,9434,13.0,1.9,985.85,2018-04-14
7720,9434,14.5,2.8,984.4,2018-04-15
7724,9434,14.1,8.1,986.15,2018-04-16
7728,9434,15.4,1.4,992.8,2018-04-17
7734,9434,17.6,3.9,993.9000000000001,2018-04-18
7737,9434,17.5,4.7,993.05,2018-04-19
7742,9434,17.2,5.0,991.35,2018-04-20
7746,9434,16.6,3.1,988.9,2018-04-21
7750,9434,18.0,2.5,986.4,2018-04-22
7753,9434,15.4,1.7,989.35,2018-04-23
7757,9434,18.6,2.2,988.1,2018-04-24
7761,9434,19.0,5.0,988.35,2018-04-25
7766,9434,17.6,7.8,987.25,2018-04-26
7768,9434,18.4,3.9,981.5999999999999,2018-04-27
7772,9434,16.6,5.0,978.5,2018-04-28
7777,9434,13.7,4.7,978.35,2018-04-29
7780,9434,13.2,5.3,983.1,2018-04-30
7786,9434,12.2,7.8,983.95,2018-05-01
7788,9434,13.1,4.2,982.95,2018-05-02
7793,9434,13.5,12.8,984.65,2018-05-03
7796,9434,14.8,12.8,985.3,2018-05-04
7801,9434,17.2,4.7,986.5999999999999,2018-05-05
7805,9434,19.7,3.3,986.65,2018-05-06
7811,9434,21.4,2.2,984.55,2018-05-07
7815,9434,21.0,8.1,981.75,2018-05-08
7819,9434,18.1,7.8,980.7,2018-05-09
7820,9434,16.4,10.0,985.8,2018-05-10
7826,9434,17.4,3.6,985.9000000000001,2018-05-11
7830,9434,16.2,6.7,985.7,2018-05-12
7832,9434,12.8,7.2,989.5,2018-05-13
7836,9434,14.2,8.6,988.75,2018-05-14
7843,9434,15.4,9.7,988.5,2018-05-15
7844,9434,17.2,5.8,986.65,2018-05-16
7848,9434,19.4,5.6,985.0,2018-05-17
7852,9434,20.2,3.3,986.35,2018-05-18
7856,9434,21.0,4.4,985.75,2018-05-19
7860,9434,19.2,3.1,983.9000000000001,2018-05-20
7865,9434,21.2,2.2,980.95,2018-05-21
7871,9434,20.8,3.6,984.25,2018-05-22
7874,9434,20.8,1.9,985.95,2018-05-23
7876,9434,22.3,2.8,984.45,2018-05-24
7880,9434,21.6,4.7,982.7,2018-05-25
7884,9434,21.8,2.8,982.7,2018-05-26
7891,9434,21.4,1.7,982.2,2018-05-27
7894,9434,19.6,3.3,983.4000000000001,2018-05-28
7898,9434,19.9,2.5,982.95,2018-05-29
7901,9434,18.8,1.9,983.6500000000001,2018-05-30
7906,9434,21.1,2.2,986.6500000000001,2018-05-31
7908,9434,21.4,2.8,987.5999999999999,2018-06-01
7914,9434,22.4,3.6,985.9,2018-06-02
7917,9434,20.8,2.5,983.95,2018-06-03
7921,9434,22.2,4.4,980.85,2018-06-04
7924,9434,20.4,4.4,980.95,2018-06-05
7929,9434,19.1,3.6,984.0,2018-06-06
7933,9434,21.1,4.7,985.25,2018-06-07
7936,9434,22.0,3.3,982.5999999999999,2018-06-08
7942,9434,21.2,3.3,982.8,2018-06-09
7947,9434,18.8,2.5,982.05,2018-06-10
7950,9434,18.9,4.7,982.2,2018-06-11
7953,9434,19.9,5.3,985.2,2018-06-12
7956,9434,18.8,10.6,987.0,2018-06-13
7960,9434,19.6,10.6,986.45,2018-06-14
7967,9434,21.6,8.1,985.3,2018-06-15
7969,9434,22.2,6.9,987.45,2018-06-16
7974,9434,21.2,10.0,991.0,2018-06-17
7979,9434,22.2,10.3,991.75,2018-06-18
7983,9434,24.5,3.1,990.1500000000001,2018-06-19
7987,9434,26.2,3.1,987.6500000000001,2018-06-20
7988,9434,26.8,1.9,987.1,2018-06-21
7995,9434,27.0,9.2,987.2,2018-06-22
7997,9434,25.4,5.6,987.0999999999999,2018-06-23
8003,9434,25.2,4.2,986.25,2018-06-24
8005,9434,26.8,2.8,984.95,2018-06-25
8010,9434,26.6,1.7,985.5999999999999,2018-06-26
8012,9434,27.2,2.2,985.0,2018-06-27
8017,9434,25.3,5.6,981.8,2018-06-28
8020,9434,25.4,2.5,980.0,2018-06-29
8025,9434,26.4,6.1,978.35,2018-06-30
8029,9434,25.9,1.4,980.2,2018-07-01
8033,9434,26.0,4.2,982.65,2018-07-02
8037,9434,27.7,2.8,984.4,2018-07-03
8040,9434,28.6,5.8,983.7,2018-07-04
8045,9434,24.2,8.6,989.85,2018-07-05
8049,9434,25.0,4.4,989.8,2018-07-06
8055,9434,26.6,3.1,987.9000000000001,2018-07-07
8058,9434,27.2,3.9,988.35,2018-07-08
8061,9434,26.4,6.1,988.05,2018-07-09
8065,9434,27.1,6.4,986.3,2018-07-10
8068,9434,26.4,3.3,983.85,2018-07-11
8073,9434,25.7,3.6,985.0,2018-07-12
8076,9434,26.6,4.7,985.5,2018-07-13
8083,9434,28.0,2.8,984.75,2018-07-14
8085,9434,28.8,3.6,983.0,2018-07-15
8091,9434,25.0,10.0,986.6,2018-07-16
8095,9434,25.6,3.1,987.05,2018-07-17
8099,9434,28.4,3.6,983.3499999999999,2018-07-18
8103,9434,26.8,2.5,983.5,2018-07-19
8106,9434,25.4,8.9,984.05,2018-07-20
8110,9434,22.8,6.7,985.25,2018-07-21
8114,9434,25.0,5.8,985.4,2018-07-22
8117,9434,27.2,3.1,984.5999999999999,2018-07-23
8123,9434,29.6,3.1,982.45,2018-07-24
8127,9434,28.5,4.2,983.55,2018-07-25
8130,9434,29.7,2.5,981.2,2018-07-26
8132,9434,29.3,3.1,980.8,2018-07-27
8139,9434,28.2,5.3,982.45,2018-07-28
8140,9434,28.6,3.1,983.0,2018-07-29
8147,9434,29.3,3.9,984.35,2018-07-30
8151,9434,30.1,5.6,985.3,2018-07-31
8154,9434,29.0,2.8,986.7,2018-08-01
8156,9434,30.6,3.6,987.15,2018-08-02
8161,9434,31.4,6.1,986.25,2018-08-03
8164,9434,30.6,6.1,987.6,2018-08-04
8169,9434,30.2,4.7,985.8,2018-08-05
8175,9434,30.9,2.2,983.6,2018-08-06
8179,9434,30.0,4.7,981.25,2018-08-07
8183,9434,28.6,6.7,981.65,2018-08-08
8184,9434,23.9,8.3,986.5999999999999,2018-08-09
8189,9434,24.1,3.3,992.5,2018-08-10
8193,9434,27.3,3.6,989.9,2018-08-11
8198,9434,25.8,4.4,984.85,2018-08-12
8201,9434,25.8,5.6,984.8499999999999,2018-08-13
8205,9434,23.7,8.9,988.6,2018-08-14
8208,9434,24.2,2.5,987.2,2018-08-15
8212,9434,27.0,3.9,985.25,2018-08-16
8219,9434,23.2,9.7,989.45,2018-08-17
8221,9434,22.1,4.4,990.3499999999999,2018-08-18
8227,9434,24.6,4.2,990.7,2018-08-19
8229,9434,25.8,5.0,988.4,2018-08-20
8235,9434,26.9,2.8,986.1,2018-08-21
8236,9434,27.5,1.1,985.55,2018-08-22
8240,9434,27.4,5.8,986.95,2018-08-23
8245,9434,24.4,8.6,988.15,2018-08-24
8248,9434,22.2,6.9,986.5,2018-08-25
8253,9434,23.7,3.6,985.5,2018-08-26
8257,9434,26.0,1.9,985.5999999999999,2018-08-27
8261,9434,27.6,4.4,984.3,2018-08-28
8264,9434,25.6,4.7,987.95,2018-08-29
8269,9434,24.5,3.9,989.1,2018-08-30
8273,9434,24.4,5.8,988.5,2018-08-31
8279,9434,25.3,5.0,988.05,2018-09-01
8281,9434,25.8,2.8,985.3,2018-09-02
8287,9434,25.4,2.2,982.35,2018-09-03
8288,9434,24.3,2.8,982.25,2018-09-04
8295,9434,24.5,2.8,983.3,2018-09-05
8297,9434,23.0,6.7,985.05,2018-09-06
8300,9434,22.5,3.3,986.55,2018-09-07
8305,9434,23.4,3.6,987.45,2018-09-08
8308,9434,24.4,3.6,989.8,2018-09-09
8314,9434,24.2,3.3,992.9,2018-09-10
8316,9434,22.9,2.2,993.6,2018-09-11
8320,9434,23.3,1.7,991.45,2018-09-12
8327,9434,24.2,6.7,989.4000000000001,2018-09-13
8330,9434,23.5,3.9,988.8,2018-09-14
8334,9434,22.9,3.6,990.45,2018-09-15
8339,9434,23.8,1.9,989.55,2018-09-16
8343,9434,24.8,4.2,987.25,2018-09-17
8344,9434,24.6,1.4,986.95,2018-09-18
8350,9434,25.0,1.4,990.05,2018-09-19
8352,9434,25.5,2.2,988.25,2018-09-20
8357,9434,25.3,3.9,989.45,2018-09-21
8361,9434,24.8,3.3,992.3499999999999,2018-09-22
8365,9434,26.6,3.6,991.8,2018-09-23
8369,9434,20.0,10.3,993.9,2018-09-24
8375,9434,17.8,2.8,995.65,2018-09-25
8379,9434,21.6,5.6,998.6,2018-09-26
8382,9434,22.0,1.9,996.7,2018-09-27
8384,9434,22.1,1.7,989.95,2018-09-28
8388,9434,23.2,4.4,985.9,2018-09-29
8392,9434,21.2,5.0,988.3,2018-09-30
8397,9434,17.2,11.4,991.7,2018-10-01
8402,9434,17.8,8.6,992.75,2018-10-02
8406,9434,19.8,5.8,991.9000000000001,2018-10-03
8409,9434,20.1,2.2,989.85,2018-10-04
8414,9434,20.0,2.5,987.05,2018-10-05
8419,9434,20.4,2.8,983.65,2018-10-06
8422,9434,15.6,10.8,988.35,2018-10-07
8424,9434,17.0,2.8,986.95,2018-10-08
8428,9434,16.0,2.2,984.25,2018-10-09
8432,9434,18.9,3.3,979.45,2018-10-10
8436,9434,19.4,3.3,983.95,2018-10-11
8443,9434,22.0,2.5,989.5,2018-10-12
8447,9434,21.8,3.9,985.95,2018-10-13
8451,9434,17.8,3.9,978.1500000000001,2018-10-14
8452,9434,16.8,4.2,979.55,2018-10-15
8456,9434,16.4,1.7,985.1500000000001,2018-10-16
8461,9434,17.4,1.9,985.3,2018-10-17
8466,9434,16.7,1.9,982.5,2018-10-18
8469,9434,17.6,2.8,986.75,2018-10-19
8475,9434,19.0,1.1,991.6500000000001,2018-10-20
8476,9434,18.0,1.7,991.75,2018-10-21
8483,9434,17.6,7.8,992.9000000000001,2018-10-22
8486,9434,16.0,4.2,996.35,2018-10-23
8490,9434,16.8,6.4,993.7,2018-10-24
8494,9434,17.4,3.9,988.25,2018-10-25
8498,9434,14.7,2.5,983.6,2018-10-26
8501,9434,11.2,9.2,975.65,2018-10-27
8506,9434,7.0,8.9,971.6,2018-10-28
8510,9434,6.9,9.2,970.3,2018-10-29
8514,9434,7.2,3.9,973.9,2018-10-30
8517,9434,9.6,1.9,974.5,2018-10-31
8522,9434,11.7,3.3,983.3,2018-11-01
8525,9434,12.5,6.7,990.65,2018-11-02
8528,9434,11.0,5.0,990.5999999999999,2018-11-03
8534,9434,9.3,2.8,982.5,2018-11-04
8538,9434,8.6,2.8,974.45,2018-11-05
8541,9434,11.8,6.4,978.65,2018-11-06
8544,9434,12.8,2.2,984.7,2018-11-07
8550,9434,10.6,2.5,985.5999999999999,2018-11-08
8552,9434,12.1,7.2,984.25,2018-11-09
8556,9434,14.6,2.5,982.6500000000001,2018-11-10
8561,9434,17.4,3.3,983.1,2018-11-11
8566,9434,16.2,2.8,986.9000000000001,2018-11-12
8568,9434,14.8,2.2,993.7,2018-11-13
8574,9434,13.8,1.9,993.35,2018-11-14
8579,9434,14.4,1.9,990.35,2018-11-15
8583,9434,14.6,1.9,990.35,2018-11-16
8586,9434,12.9,1.4,985.65,2018-11-17
8591,9434,11.0,4.4,979.8499999999999,2018-11-18
8592,9434,12.2,3.1,973.8499999999999,2018-11-19
8599,9434,9.3,3.3,972.25,2018-11-20
8601,9434,11.0,2.5,980.2,2018-11-21
8604,9434,9.6,2.8,986.1,2018-11-22
8609,9434,9.2,2.2,984.35,2018-11-23
8612,9434,9.0,3.1,984.4,2018-11-24
8618,9434,9.2,3.9,979.5,2018-11-25
8621,9434,9.6,6.9,982.5,2018-11-26
8624,9434,9.6,4.2,991.25,2018-11-27
8628,9434,8.9,1.4,991.75,2018-11-28
8632,9434,7.8,2.5,989.1,2018-11-29
8637,9434,10.6,5.3,989.95,2018-11-30
8643,9434,8.8,2.8,991.7,2018-12-01
8647,9434,10.4,2.2,990.5,2018-12-02
8651,9434,10.4,3.3,992.25,2018-12-03
8652,9434,12.6,1.7,993.5,2018-12-04
8659,9434,8.4,1.9,995.25,2018-12-05
8663,9434,11.9,7.8,997.55,2018-12-06
8667,9434,9.2,2.8,995.55,2018-12-07
8670,9434,11.9,5.6,998.1,2018-12-08
8673,9434,11.0,6.4,999.45,2018-12-09
8676,9434,10.0,8.6,998.5,2018-12-10
8682,9434,6.6,1.7,992.6,2018-12-11
8686,9434,10.2,2.8,987.1,2018-12-12
8691,9434,9.4,4.7,978.7,2018-12-13
8695,9434,9.9,8.9,987.1500000000001,2018-12-14
8699,9434,8.2,1.1,991.3,2018-12-15
8703,9434,12.9,8.1,989.65,2018-12-16
8704,9434,7.2,3.3,996.9,2018-12-17
8711,9434,4.6,3.1,993.95,2018-12-18
8712,9434,9.8,1.9,990.5999999999999,2018-12-19
8719,9434,9.8,1.7,995.3,2018-12-20
8723,9434,9.5,2.5,998.85,2018-12-21
8725,9434,9.8,3.1,1000.55,2018-12-22
8730,9434,8.9,1.1,1000.3,2018-12-23
8734,9434,7.6,2.2,998.1,2018-12-24
8737,9434,4.4,1.7,999.2,2018-12-25
8743,9434,5.0,2.2,999.9000000000001,2018-12-26
8746,9434,5.0,2.2,998.25,2018-12-27
8751,9434,7.5,1.9,998.45,2018-12-28
8755,9434,7.6,2.8,999.5,2018-12-29
8758,9434,5.0,2.5,1001.05,2018-12-30
8762,9434,2.2,1.9,1000.5999999999999,2018-12-31
8766,9434,2.4,1.9,1000.6,2019-01-01
8768,9434,6.8,6.7,998.45,2019-01-02
8774,9434,3.4,1.4,999.6,2019-01-03
8776,9434,0.9,1.7,1001.15,2019-01-04
8780,9434,5.0,6.4,1001.1500000000001,2019-01-05
8786,9434,8.8,8.1,999.75,2019-01-06
8791,9434,6.4,9.4,1000.1,2019-01-07
8794,9434,6.5,10.0,998.0999999999999,2019-01-08
8799,9434,8.8,11.1,991.5,2019-01-09
8803,9434,4.7,10.3,990.6500000000001,2019-01-10
8807,9434,4.8,10.0,995.45,2019-01-11
8809,9434,7.6,8.3,997.6500000000001,2019-01-12
8813,9434,9.7,11.7,995.9,2019-01-13
8816,9434,11.0,11.4,992.2,2019-01-14
8821,9434,8.6,2.5,990.9,2019-01-15
8825,9434,2.8,1.9,988.2,2019-01-16
8828,9434,5.0,7.5,988.55,2019-01-17
8835,9434,6.2,4.7,988.0,2019-01-18
8838,9434,6.4,4.2,982.95,2019-01-19
8842,9434,7.4,8.6,982.95,2019-01-20
8847,9434,6.8,8.9,988.55,2019-01-21
8849,9434,5.5,5.0,983.3,2019-01-22
8853,9434,8.0,7.2,973.95,2019-01-23
8857,9434,6.5,8.1,979.9,2019-01-24
8863,9434,9.2,11.1,986.65,2019-01-25
8866,9434,10.0,5.3,986.55,2019-01-26
8871,9434,8.0,9.2,983.15,2019-01-27
8872,9434,8.7,8.9,983.0,2019-01-28
8876,9434,8.4,6.4,980.8,2019-01-29
8880,9434,8.3,3.6,977.2,2019-01-30
8884,9434,10.8,4.7,968.1500000000001,2019-01-31
8888,9434,11.0,6.7,961.15,2019-02-01
8893,9434,6.0,11.7,974.55,2019-02-02
8898,9434,5.0,9.7,991.95,2019-02-03
8902,9434,8.4,7.2,995.8,2019-02-04
8906,9434,11.5,8.9,996.8,2019-02-05
8908,9434,10.7,1.4,993.8,2019-02-06
8913,9434,10.0,4.2,992.2,2019-02-07
8919,9434,9.2,2.5,990.7,2019-02-08
8920,9434,10.6,2.2,990.5,2019-02-09
8925,9434,12.9,7.5,990.1,2019-02-10
8928,9434,9.7,9.2,997.35,2019-02-11
8932,9434,8.5,2.2,1001.45,2019-02-12
8936,9434,7.8,1.9,1000.6,2019-02-13
8941,9434,9.2,2.8,1001.4,2019-02-14
8944,9434,7.2,1.7,999.1,2019-02-15
8948,9434,7.8,3.1,997.55,2019-02-16
8952,9434,8.4,3.3,993.0999999999999,2019-02-17
8959,9434,9.5,1.9,990.05,2019-02-18
8961,9434,8.0,1.7,990.75,2019-02-19
8965,9434,8.4,1.9,994.2,2019-02-20
8968,9434,9.4,1.7,998.65,2019-02-21
8975,9434,11.2,3.9,999.4,2019-02-22
8978,9434,12.7,4.4,996.3,2019-02-23
8980,9434,11.3,1.1,1000.6,2019-02-24
8985,9434,10.8,1.4,1000.8,2019-02-25
8990,9434,12.2,2.5,999.55,2019-02-26
8992,9434,14.2,0.6,995.6,2019-02-27
8996,9434,14.5,8.6,996.55,2019-02-28
9003,9434,12.6,5.6,993.25,2019-03-01
9007,9434,14.4,5.0,993.6,2019-03-02
9009,9434,13.6,2.8,989.3499999999999,2019-03-03
9012,9434,15.8,7.5,986.45,2019-03-04
9019,9434,13.4,3.1,985.2,2019-03-05
9022,9434,15.1,5.0,976.3499999999999,2019-03-06
9024,9434,12.6,3.9,982.8,2019-03-07
9028,9434,11.2,4.7,992.0999999999999,2019-03-08
9033,9434,12.5,3.3,999.35,2019-03-09
9037,9434,14.0,5.0,997.9000000000001,2019-03-10
9041,9434,12.3,8.9,1000.05,2019-03-11
9047,9434,11.3,2.5,994.3,2019-03-12
9049,9434,11.0,9.4,996.1,2019-03-13
9054,9434,11.4,8.3,998.1500000000001,2019-03-14
9057,9434,13.8,7.8,996.0,2019-03-15
9060,9434,14.8,3.1,989.6500000000001,2019-03-16
9064,9434,12.6,6.7,988.75,2019-03-17
9071,9434,10.8,7.8,993.55,2019-03-18
9073,9434,10.8,9.2,994.95,2019-03-19
9077,9434,11.4,4.2,996.9000000000001,2019-03-20
9081,9434,11.0,2.5,997.2,2019-03-21
9086,9434,11.2,1.9,996.9,2019-03-22
9088,9434,13.8,1.7,995.2,2019-03-23
9093,9434,15.0,2.5,992.55,2019-03-24
9099,9434,13.4,10.8,991.0999999999999,2019-03-25
9100,9434,14.4,6.7,991.1500000000001,2019-03-26
9106,9434,13.0,4.7,993.8499999999999,2019-03-27
9109,9434,13.2,3.9,995.9,2019-03-28
9114,9434,12.4,5.3,994.15,2019-03-29
9119,9434,12.3,3.3,990.6,2019-03-30
9120,9434,9.7,2.2,987.05,2019-03-31
9124,9434,12.1,1.9,985.0,2019-04-01
9129,9434,14.2,4.2,983.6500000000001,2019-04-02
9133,9434,7.8,4.2,977.95,2019-04-03
9136,9434,9.2,1.9,973.05,2019-04-04
9140,9434,10.2,3.6,969.25,2019-04-05
9147,9434,10.8,4.7,971.35,2019-04-06
9151,9434,11.9,4.7,977.8499999999999,2019-04-07
9155,9434,14.5,3.3,980.65,2019-04-08
9156,9434,13.6,6.1,979.75,2019-04-09
9160,9434,12.7,7.8,983.35,2019-04-10
9167,9434,12.5,11.1,987.1500000000001,2019-04-11
9171,9434,13.6,9.4,986.75,2019-04-12
9173,9434,15.4,3.9,986.95,2019-04-13
9178,9434,16.4,4.4,984.6,2019-04-14
9183,9434,17.0,4.4,983.25,2019-04-15
9187,9434,16.7,3.6,987.75,2019-04-16
9191,9434,16.0,7.2,984.95,2019-04-17
9192,9434,15.8,7.2,983.95,2019-04-18
9196,9434,15.3,3.3,989.3,2019-04-19
9202,9434,15.4,5.3,989.7,2019-04-20
9207,9434,12.0,4.7,984.05,2019-04-21
9210,9434,14.6,2.8,973.3,2019-04-22
9213,9434,14.7,3.1,968.5,2019-04-23
9217,9434,13.7,6.1,973.75,2019-04-24
9220,9434,14.8,5.6,979.65,2019-04-25
9227,9434,14.8,5.0,991.25,2019-04-26
9229,9434,15.2,5.6,995.6500000000001,2019-04-27
9232,9434,16.4,8.3,992.55,2019-04-28
9239,9434,16.4,2.8,987.6500000000001,2019-04-29
9243,9434,18.8,5.3,985.75,2019-04-30
9245,9434,17.3,3.1,983.5,2019-05-01
9249,9434,17.0,9.2,985.45,2019-05-02
9255,9434,14.8,8.9,983.4,2019-05-03
9258,9434,14.2,9.4,984.7,2019-05-04
9262,9434,13.0,10.8,987.2,2019-05-05
9264,9434,15.6,3.3,987.45,2019-05-06
9268,9434,18.6,1.9,984.05,2019-05-07
9272,9434,20.8,7.5,978.15,2019-05-08
9276,9434,18.6,2.5,981.55,2019-05-09
9283,9434,21.8,5.6,983.45,2019-05-10
9287,9434,17.6,8.9,991.3,2019-05-11
9290,9434,17.9,12.2,993.3,2019-05-12
9294,9434,19.3,8.9,989.9000000000001,2019-05-13
9296,9434,19.4,4.4,986.5,2019-05-14
9301,9434,22.0,7.2,981.05,2019-05-15
9304,9434,18.6,4.2,977.3499999999999,2019-05-16
9311,9434,12.8,8.9,975.95,2019-05-17
9315,9434,14.0,5.3,980.55,2019-05-18
9317,9434,14.0,7.8,982.25,2019-05-19
9320,9434,15.6,6.9,983.5999999999999,2019-05-20
9325,9434,17.8,5.6,985.85,2019-05-21
9331,9434,19.4,3.3,987.0,2019-05-22
9335,9434,20.4,1.7,985.55,2019-05-23
9338,9434,16.6,8.1,986.5,2019-05-24
9343,9434,17.5,11.1,988.5999999999999,2019-05-25
9346,9434,18.0,11.4,988.35,2019-05-26
9350,9434,18.4,10.6,984.7,2019-05-27
9355,9434,16.6,11.7,988.5,2019-05-28
9358,9434,17.0,10.6,992.75,2019-05-29
9361,9434,20.9,4.4,993.0,2019-05-30
9365,9434,22.2,1.1,991.8,2019-05-31
9368,9434,24.0,2.8,989.05,2019-06-01
9374,9434,25.0,3.6,985.85,2019-06-02
9377,9434,26.1,3.9,983.7,2019-06-03
9381,9434,25.2,5.6,977.9,2019-06-04
9386,9434,16.8,6.9,980.7,2019-06-05
9388,9434,19.3,5.3,980.05,2019-06-06
9392,9434,19.2,3.9,984.55,2019-06-07
9399,9434,19.9,6.7,990.25,2019-06-08
9403,9434,23.8,3.6,984.5,2019-06-09
9407,9434,18.5,8.9,985.2,2019-06-10
9411,9434,16.0,8.1,984.75,2019-06-11
9413,9434,16.5,3.1,983.4000000000001,2019-06-12
9416,9434,21.0,7.2,980.5,2019-06-13
9423,9434,22.4,3.6,981.4000000000001,2019-06-14
9426,9434,21.0,5.6,987.85,2019-06-15
9430,9434,22.6,2.8,987.9000000000001,2019-06-16
9434,9434,25.9,3.3,983.95,2019-06-17
9437,9434,28.2,4.2,981.0999999999999,2019-06-18
9440,9434,25.0,1.7,982.0,2019-06-19
9446,9434,23.5,7.8,983.4000000000001,2019-06-20
9448,9434,21.2,7.2,986.75,2019-06-21
9452,9434,23.4,3.6,985.0999999999999,2019-06-22
9456,9434,28.2,6.1,981.6,2019-06-23
9460,9434,27.0,4.7,983.0,2019-06-24
9465,9434,27.4,3.9,984.85,2019-06-25
9469,9434,29.0,8.3,986.2,2019-06-26
9472,9434,31.1,5.3,987.3,2019-06-27
9479,9434,32.0,2.8,985.5,2019-06-28
9482,9434,32.8,2.5,983.3499999999999,2019-06-29
9484,9434,31.9,5.3,984.95,2019-06-30
9489,9434,27.2,6.7,986.2,2019-07-01
9495,9434,27.0,3.3,984.95,2019-07-02
9498,9434,29.1,5.0,983.3499999999999,2019-07-03
9503,9434,29.0,4.7,984.7,2019-07-04
9507,9434,29.9,2.5,983.95,2019-07-05
9511,9434,30.4,4.4,981.7,2019-07-06
9514,9434,29.4,5.3,982.1,2019-07-07
9518,9434,24.4,4.2,981.3,2019-07-08
9523,9434,22.2,8.6,984.8,2019-07-09
9524,9434,24.8,4.4,985.3,2019-07-10
9529,9434,28.6,4.2,984.25,2019-07-11
9532,9434,30.0,4.2,985.0,2019-07-12
9539,9434,27.8,4.4,983.4,2019-07-13
9542,9434,25.0,5.6,982.75,2019-07-14
9546,9434,25.2,8.6,983.85,2019-07-15
9548,9434,25.2,2.8,985.0,2019-07-16
9553,9434,25.4,2.5,984.3499999999999,2019-07-17
9558,9434,25.4,7.8,985.7,2019-07-18
9561,9434,27.1,4.7,984.2,2019-07-19
9566,9434,30.0,5.6,985.2,2019-07-20
9568,9434,29.6,5.3,988.75,2019-07-21
