,tmed,velmedia,presmed,fecha
750,21.8,4.2,970.1500000000001,2013-07-07
755,24.7,2.8,968.1500000000001,2013-07-08
759,26.0,2.2,965.05,2013-07-09
762,26.2,2.5,961.8499999999999,2013-07-10
767,24.8,2.8,961.75,2013-07-11
771,26.6,3.3,963.55,2013-07-12
772,25.2,2.2,965.25,2013-07-13
778,23.4,4.4,967.4000000000001,2013-07-14
781,23.8,1.9,968.2,2013-07-15
785,24.900000000000006,2.891666666666666,964.9312500000001,2013-07-16
789,23.1,4.7,969.25,2013-07-17
793,22.6,1.9,967.4,2013-07-18
798,24.6,1.4,964.0,2013-07-19
802,26.3,2.2,962.5999999999999,2013-07-20
805,27.0,5.0,964.6,2013-07-21
811,25.0,1.7,963.85,2013-07-22
815,26.0,2.8,963.1500000000001,2013-07-23
816,26.0,1.7,963.95,2013-07-24
822,28.4,4.2,961.7,2013-07-25
824,27.7,3.9,958.5999999999999,2013-07-26
828,24.4,2.5,957.8,2013-07-27
835,23.4,3.1,963.35,2013-07-28
836,20.8,2.2,970.05,2013-07-29
843,23.6,2.5,971.05,2013-07-30
844,26.2,3.3,965.65,2013-07-31
849,28.9,4.7,960.35,2013-08-01
855,28.8,5.3,963.15,2013-08-02
856,23.3,4.4,967.65,2013-08-03
862,25.6,3.1,967.05,2013-08-04
866,22.6,5.6,964.5999999999999,2013-08-05
869,23.4,2.8,962.0999999999999,2013-08-06
874,20.6,3.6,962.0,2013-08-07
879,17.6,4.2,969.1500000000001,2013-08-08
883,19.4,6.1,972.45,2013-08-09
884,20.7,6.1,970.8499999999999,2013-08-10
890,23.8,2.2,966.7,2013-08-11
892,24.5,5.0,965.65,2013-08-12
898,21.2,6.4,968.35,2013-08-13
900,21.2,5.6,967.7,2013-08-14
905,22.8,1.9,965.85,2013-08-15
908,23.3,3.6,966.75,2013-08-16
912,23.6,3.3,966.85,2013-08-17
916,24.1,1.1,965.4000000000001,2013-08-18
921,21.0,5.3,969.85,2013-08-19
925,21.4,5.3,970.2,2013-08-20
928,23.3,1.1,965.95,2013-08-21
934,24.8,2.5,962.7,2013-08-22
937,24.2,4.2,964.3499999999999,2013-08-23
942,19.6,6.9,967.05,2013-08-24
946,19.0,5.0,964.6500000000001,2013-08-25
951,17.6,4.2,962.45,2013-08-26
954,19.1,4.4,964.7,2013-08-27
958,20.6,5.0,966.3499999999999,2013-08-28
961,19.7,3.9,968.4,2013-08-29
965,20.0,5.8,970.05,2013-08-30
968,20.1,6.4,971.55,2013-08-31
974,20.6,6.4,971.9000000000001,2013-09-01
979,21.0,5.3,971.0,2013-09-02
983,22.0,1.4,969.9,2013-09-03
984,23.0,3.1,967.1,2013-09-04
990,22.3,2.8,962.3499999999999,2013-09-05
995,21.9,2.8,961.8,2013-09-06
998,18.6,0.8,964.0999999999999,2013-09-07
1003,15.8,2.2,969.6,2013-09-08
1005,16.3,3.3,971.7,2013-09-09
1010,17.2,5.0,970.0,2013-09-10
1015,15.8,6.4,970.1,2013-09-11
1016,16.0,5.3,970.8499999999999,2013-09-12
1023,18.9,4.2,970.5999999999999,2013-09-13
1025,19.0,2.8,966.8,2013-09-14
1030,14.4,5.0,966.6,2013-09-15
1035,16.0,3.3,963.45,2013-09-16
1039,16.0,5.0,964.9,2013-09-17
1042,17.8,3.6,964.85,2013-09-18
1047,17.3,5.6,966.7,2013-09-19
1051,19.2,4.7,969.1500000000001,2013-09-20
1053,18.3,4.2,971.3,2013-09-21
1058,19.6,0.8,970.45,2013-09-22
1060,20.2,2.5,966.65,2013-09-23
1067,22.1,0.6,962.8499999999999,2013-09-24
1068,24.6,2.8,960.45,2013-09-25
1072,25.0,3.1,960.55,2013-09-26
1078,24.3,4.4,957.85,2013-09-27
1082,21.2,5.3,953.9000000000001,2013-09-28
1086,19.0,1.9,955.3499999999999,2013-09-29
1089,20.4,0.8,955.8,2013-09-30
1095,20.0,0.8,957.5999999999999,2013-10-01
1097,22.9,2.2,958.5,2013-10-02
1100,23.2,8.1,959.45,2013-10-03
1104,18.8,4.2,964.7,2013-10-04
1111,15.6,3.1,970.9000000000001,2013-10-05
1115,15.6,3.6,971.6500000000001,2013-10-06
1118,15.3,3.9,970.05,2013-10-07
1121,14.0,4.2,971.25,2013-10-08
1124,14.8,6.7,969.8499999999999,2013-10-09
1129,12.6,3.9,966.2,2013-10-10
1134,10.2,2.8,964.0,2013-10-11
1139,9.2,1.1,965.45,2013-10-12
1140,11.6,0.6,967.05,2013-10-13
1144,15.8,1.7,966.55,2013-10-14
1148,16.0,2.2,965.95,2013-10-15
1153,19.7,1.9,968.0,2013-10-16
1157,18.5,0.6,966.5,2013-10-17
1162,19.6,4.4,961.05,2013-10-18
1167,20.8,5.8,961.3,2013-10-19
1170,18.5,1.7,964.6500000000001,2013-10-20
1174,16.7,4.7,961.7,2013-10-21
1177,18.2,10.0,956.3499999999999,2013-10-22
1181,17.2,1.9,960.7,2013-10-23
1185,16.5,8.1,960.75,2013-10-24
1189,20.2,6.7,960.55,2013-10-25
1194,16.8,3.6,964.95,2013-10-26
1196,14.6,1.9,968.55,2013-10-27
1201,16.0,3.3,965.05,2013-10-28
1204,9.9,3.6,968.95,2013-10-29
1211,10.8,4.7,970.5999999999999,2013-10-30
1215,10.2,1.9,970.7,2013-10-31
1217,9.5,0.3,968.35,2013-11-01
1220,16.4,2.5,963.9000000000001,2013-11-02
1225,12.5,2.5,965.2,2013-11-03
1229,11.1,3.1,957.9,2013-11-04
1235,14.0,4.2,961.6,2013-11-05
1238,17.1,1.4,966.75,2013-11-06
1241,15.4,0.8,965.2,2013-11-07
1245,14.8,2.8,965.6500000000001,2013-11-08
1248,9.8,2.5,969.0,2013-11-09
1255,12.0,6.9,971.7,2013-11-10
1256,12.6,6.1,973.55,2013-11-11
1261,13.4,4.7,972.35,2013-11-12
1266,13.0,6.4,972.5,2013-11-13
1271,9.4,6.4,975.2,2013-11-14
1275,5.6,5.3,969.75,2013-11-15
1279,4.7,4.2,967.3499999999999,2013-11-16
1283,7.4,2.8,962.55,2013-11-17
1287,8.4,7.2,956.6500000000001,2013-11-18
1290,6.8,6.1,960.1500000000001,2013-11-19
1292,3.6,3.1,962.3499999999999,2013-11-20
1298,5.5,3.1,955.5999999999999,2013-11-21
1301,4.0,5.0,955.8499999999999,2013-11-22
1305,4.8,7.5,961.9000000000001,2013-11-23
1308,4.4,9.2,967.8,2013-11-24
1315,4.8,7.8,973.6,2013-11-25
1319,3.6,6.4,975.2,2013-11-26
1320,1.6,5.6,973.9000000000001,2013-11-27
1324,1.8,4.713793103448276,976.25,2013-11-28
1331,4.6,6.4,975.2,2013-11-29
1333,5.7,6.4,969.6,2013-11-30
1336,4.0,6.7,969.1500000000001,2013-12-01
1340,2.4,4.4,970.45,2013-12-02
1346,4.6,0.6,974.0999999999999,2013-12-03
1350,6.2,1.4,975.3,2013-12-04
1355,6.6,6.4,976.7,2013-12-05
1356,6.4,6.1,975.15,2013-12-06
1361,5.8,0.6,971.3499999999999,2013-12-07
1364,4.2,0.8,974.25,2013-12-08
1368,2.9,0.3,977.3,2013-12-09
1375,3.4,0.6,978.5,2013-12-10
1376,3.2,1.4,978.25,2013-12-11
1381,2.8,1.9,976.65,2013-12-12
1384,3.8,0.8,974.3,2013-12-13
1390,7.2,2.2,978.75,2013-12-14
1392,4.9,0.3,979.55,2013-12-15
1398,3.6,2.2,975.9,2013-12-16
1401,7.2,1.7,974.25,2013-12-17
1405,7.9,4.2,969.45,2013-12-18
1409,7.4,1.9,962.1,2013-12-19
1412,4.4,6.4,972.3,2013-12-20
1419,3.1,0.6,978.55,2013-12-21
1421,3.9,0.0,976.45,2013-12-22
1427,4.6,2.8,968.7,2013-12-23
1431,10.4,11.7,953.5999999999999,2013-12-24
1435,7.4,5.0,945.75,2013-12-25
1439,5.4,4.2,955.75,2013-12-26
1443,7.4,2.8,957.05,2013-12-27
1446,7.0,3.3,960.3,2013-12-28
1448,3.2,0.8,972.3,2013-12-29
1453,3.4,1.4,972.35,2013-12-30
1456,4.4,1.1,966.1,2013-12-31
1462,7.4,2.8,960.7,2014-01-01
1467,11.0,2.2,958.25,2014-01-02
1470,13.0,1.1,961.65,2014-01-03
1475,8.2,5.0,956.55,2014-01-04
1477,5.2,2.5,964.0999999999999,2014-01-05
1481,8.0,1.4,963.6500000000001,2014-01-06
1486,13.0,0.8,965.8,2014-01-07
1490,12.3,1.9,967.5,2014-01-08
1493,7.6,0.6,966.75,2014-01-09
1499,5.0,0.0,964.3,2014-01-10
1503,3.6,0.6,966.5,2014-01-11
1506,7.0,1.7,968.85,2014-01-12
1508,7.6,2.2,964.05,2014-01-13
1515,6.7,1.4,961.05,2014-01-14
1518,8.4,1.1,959.65,2014-01-15
1522,7.6,2.2,954.05,2014-01-16
1526,6.8,7.2,949.6,2014-01-17
1529,5.6,5.0,943.6500000000001,2014-01-18
1535,5.3,1.9,948.45,2014-01-19
1536,4.5,5.0,959.35,2014-01-20
1543,5.8,1.9,961.55,2014-01-21
1545,6.5,1.7,962.1500000000001,2014-01-22
1548,6.6,2.8,970.1500000000001,2014-01-23
1555,9.0,3.9,969.5,2014-01-24
1558,11.0,5.3,970.9,2014-01-25
1562,11.8,1.1,967.15,2014-01-26
1567,6.4,2.8,958.2,2014-01-27
1570,4.0,3.1,950.75,2014-01-28
1572,5.8,0.8,946.6,2014-01-29
1578,4.4,2.5,953.15,2014-01-30
1583,6.4,1.1,956.65,2014-01-31
1586,4.6,3.1,958.05,2014-02-01
1590,5.2,0.3,963.6,2014-02-02
1595,3.4,2.8,956.95,2014-02-03
1597,4.8,6.7,954.0,2014-02-04
1602,8.4,6.4,953.05,2014-02-05
1605,10.6,11.1,953.5,2014-02-06
1610,8.8,3.9,957.35,2014-02-07
1614,6.6,5.0,953.55,2014-02-08
1618,5.3,6.7,947.5,2014-02-09
1621,4.7,6.4,950.45,2014-02-10
1625,1.8,1.4,960.8,2014-02-11
1629,4.0,1.9,962.3499999999999,2014-02-12
1632,10.4,4.7,960.25,2014-02-13
1638,12.4,11.9,955.5999999999999,2014-02-14
1643,9.6,2.2,956.9000000000001,2014-02-15
1646,6.6,1.9,962.7,2014-02-16
1651,6.3,6.1,959.85,2014-02-17
1652,6.8,1.4,962.75,2014-02-18
1656,6.6,2.8,967.05,2014-02-19
1661,8.0,0.6,964.85,2014-02-20
1664,5.7,4.2,965.7,2014-02-21
1669,5.6,0.6,968.6,2014-02-22
1673,7.0,3.6,965.0,2014-02-23
1677,10.2,4.4,961.2,2014-02-24
1680,8.8,1.7,962.9,2014-02-25
1685,4.4,1.9,970.0999999999999,2014-02-26
1691,5.3,0.0,971.35,2014-02-27
1695,4.1,8.1,964.2,2014-02-28
1696,4.2,1.1,955.55,2014-03-01
1703,8.8,1.1,951.1500000000001,2014-03-02
1706,6.9,3.1,951.75,2014-03-03
1710,6.3,4.2,957.3,2014-03-04
1713,8.8,6.4,964.65,2014-03-05
1719,9.4,6.7,969.2,2014-03-06
1721,9.7,1.7,971.0,2014-03-07
1724,10.6,1.4,969.7,2014-03-08
1729,12.0,3.9,971.7,2014-03-09
1735,10.2,2.2,969.3,2014-03-10
1739,10.8,3.6,968.75,2014-03-11
1742,10.0,1.7,972.8,2014-03-12
1744,9.2,1.9,973.35,2014-03-13
1751,10.4,1.7,973.1,2014-03-14
1755,10.0,8.1,976.25,2014-03-15
1757,12.2,5.6,973.8499999999999,2014-03-16
1761,13.0,0.3,968.4,2014-03-17
1767,9.5,6.1,971.2,2014-03-18
1771,12.2,3.9,970.4000000000001,2014-03-19
1772,12.6,1.1,965.4,2014-03-20
1779,14.6,2.5,963.5,2014-03-21
1781,8.2,5.3,961.3,2014-03-22
1786,5.1,3.9,965.05,2014-03-23
1789,3.0,0.8,965.2,2014-03-24
1795,4.8,4.4,961.3,2014-03-25
1797,3.6,2.5,959.0,2014-03-26
1801,7.4,2.2,958.4000000000001,2014-03-27
1804,9.5,6.4,956.5,2014-03-28
1810,12.8,6.7,956.0,2014-03-29
1814,11.8,5.0,958.6500000000001,2014-03-30
1818,13.4,4.2,960.15,2014-03-31
1821,15.8,6.9,955.2,2014-04-01
1825,13.9,6.1,949.8,2014-04-02
1830,9.9,4.4,951.7,2014-04-03
1833,12.8,3.6,960.5,2014-04-04
1836,15.0,2.5,966.2,2014-04-05
1842,16.5,0.6,962.3931034482756,2014-04-06
1847,17.2,3.6,966.15,2014-04-07
1850,12.3,5.8,970.7,2014-04-08
1852,13.9,1.4,969.2,2014-04-09
1856,16.0,0.6,964.4,2014-04-10
1861,15.2,5.0,963.55,2014-04-11
1867,13.4,4.7,966.2,2014-04-12
1869,14.7,5.0,968.3,2014-04-13
1875,16.0,1.9,965.0,2014-04-14
1876,18.3,2.5,962.8,2014-04-15
1882,17.0,2.2,964.9000000000001,2014-04-16
1884,15.0,3.6,966.8,2014-04-17
1889,14.0,3.6,962.5,2014-04-18
1892,11.2,5.3,955.0999999999999,2014-04-19
1896,9.4,1.7,951.05,2014-04-20
1903,10.9,0.8,952.7,2014-04-21
1905,12.4,2.8,960.55,2014-04-22
1910,12.6,2.2,967.0,2014-04-23
1915,11.6,2.2,963.65,2014-04-24
1918,11.7,4.4,965.3,2014-04-25
1922,11.3,3.1,962.8499999999999,2014-04-26
1925,11.5,4.7,964.85,2014-04-27
1928,12.1,3.6,964.3,2014-04-28
1933,14.0,3.3,964.05,2014-04-29
1936,15.4,5.8,964.1,2014-04-30
1942,13.4,4.4,965.8,2014-05-01
1946,11.0,5.3,968.35,2014-05-02
1950,11.8,7.5,968.3499999999999,2014-05-03
1953,12.5,6.9,964.1500000000001,2014-05-04
1959,14.3,1.7,961.25,2014-05-05
1961,16.8,1.1,963.3499999999999,2014-05-06
1967,16.0,4.7,966.75,2014-05-07
1970,16.0,2.8,968.05,2014-05-08
1973,14.4,6.7,969.95,2014-05-09
1979,16.5,4.4,967.6,2014-05-10
1981,12.4,6.1,967.5,2014-05-11
1986,11.8,4.2,966.85,2014-05-12
1988,11.3,5.6,972.65,2014-05-13
1993,11.3,5.6,975.45,2014-05-14
1996,14.2,5.8,971.55,2014-05-15
2001,12.8,6.1,967.1500000000001,2014-05-16
2007,13.8,5.3,963.6,2014-05-17
2008,15.2,3.6,958.65,2014-05-18
2012,17.2,5.8,951.65,2014-05-19
2017,16.9,5.8,954.0,2014-05-20
2021,16.2,10.0,952.45,2014-05-21
2027,12.8,5.0,957.2,2014-05-22
2029,11.4,3.3,960.75,2014-05-23
2034,13.2,1.4,963.05,2014-05-24
2039,12.4,3.1,964.6500000000001,2014-05-25
2043,12.7,4.4,967.45,2014-05-26
2046,14.4,1.7,965.9,2014-05-27
2048,12.4,3.1,963.65,2014-05-28
2055,14.4,2.8,965.6,2014-05-29
2057,13.8,5.8,968.6,2014-05-30
2060,14.4,6.4,969.5999999999999,2014-05-31
2066,15.4,6.7,969.55,2014-06-01
2071,13.0,6.1,968.3,2014-06-02
2074,16.2,2.8,965.6,2014-06-03
2079,11.6,5.6,962.8,2014-06-04
2081,16.8,3.1,960.1,2014-06-05
2084,22.4,5.6,957.25,2014-06-06
2091,23.2,4.4,961.6500000000001,2014-06-07
2094,22.0,2.2,963.4,2014-06-08
2096,23.0,3.3,962.15,2014-06-09
2101,19.4,5.8,967.2,2014-06-10
2104,22.3,2.2,969.4,2014-06-11
2110,23.4,2.5,969.3499999999999,2014-06-12
2114,22.2,4.7,968.05,2014-06-13
2118,18.6,8.3,966.9,2014-06-14
2123,18.4,8.9,965.8499999999999,2014-06-15
2126,17.3,6.4,965.1,2014-06-16
2130,16.8,5.3,964.3,2014-06-17
2133,18.2,3.9,965.3,2014-06-18
2139,19.0,2.5,964.8499999999999,2014-06-19
2143,23.1,0.6,961.85,2014-06-20
2144,25.1,2.5,961.05,2014-06-21
2148,22.5,3.6,964.75,2014-06-22
2155,21.6,3.3,964.7,2014-06-23
2159,19.4,3.3,963.45,2014-06-24
2163,19.2,6.7,962.5,2014-06-25
2167,17.7,4.7,964.7,2014-06-26
2171,20.1,3.6,963.8,2014-06-27
2174,21.5,5.0,962.2,2014-06-28
2177,16.9,4.7,967.25,2014-06-29
2182,18.8,1.1,965.2,2014-06-30
2185,21.2,4.2,960.75,2014-07-01
2189,18.8,3.1,965.75,2014-07-02
2195,19.8,1.9,966.2,2014-07-03
2199,19.7,2.8,963.5,2014-07-04
2201,22.8,2.5,961.8499999999999,2014-07-05
2207,19.4,2.8,961.7,2014-07-06
2209,15.8,5.8,966.3,2014-07-07
2215,16.6,3.9,968.4,2014-07-08
2219,15.6,4.2,969.6500000000001,2014-07-09
2221,15.8,6.9,969.45,2014-07-10
2224,16.6,6.1,968.6,2014-07-11
2230,17.1,3.9,967.55,2014-07-12
2234,19.0,2.8,965.7,2014-07-13
2237,20.0,5.8,967.1500000000001,2014-07-14
2242,21.8,1.9,966.8,2014-07-15
2244,25.5,1.4,965.9000000000001,2014-07-16
2250,27.7,1.9,964.0,2014-07-17
2254,25.8,5.6,959.7,2014-07-18
2258,22.1,3.9,958.95,2014-07-19
2262,18.8,5.0,965.25,2014-07-20
2265,18.6,5.6,969.9,2014-07-21
2270,20.2,5.6,966.75,2014-07-22
2273,21.8,3.9,961.75,2014-07-23
2279,21.6,4.7,961.15,2014-07-24
2283,23.2,2.5,961.95,2014-07-25
2287,22.0,5.0,964.95,2014-07-26
2290,21.2,4.4,966.0,2014-07-27
2293,20.2,4.2,964.8,2014-07-28
2297,18.4,6.4,965.6500000000001,2014-07-29
2301,18.6,6.9,965.15,2014-07-30
2305,20.6,2.2,962.4,2014-07-31
2310,22.4,1.9,959.3,2014-08-01
2312,21.8,1.9,958.3,2014-08-02
2316,22.4,2.5,961.7,2014-08-03
2321,20.9,4.4,965.75,2014-08-04
2325,20.8,3.9,967.1,2014-08-05
2331,21.0,4.4,966.25,2014-08-06
2333,22.6,3.1,964.6,2014-08-07
2337,26.2,3.9,960.05,2014-08-08
2343,24.8,2.2,959.55,2014-08-09
2345,25.1,3.1,961.6500000000001,2014-08-10
2349,20.4,6.7,965.8,2014-08-11
2354,20.8,1.1,962.2,2014-08-12
2359,16.4,5.6,963.55,2014-08-13
2363,16.6,5.0,967.75,2014-08-14
2364,17.4,4.7,969.4,2014-08-15
2368,16.0,5.8,971.1500000000001,2014-08-16
2375,18.9,2.2,966.1500000000001,2014-08-17
2377,21.0,2.8,960.7,2014-08-18
2382,19.4,4.7,964.05,2014-08-19
2384,17.9,5.0,965.8,2014-08-20
2388,18.4,2.5,964.85,2014-08-21
2395,13.8,4.2,965.65,2014-08-22
2399,15.3,3.6,968.3,2014-08-23
2402,19.8,2.2,966.75,2014-08-24
2404,23.5,2.8,962.95,2014-08-25
2411,23.9,3.1,962.0,2014-08-26
2414,25.0,2.2,963.7,2014-08-27
2416,24.8,3.1,964.45,2014-08-28
2420,21.0,6.9,967.3,2014-08-29
2426,20.2,4.2,967.0,2014-08-30
2428,20.5,4.7,966.7,2014-08-31
2433,22.2,6.1,965.45,2014-09-01
2436,22.2,3.9,963.2,2014-09-02
2440,23.2,1.9,960.05,2014-09-03
2447,22.0,2.5,962.45,2014-09-04
2450,20.8,2.5,962.7,2014-09-05
2453,23.8,1.4,960.0,2014-09-06
2456,25.2,2.5,959.1500000000001,2014-09-07
2460,22.6,0.0,963.75,2014-09-08
2467,23.0,2.5,964.35,2014-09-09
2469,23.7,1.7,961.25,2014-09-10
2472,23.0,3.9,961.5,2014-09-11
2478,21.4,3.3,964.15,2014-09-12
2480,20.8,2.8,964.3,2014-09-13
2487,21.7,1.9,961.65,2014-09-14
2488,20.8,0.8,961.45,2014-09-15
2495,21.8,6.1,956.4,2014-09-16
2496,23.6,6.7,954.4,2014-09-17
2500,22.8,4.7,956.1,2014-09-18
2506,22.2,4.7,959.8,2014-09-19
2509,20.9,3.1,965.15,2014-09-20
2514,20.4,1.9,966.4,2014-09-21
2519,17.4,1.4,964.25,2014-09-22
2521,15.2,3.9,963.05,2014-09-23
2527,13.0,3.9,966.7,2014-09-24
2531,14.8,4.2,969.05,2014-09-25
2535,16.0,1.4,970.55,2014-09-26
2536,16.8,2.8,969.8,2014-09-27
2543,18.4,1.1,969.3,2014-09-28
2547,17.2,0.3,970.45,2014-09-29
2551,17.5,3.6,972.7,2014-09-30
2553,18.2,2.5,973.25,2014-10-01
2559,18.4,0.6,972.0,2014-10-02
2563,18.6,0.6,969.15,2014-10-03
2567,17.4,2.2,966.4,2014-10-04
2569,14.0,3.3,965.1500000000001,2014-10-05
2572,15.7,2.5,959.8499999999999,2014-10-06
2576,17.711111111111112,1.7,965.7275862068965,2014-10-07
2582,17.711111111111112,5.0,965.7275862068965,2014-10-08
2586,18.8,3.1,958.9000000000001,2014-10-09
2589,18.8,0.0,961.2,2014-10-10
2592,18.4,3.3,957.95,2014-10-11
2599,17.9,6.9,953.7,2014-10-12
2600,18.6,0.8,956.8499999999999,2014-10-13
2604,15.8,2.2,957.1,2014-10-14
2608,17.711111111111112,2.5,959.15,2014-10-15
2615,21.2,5.3,960.15,2014-10-16
2619,20.4,5.0,963.8,2014-10-17
2620,21.2,4.7,966.7,2014-10-18
2625,22.0,0.8,969.55,2014-10-19
2630,20.0,0.6,969.55,2014-10-20
2632,19.1,4.4,973.0,2014-10-21
2636,12.2,6.7,975.9,2014-10-22
2643,13.8,2.8,971.7,2014-10-23
2644,17.5,1.1,967.35,2014-10-24
2650,19.0,1.1,968.95,2014-10-25
2654,18.4,0.0,969.4,2014-10-26
2659,15.0,0.3,968.1,2014-10-27
2660,16.7,1.1,964.6500000000001,2014-10-28
2664,17.711111111111112,1.4,966.1,2014-10-29
2668,16.6,0.0,969.6,2014-10-30
2675,14.5,0.8,970.95,2014-10-31
2676,14.4,1.1,970.75,2014-11-01
2681,13.4,1.7,966.4000000000001,2014-11-02
2684,13.7,5.0,954.1500000000001,2014-11-03
2689,9.6,3.3,948.75,2014-11-04
2694,8.0,3.9,956.75,2014-11-05
2698,9.4,0.6,961.2,2014-11-06
2702,10.2,1.1,960.95,2014-11-07
2707,9.6,0.8,959.2,2014-11-08
2710,9.9,1.9,957.4,2014-11-09
2712,8.4,2.5,957.8499999999999,2014-11-10
2717,10.2,5.8,951.05,2014-11-11
2721,11.6,1.9,955.2,2014-11-12
2727,12.4,4.7,955.85,2014-11-13
2728,11.7,1.7,952.2,2014-11-14
2732,11.3,2.8,954.45,2014-11-15
2736,10.2,4.4,955.75,2014-11-16
2740,9.8,1.9,956.7,2014-11-17
2744,8.7,1.1,959.3499999999999,2014-11-18
2748,11.2,0.0,963.2,2014-11-19
2753,11.6,1.4,966.7,2014-11-20
2756,12.9,0.6,965.75,2014-11-21
2760,13.8,0.3,963.7,2014-11-22
2767,15.5,5.3,962.3499999999999,2014-11-23
2768,15.8,1.4,965.35,2014-11-24
2775,13.7,0.8,964.1500000000001,2014-11-25
2777,12.0,1.1,959.3,2014-11-26
2781,11.1,7.2,947.9,2014-11-27
2787,14.0,8.1,939.95,2014-11-28
2790,12.4,0.8,946.25,2014-11-29
2792,13.0,5.6,950.3499999999999,2014-11-30
2798,8.8,6.4,954.4000000000001,2014-12-01
2801,7.8,6.4,958.9,2014-12-02
2804,7.0,5.3,959.8,2014-12-03
2810,5.5,1.7,960.75,2014-12-04
2814,5.4,2.5,966.65,2014-12-05
2819,3.6,5.3,971.5999999999999,2014-12-06
2820,5.5,3.9,974.2,2014-12-07
2825,8.6,3.9,973.35,2014-12-08
2831,4.6,6.4,976.85,2014-12-09
2833,5.7,0.6,977.5,2014-12-10
2839,7.0,3.6,974.35,2014-12-11
2843,6.0,0.3,965.45,2014-12-12
2844,10.0,3.1,960.25,2014-12-13
2848,8.4,0.6,963.05,2014-12-14
2855,8.2,5.0,966.45,2014-12-15
2858,8.6,4.4,965.8,2014-12-16
2863,9.9,3.9,971.75,2014-12-17
2866,10.5,4.2,975.3499999999999,2014-12-18
2869,10.0,4.4,977.7,2014-12-19
2873,10.8,3.1,979.7,2014-12-20
2877,7.2,4.2,979.4,2014-12-21
2882,5.2,1.7,978.3,2014-12-22
2885,1.6,0.3,976.3,2014-12-23
2890,2.5,0.3,976.5,2014-12-24
2895,5.6,3.3,978.85,2014-12-25
2896,8.2,2.5,977.3499999999999,2014-12-26
2901,9.0,5.3,966.9,2014-12-27
2905,3.8,3.3,966.5999999999999,2014-12-28
2910,0.6,6.1,979.0999999999999,2014-12-29
2912,2.0,6.9,981.45,2014-12-30
2918,4.5,3.6,978.25,2014-12-31
2922,5.4,1.9,981.05,2015-01-01
2926,6.8,2.5,983.2,2015-01-02
2929,6.8,0.8,982.8,2015-01-03
2934,9.3,3.6,980.6500000000001,2015-01-04
2938,5.2,0.6,975.75,2015-01-05
2940,4.2,2.8,973.65,2015-01-06
2947,7.1,1.1,977.4000000000001,2015-01-07
2948,2.5,0.8,984.3,2015-01-08
2952,8.4,0.6,987.95,2015-01-09
2956,7.3,2.5,981.5,2015-01-10
2960,5.4,4.4,979.7,2015-01-11
2964,5.0,0.0,976.95,2015-01-12
2969,5.8,1.4,970.8499999999999,2015-01-13
2974,7.6,1.9,970.45,2015-01-14
2977,8.8,7.5,961.0,2015-01-15
2983,6.2,2.5,959.95,2015-01-16
2984,5.5,0.8,967.05,2015-01-17
2990,2.0,4.7,960.0,2015-01-18
2992,3.2,3.3,958.5,2015-01-19
2998,1.9,0.3,957.8,2015-01-20
3000,3.2,2.2,955.05,2015-01-21
3004,3.4,3.1,960.85,2015-01-22
3009,4.8,5.8,970.6,2015-01-23
3013,5.6,5.6,975.0,2015-01-24
3016,4.4,9.2,976.85,2015-01-25
3020,5.2,5.8,977.1,2015-01-26
3025,6.6,4.7,976.0,2015-01-27
3029,6.9,1.9,970.5,2015-01-28
3034,7.1,1.1,955.6500000000001,2015-01-29
3036,6.7,3.1,942.1,2015-01-30
3042,3.8,1.7,944.25,2015-01-31
3046,4.0,4.4,955.4,2015-02-01
3049,4.2,1.1,952.5999999999999,2015-02-02
3052,4.2,2.5,947.8,2015-02-03
3057,0.6,9.2,953.35,2015-02-04
3060,0.3,9.4,960.6,2015-02-05
3066,-1.0,7.2,959.8499999999999,2015-02-06
3071,1.4,2.8,966.8499999999999,2015-02-07
3073,1.4,6.9,972.7,2015-02-08
3076,4.0,2.2,972.65,2015-02-09
3080,3.5,0.8,970.75,2015-02-10
3084,3.9,1.9,968.55,2015-02-11
3088,6.6,0.3,967.1,2015-02-12
3093,7.4,2.5,965.7,2015-02-13
3098,5.9,1.1,960.0,2015-02-14
3100,8.2,1.7,958.75,2015-02-15
3104,6.7,2.8,966.8499999999999,2015-02-16
3109,5.8,6.9,975.55,2015-02-17
3114,4.6,5.6,980.6,2015-02-18
3118,6.0,0.6,976.75,2015-02-19
3122,5.8,2.8,965.3499999999999,2015-02-20
3126,4.6,3.3,956.3499999999999,2015-02-21
3131,5.7,5.0,960.15,2015-02-22
3133,9.7,2.5,960.55,2015-02-23
3137,3.6,3.3,968.2,2015-02-24
3143,7.1,5.0,971.55,2015-02-25
3147,10.0,2.8,968.9,2015-02-26
3149,6.2,6.7,969.8,2015-02-27
3154,7.4,1.4,969.3,2015-02-28
3158,12.2,0.8,968.1,2015-03-01
3162,12.8,3.1,969.75,2015-03-02
3166,14.9,2.8,971.45,2015-03-03
3170,5.9,8.3,978.05,2015-03-04
3175,6.2,6.4,981.1,2015-03-05
3176,12.4,1.4,977.1,2015-03-06
3180,12.4,1.7,974.9000000000001,2015-03-07
3184,11.9,4.4,972.05,2015-03-08
3189,11.8,2.5,971.5999999999999,2015-03-09
3194,13.0,2.5,971.7,2015-03-10
3197,13.2,4.4,971.9,2015-03-11
3201,12.8,2.2,968.4,2015-03-12
3206,7.5,6.7,971.45,2015-03-13
3211,3.4,1.7,969.95,2015-03-14
3214,6.4,3.9,966.0,2015-03-15
3219,8.4,2.5,964.8,2015-03-16
3222,8.9,2.5,965.65,2015-03-17
3227,9.4,0.3,967.05,2015-03-18
3229,11.7,2.5,966.0999999999999,2015-03-19
3232,7.3,5.3,964.35,2015-03-20
3239,6.8,4.7,960.45,2015-03-21
3242,6.4,4.7,959.45,2015-03-22
3245,4.5,0.3,957.5,2015-03-23
3249,6.3,5.0,956.65,2015-03-24
3253,5.1,9.2,959.3,2015-03-25
3259,9.82,3.6,965.5,2015-03-26
3261,11.0,6.4,972.8,2015-03-27
3265,13.6,6.4,975.2,2015-03-28
3269,14.6,3.9,973.0999999999999,2015-03-29
3275,11.8,4.2,973.75,2015-03-30
3279,12.0,6.9,975.95,2015-03-31
3281,9.6,7.2,978.3,2015-04-01
3284,10.6,4.2,974.2,2015-04-02
3291,12.5,4.2,968.8,2015-04-03
3295,10.4,6.4,965.0,2015-04-04
3298,10.2,6.7,961.95,2015-04-05
3301,11.6,2.5,966.8499999999999,2015-04-06
3306,12.0,1.7,972.95,2015-04-07
3310,13.5,4.4,973.35,2015-04-08
3313,13.4,3.9,970.8,2015-04-09
3317,15.0,3.1,969.3,2015-04-10
3320,13.4,3.9,972.5,2015-04-11
3324,15.0,1.4,974.0,2015-04-12
3331,16.4,1.9,975.1,2015-04-13
3333,17.0,3.3,971.0,2015-04-14
3338,15.0,3.6,964.8499999999999,2015-04-15
3342,14.2,2.2,962.65,2015-04-16
3345,13.5,3.1,964.6500000000001,2015-04-17
3348,16.0,3.6,961.05,2015-04-18
3354,12.2,4.2,964.4,2015-04-19
3357,13.4,2.5,968.55,2015-04-20
3361,15.1,3.1,969.45,2015-04-21
3367,17.2,3.9,967.3,2015-04-22
3371,14.6,2.2,965.9,2015-04-23
3375,15.6,2.8,962.3,2015-04-24
3379,17.6,1.9,959.6500000000001,2015-04-25
3380,14.6,2.5,955.0,2015-04-26
3387,12.4,5.6,960.5,2015-04-27
3390,11.2,4.4,967.6,2015-04-28
3393,13.2,2.5,966.75,2015-04-29
3397,14.5,2.8,965.7,2015-04-30
3403,15.699999999999998,2.5,962.3,2015-05-01
3407,15.699999999999998,1.4,960.55,2015-05-02
3410,15.699999999999998,1.7,958.4000000000001,2015-05-03
3414,15.699999999999998,7.2,953.9000000000001,2015-05-04
3416,15.699999999999998,4.2,957.65,2015-05-05
3422,15.699999999999998,2.5,966.15,2015-05-06
3427,15.699999999999998,2.5,964.05,2015-05-07
3428,15.699999999999998,3.9,965.6500000000001,2015-05-08
3435,15.699999999999998,4.2,972.3,2015-05-09
3438,15.699999999999998,1.4,970.0,2015-05-10
3440,15.699999999999998,0.8,968.1,2015-05-11
3445,15.699999999999998,0.8,968.8499999999999,2015-05-12
3448,15.699999999999998,1.4,967.35,2015-05-13
3453,15.699999999999998,5.0,965.6,2015-05-14
3456,15.699999999999998,5.6,971.1500000000001,2015-05-15
3462,15.699999999999998,6.4,976.2,2015-05-16
3465,15.699999999999998,7.5,971.95,2015-05-17
3468,15.699999999999998,3.3,963.75,2015-05-18
3475,15.699999999999998,7.5,964.95,2015-05-19
3477,15.699999999999998,4.7,970.1500000000001,2015-05-20
3483,15.699999999999998,6.7,974.8,2015-05-21
3485,15.699999999999998,8.6,973.25,2015-05-22
3488,15.699999999999998,7.8,969.4000000000001,2015-05-23
3495,15.699999999999998,6.1,967.0,2015-05-24
3497,15.699999999999998,6.7,968.65,2015-05-25
3501,15.699999999999998,6.9,969.95,2015-05-26
3504,15.699999999999998,6.7,968.8,2015-05-27
3508,15.699999999999998,3.3,966.0,2015-05-28
3513,14.6,5.0,964.7,2015-05-29
3516,14.2,4.2,965.85,2015-05-30
3521,18.3,2.8,965.9,2015-05-31
3526,21.6,3.3,965.0999999999999,2015-06-01
3529,22.0,3.1,967.0,2015-06-02
3534,23.6,1.7,968.9000000000001,2015-06-03
3537,23.4,2.8,967.45,2015-06-04
3541,23.2,3.9,967.85,2015-06-05
3546,21.2,5.0,970.7,2015-06-06
3548,22.7,2.2,969.55,2015-06-07
3553,22.0,5.0,967.0,2015-06-08
3558,18.6,6.7,965.0999999999999,2015-06-09
3562,14.8,1.4,962.5999999999999,2015-06-10
3565,16.4,2.8,960.1,2015-06-11
3569,17.8,1.9,958.55,2015-06-12
3574,18.6,0.6,958.9000000000001,2015-06-13
3578,17.0,2.5,961.5,2015-06-14
3583,15.8,6.4,966.3,2015-06-15
3584,15.3,6.4,971.25,2015-06-16
3589,16.4,7.5,971.95,2015-06-17
3595,17.0,8.6,970.95,2015-06-18
3596,17.2,5.8,969.5999999999999,2015-06-19
3603,18.8,6.9,968.85,2015-06-20
3604,19.6,3.6,967.0,2015-06-21
3611,22.8,2.5,962.8,2015-06-22
3612,19.2,6.7,964.55,2015-06-23
3617,18.6,3.9,967.4000000000001,2015-06-24
3622,21.0,2.2,968.9,2015-06-25
3624,24.0,3.9,968.5,2015-06-26
3629,23.1,4.4,968.8,2015-06-27
3634,23.0,5.3,968.65,2015-06-28
3638,25.8,1.9,967.0,2015-06-29
3640,28.2,2.5,962.45,2015-06-30
3647,28.4,5.6,961.25,2015-07-01
3648,24.8,4.7,966.0,2015-07-02
3652,26.0,5.8,966.3499999999999,2015-07-03
3659,27.6,5.0,967.45,2015-07-04
3661,24.2,4.2,967.7,2015-07-05
3666,26.6,1.7,965.6500000000001,2015-07-06
3670,25.5,5.8,966.35,2015-07-07
3674,18.0,7.2,968.75,2015-07-08
3678,19.6,7.8,967.75,2015-07-09
3681,24.2,4.4,965.85,2015-07-10
3685,21.0,8.1,970.25,2015-07-11
3691,20.9,6.4,969.7,2015-07-12
3694,21.9,6.4,969.0,2015-07-13
3697,23.4,5.6,967.9000000000001,2015-07-14
3701,24.9,2.8,964.6500000000001,2015-07-15
3707,27.5,2.8,963.3499999999999,2015-07-16
3711,26.4,1.1,964.9000000000001,2015-07-17
3714,26.8,3.6,964.1,2015-07-18
3718,24.5,2.5,964.6500000000001,2015-07-19
3722,26.0,3.1,963.9,2015-07-20
3727,25.4,5.3,964.8,2015-07-21
3728,22.5,4.7,967.35,2015-07-22
3735,24.0,3.9,964.7,2015-07-23
3736,24.0,4.4,962.2,2015-07-24
3740,17.7,7.5,967.15,2015-07-25
3744,20.6,3.3,963.7,2015-07-26
3748,20.6,7.2,964.6500000000001,2015-07-27
3752,22.0,4.4,963.3,2015-07-28
3757,21.0,4.4,963.45,2015-07-29
3761,14.8,4.2,963.35,2015-07-30
3765,16.2,1.9,960.5,2015-07-31
3769,17.5,3.9,964.45,2015-08-01
3773,21.8,1.9,963.5,2015-08-02
3776,25.2,4.2,963.2,2015-08-03
3780,20.6,6.4,965.4,2015-08-04
3785,25.6,3.9,962.15,2015-08-05
3788,25.0,1.4,962.05,2015-08-06
3792,21.2,6.4,965.7,2015-08-07
3797,15.6,5.3,970.05,2015-08-08
3803,16.7,3.9,970.15,2015-08-09
3806,20.0,4.4,965.6500000000001,2015-08-10
3810,23.8,2.8,961.0,2015-08-11
3812,26.3,1.9,963.15,2015-08-12
3816,21.7,3.1,963.8,2015-08-13
3821,18.4,5.8,965.3499999999999,2015-08-14
3826,17.1,4.7,964.35,2015-08-15
3830,18.0,2.5,962.1,2015-08-16
3835,19.6,5.6,962.65,2015-08-17
3838,18.2,5.6,965.1500000000001,2015-08-18
3843,18.3,2.8,967.55,2015-08-19
3847,21.0,1.7,968.85,2015-08-20
3850,23.8,1.9,966.45,2015-08-21
3854,24.0,3.9,960.25,2015-08-22
3858,21.8,2.8,956.0,2015-08-23
3862,17.4,3.9,960.45,2015-08-24
3866,19.0,1.4,966.8499999999999,2015-08-25
3869,24.1,5.8,962.9000000000001,2015-08-26
3872,26.6,3.3,961.55,2015-08-27
3878,26.2,1.7,964.55,2015-08-28
3880,27.8,4.4,964.9,2015-08-29
3885,27.4,2.8,963.85,2015-08-30
3888,23.5,0.8,963.05,2015-08-31
3894,17.7,5.3,966.7,2015-09-01
3898,17.2,3.1,965.15,2015-09-02
3902,16.2,5.6,964.4,2015-09-03
3904,15.2,5.3,966.3,2015-09-04
3909,15.2,5.3,968.95,2015-09-05
3913,15.0,3.9,970.05,2015-09-06
3916,15.2,4.7,969.3,2015-09-07
3921,16.8,1.1,966.0,2015-09-08
3925,18.6,0.6,962.9000000000001,2015-09-09
3928,18.6,4.4,963.3,2015-09-10
3934,21.1,2.8,961.35,2015-09-11
3939,21.0,3.9,959.95,2015-09-12
3942,17.3,1.1,957.05,2015-09-13
3945,16.1,3.1,960.25,2015-09-14
3950,15.4,5.0,955.2,2015-09-15
3952,21.2,10.8,948.3499999999999,2015-09-16
3958,14.2,4.2,959.05,2015-09-17
3963,13.7,2.2,969.3,2015-09-18
3965,14.4,3.3,972.3,2015-09-19
3968,15.2,3.1,970.25,2015-09-20
3972,15.6,4.4,965.85,2015-09-21
3979,15.7,3.1,963.6500000000001,2015-09-22
3981,12.4,2.5,966.2,2015-09-23
3987,15.6,4.7,968.0,2015-09-24
3989,16.4,3.6,967.25,2015-09-25
3993,16.6,3.1,966.2,2015-09-26
3999,14.7,4.2,969.0999999999999,2015-09-27
4003,15.8,2.2,969.9,2015-09-28
4005,15.4,1.4,965.8,2015-09-29
4010,17.8,1.9,966.4,2015-09-30
4014,16.2,2.8,967.8,2015-10-01
4017,12.0,1.7,964.55,2015-10-02
4020,13.0,0.3,964.1500000000001,2015-10-03
4025,12.4,3.6,964.25,2015-10-04
4030,22.0,7.8,959.35,2015-10-05
4035,17.6,3.1,961.05,2015-10-06
4036,13.5,4.2,967.2,2015-10-07
4040,13.4,4.4,965.95,2015-10-08
4045,13.3,1.7,962.55,2015-10-09
4048,13.8,0.3,958.0,2015-10-10
4055,15.2,1.1,955.7,2015-10-11
4059,16.5,1.4,959.9,2015-10-12
4062,12.2,4.4,964.0,2015-10-13
4066,8.7,6.7,964.5999999999999,2015-10-14
4070,8.5,4.2,964.15,2015-10-15
4073,8.9,1.1,964.25,2015-10-16
4077,11.2,1.9,961.45,2015-10-17
4082,16.0,0.3,960.5,2015-10-18
4087,15.8,0.3,960.8,2015-10-19
4091,12.3,6.7,966.25,2015-10-20
4095,10.5,7.5,968.95,2015-10-21
4097,11.2,5.6,969.9,2015-10-22
4101,14.6,0.3,967.75,2015-10-23
4104,15.5,1.1,967.05,2015-10-24
4108,16.6,1.7,967.4000000000001,2015-10-25
4114,15.3,5.0,961.55,2015-10-26
4119,13.9,5.8,958.1,2015-10-27
4122,12.8,1.7,961.7,2015-10-28
4125,15.0,0.6,965.45,2015-10-29
4129,15.0,2.5,966.0,2015-10-30
4133,15.4,2.8,968.45,2015-10-31
4139,13.6,3.6,971.0,2015-11-01
4142,14.6,4.4,964.45,2015-11-02
4146,13.5,6.9,964.7,2015-11-03
4149,13.4,1.7,967.8499999999999,2015-11-04
4154,13.4,1.1,969.95,2015-11-05
4157,15.2,1.7,972.7,2015-11-06
4163,15.0,0.3,974.55,2015-11-07
4167,16.2,1.7,976.0,2015-11-08
4168,15.1,0.6,979.05,2015-11-09
4175,10.6,0.6,976.8,2015-11-10
4177,10.0,1.1,973.8,2015-11-11
4180,10.2,0.8,973.75,2015-11-12
4185,11.0,2.8,977.7,2015-11-13
4189,12.8,0.8,978.1500000000001,2015-11-14
4192,8.8,1.1,973.6500000000001,2015-11-15
4198,8.6,0.3,970.7,2015-11-16
4201,8.3,0.0,973.15,2015-11-17
4204,12.8,0.0,974.45,2015-11-18
4208,13.8,1.1,976.8,2015-11-19
4215,9.4,0.6,970.2,2015-11-20
4219,8.0,6.4,960.9000000000001,2015-11-21
4222,2.8,1.9,962.8499999999999,2015-11-22
4226,2.6,3.6,968.7,2015-11-23
4228,3.6,0.6,972.0,2015-11-24
4232,9.2,6.4,967.65,2015-11-25
4237,10.4,7.8,967.15,2015-11-26
4242,8.8,5.0,966.0,2015-11-27
4247,6.2,4.4,971.7,2015-11-28
4251,7.2,1.7,979.05,2015-11-29
4255,5.6,0.3,981.2,2015-11-30
4257,4.2,0.0,978.5,2015-12-01
4262,4.7,0.3,976.6,2015-12-02
4267,5.6,1.1,977.0,2015-12-03
4270,7.7,0.6,980.45,2015-12-04
4275,8.5,0.8,977.9000000000001,2015-12-05
4277,7.0,0.6,976.9000000000001,2015-12-06
4280,10.6,1.7,975.65,2015-12-07
4287,9.0,0.3,979.8499999999999,2015-12-08
4288,9.2,2.5,982.95,2015-12-09
4292,6.0,0.0,980.45,2015-12-10
4297,6.4,1.4,979.6,2015-12-11
4303,5.6,0.8,974.45,2015-12-12
4306,5.4,2.5,969.0999999999999,2015-12-13
4311,5.3,1.1,968.75,2015-12-14
4312,7.2,0.8,973.65,2015-12-15
4317,8.2,1.7,977.95,2015-12-16
4323,7.2,1.1,975.1500000000001,2015-12-17
4324,9.0,0.3,974.5,2015-12-18
4330,8.4,0.6,970.8,2015-12-19
4334,9.4,0.6,971.5999999999999,2015-12-20
4337,7.8,1.9,978.0999999999999,2015-12-21
4343,4.0,0.6,979.1,2015-12-22
4347,3.9,0.8,977.35,2015-12-23
4350,6.8,1.9,975.95,2015-12-24
4353,6.8,0.6,978.7,2015-12-25
4357,5.2,0.6,978.7,2015-12-26
4362,4.6,1.1,972.25,2015-12-27
4364,10.8,8.1,971.3,2015-12-28
4369,9.2,2.5,973.75,2015-12-29
4372,6.8,2.5,972.1,2015-12-30
4379,6.8,0.8,971.05,2015-12-31
4382,7.0,4.4,966.65,2016-01-01
4386,6.2,1.1,965.8,2016-01-02
4390,4.1,0.8,959.45,2016-01-03
4392,7.6,1.1,950.95,2016-01-04
4396,4.8,2.2,952.8499999999999,2016-01-05
4402,5.2,4.4,956.9000000000001,2016-01-06
4405,11.4,3.3,955.35,2016-01-07
4408,12.9,5.8,953.8,2016-01-08
4415,11.1,2.5,953.1500000000001,2016-01-09
4418,11.7,4.2,949.0999999999999,2016-01-10
4423,9.8,5.8,953.05,2016-01-11
4427,5.9,1.1,966.8,2016-01-12
4429,2.9,0.8,969.3499999999999,2016-01-13
4433,7.0,3.3,965.2,2016-01-14
4438,2.9,5.3,971.7,2016-01-15
4442,2.3,4.4,976.55,2016-01-16
4444,3.8,0.6,971.55,2016-01-17
4451,6.1,3.9,963.4000000000001,2016-01-18
4455,5.6,0.8,963.9000000000001,2016-01-19
4458,5.2,1.7,964.35,2016-01-20
4462,3.8,0.6,968.6,2016-01-21
4466,5.4,0.6,975.3499999999999,2016-01-22
4470,9.4,0.6,979.85,2016-01-23
4474,8.8,0.8,978.7,2016-01-24
4477,5.8,0.0,977.55,2016-01-25
4482,8.4,1.1,977.95,2016-01-26
4487,9.2,4.2,975.5999999999999,2016-01-27
4488,8.0,2.8,975.8,2016-01-28
4492,6.6,3.3,979.95,2016-01-29
4497,4.8,1.7,978.55,2016-01-30
4500,7.5,0.6,978.15,2016-01-31
4504,9.6,4.7,979.05,2016-02-01
4509,8.8,3.6,975.8499999999999,2016-02-02
4514,6.6,6.1,979.05,2016-02-03
4519,4.9,3.1,981.85,2016-02-04
4523,6.4,0.6,974.7,2016-02-05
4525,5.7,5.6,961.9,2016-02-06
4528,6.3,3.6,961.3,2016-02-07
4534,10.2,3.1,967.65,2016-02-08
4536,10.0,5.3,959.95,2016-02-09
4543,6.2,1.9,957.9000000000001,2016-02-10
4546,7.3,1.4,958.3,2016-02-11
4548,9.9,5.0,953.75,2016-02-12
4552,12.8,3.9,947.9000000000001,2016-02-13
4556,5.7,4.2,948.75,2016-02-14
4561,3.0,7.8,963.1500000000001,2016-02-15
4567,1.8,8.3,974.4000000000001,2016-02-16
4570,1.4,1.7,967.6500000000001,2016-02-17
4574,3.4,3.3,966.75,2016-02-18
4579,3.8,1.4,973.45,2016-02-19
4583,5.4,0.6,977.25,2016-02-20
4584,8.5,1.4,973.35,2016-02-21
4588,7.5,2.2,967.8,2016-02-22
4593,9.2,2.5,970.8,2016-02-23
4597,8.0,1.9,964.35,2016-02-24
4600,8.2,2.8,962.5,2016-02-25
4604,8.0,4.7,951.75,2016-02-26
4611,2.7,3.6,941.6,2016-02-27
4612,5.2,6.9,951.95,2016-02-28
4619,4.9,7.8,966.5999999999999,2016-02-29
4621,6.9,3.1,973.75,2016-03-01
4624,7.6,3.3,969.6,2016-03-02
4628,7.2,4.4,964.8,2016-03-03
4633,9.4,5.3,953.8,2016-03-04
4639,4.7,4.2,953.9,2016-03-05
4642,4.4,3.6,957.95,2016-03-06
4646,5.0,4.7,957.05,2016-03-07
4651,4.4,4.4,965.1,2016-03-08
4653,5.2,6.1,961.75,2016-03-09
4656,4.1,2.5,962.8499999999999,2016-03-10
4661,5.9,6.7,969.1,2016-03-11
4665,6.0,7.8,970.4000000000001,2016-03-12
4670,6.5,6.9,968.15,2016-03-13
4672,1.5,0.6,966.2,2016-03-14
4679,6.0,0.8,967.1500000000001,2016-03-15
4683,3.9,3.9,965.1,2016-03-16
4686,6.0,1.9,966.05,2016-03-17
4691,5.8,0.6,964.1,2016-03-18
4693,8.2,5.0,960.45,2016-03-19
4698,7.7,0.6,960.8,2016-03-20
4700,6.9,3.9,960.3,2016-03-21
4707,8.0,7.5,957.4000000000001,2016-03-22
4709,7.4,7.8,959.4,2016-03-23
4715,8.2,6.1,965.6,2016-03-24
4719,6.8,3.1,968.9,2016-03-25
4723,13.6,3.6,964.7,2016-03-26
4725,10.2,1.7,963.8,2016-03-27
4729,12.6,2.8,962.0,2016-03-28
4732,13.0,1.9,962.1,2016-03-29
4739,14.2,5.6,957.4000000000001,2016-03-30
4742,8.2,5.8,959.25,2016-03-31
4746,5.7,6.9,964.15,2016-04-01
4751,8.0,3.6,958.8,2016-04-02
4754,12.7,6.9,955.8499999999999,2016-04-03
4759,8.3,5.0,953.45,2016-04-04
4760,9.7,7.2,958.9000000000001,2016-04-05
4766,10.4,7.5,965.35,2016-04-06
4770,7.3,6.1,965.5,2016-04-07
4775,6.1,6.9,964.05,2016-04-08
4778,9.0,2.2,958.8,2016-04-09
4782,11.2,10.8,951.25,2016-04-10
4784,10.8,5.6,954.65,2016-04-11
4788,13.2,2.8,956.5,2016-04-12
4793,10.8,3.6,958.8499999999999,2016-04-13
4799,14.0,5.3,958.6500000000001,2016-04-14
4800,16.4,4.7,956.6500000000001,2016-04-15
4806,14.4,6.7,955.2,2016-04-16
4811,12.0,3.6,962.5,2016-04-17
4812,10.4,2.8,966.95,2016-04-18
4819,11.5,1.7,964.5,2016-04-19
4821,12.5,3.6,963.55,2016-04-20
4825,13.0,2.2,966.45,2016-04-21
4831,11.2,1.7,966.55,2016-04-22
4834,10.8,4.4,964.1500000000001,2016-04-23
4837,8.8,6.7,966.7,2016-04-24
4842,8.6,5.8,965.8,2016-04-25
4847,9.0,4.2,963.2,2016-04-26
4851,10.5,5.0,960.15,2016-04-27
4852,9.8,6.4,963.85,2016-04-28
4857,10.8,0.8,964.3499999999999,2016-04-29
4861,8.4,7.5,969.8,2016-04-30
4865,8.2,8.3,974.95,2016-05-01
4868,10.4,8.1,972.2,2016-05-02
4872,11.8,6.9,971.05,2016-05-03
4878,14.4,0.8,966.0,2016-05-04
4881,16.4,3.1,960.25,2016-05-05
4886,16.9,8.1,957.6,2016-05-06
4890,15.4,8.9,953.65,2016-05-07
4895,15.0,8.9,949.5,2016-05-08
4897,15.1,4.4,952.45,2016-05-09
4901,14.4,4.4,953.9000000000001,2016-05-10
4906,14.2,1.9,951.85,2016-05-11
4910,11.2,1.1,954.0999999999999,2016-05-12
4914,10.3,2.8,959.1,2016-05-13
4919,13.7,6.1,965.0,2016-05-14
4923,13.0,5.8,969.7,2016-05-15
4924,13.3,4.7,970.45,2016-05-16
4928,15.2,3.1,966.65,2016-05-17
4933,14.8,3.1,964.3499999999999,2016-05-18
4937,13.7,4.2,968.5999999999999,2016-05-19
4943,17.9,2.2,968.25,2016-05-20
4945,19.0,5.0,961.65,2016-05-21
4950,12.6,4.7,964.65,2016-05-22
4954,12.0,3.6,969.5999999999999,2016-05-23
4958,15.8,1.9,961.0,2016-05-24
4960,19.6,2.8,958.25,2016-05-25
4966,19.6,2.8,959.2,2016-05-26
4970,19.7,2.8,960.05,2016-05-27
4974,18.2,2.5,958.95,2016-05-28
4977,14.6,2.8,962.75,2016-05-29
4983,15.2,4.2,965.85,2016-05-30
4984,14.6,5.0,969.0999999999999,2016-05-31
4990,15.2,5.8,968.5,2016-06-01
4994,17.2,3.1,964.0,2016-06-02
4998,18.5,1.7,959.05,2016-06-03
5002,19.0,5.0,962.5,2016-06-04
5007,19.2,2.2,963.85,2016-06-05
5009,20.6,3.3,966.55,2016-06-06
5013,20.8,2.2,969.55,2016-06-07
5018,22.2,3.3,967.8,2016-06-08
5020,21.8,3.6,963.3,2016-06-09
5027,17.4,5.8,961.9000000000001,2016-06-10
5030,16.4,4.7,964.65,2016-06-11
5035,17.0,3.1,964.9000000000001,2016-06-12
5038,19.8,5.8,962.6,2016-06-13
5040,17.8,1.9,957.55,2016-06-14
5045,16.0,2.2,952.3,2016-06-15
5050,13.5,1.4,956.9000000000001,2016-06-16
5053,14.3,1.1,964.9,2016-06-17
5057,12.8,5.6,972.65,2016-06-18
5061,14.0,6.1,975.15,2016-06-19
5064,18.8,5.0,971.8499999999999,2016-06-20
5069,22.8,1.7,968.25,2016-06-21
5072,26.1,4.2,965.6500000000001,2016-06-22
5076,25.6,4.7,966.45,2016-06-23
5082,21.5,5.6,967.45,2016-06-24
5084,15.4,7.5,968.3,2016-06-25
5089,16.3,6.9,970.2,2016-06-26
5095,18.4,6.4,970.45,2016-06-27
5098,20.8,3.6,966.7,2016-06-28
5101,20.8,5.6,964.6,2016-06-29
5107,20.8,3.9,965.3,2016-06-30
5111,21.8,5.6,966.95,2016-07-01
5114,19.0,6.4,970.4,2016-07-02
5116,19.6,5.8,970.1,2016-07-03
5121,23.8,1.4,966.6500000000001,2016-07-04
5125,20.8,6.4,968.3499999999999,2016-07-05
5128,24.2,2.5,967.45,2016-07-06
5135,25.3,0.8,967.95,2016-07-07
5139,24.8,5.8,969.5999999999999,2016-07-08
5143,24.9,2.8,967.95,2016-07-09
5144,26.3,3.6,963.5,2016-07-10
5148,21.98571428571429,4.478571428571429,967.8875,2016-07-11
5152,17.2,7.5,967.3499999999999,2016-07-12
5159,15.9,3.9,971.55,2016-07-13
5162,15.5,6.1,973.05,2016-07-14
5165,17.6,3.9,971.95,2016-07-15
5169,20.1,2.8,968.5,2016-07-16
5172,23.8,0.6,966.05,2016-07-17
5176,26.6,1.9,965.9000000000001,2016-07-18
5181,27.8,2.8,964.3,2016-07-19
5187,25.8,1.4,965.05,2016-07-20
5189,22.3,5.0,965.3499999999999,2016-07-21
5195,21.98571428571429,4.478571428571429,967.8875,2016-07-22
5199,19.4,6.7,969.85,2016-07-23
5201,20.6,6.9,969.15,2016-07-24
5206,20.3,5.3,968.8,2016-07-25
5210,23.0,6.4,968.7,2016-07-26
5212,20.4,7.2,969.2,2016-07-27
5216,22.2,5.6,967.8,2016-07-28
5223,21.98571428571429,4.478571428571429,967.8875,2016-07-29
5225,26.2,4.7,962.2,2016-07-30
5230,20.4,5.6,967.2,2016-07-31
5233,19.5,6.1,969.5,2016-08-01
5237,21.4,3.9,968.5,2016-08-02
5240,24.4,3.6,964.8499999999999,2016-08-03
5245,23.4,5.0,965.6500000000001,2016-08-04
5249,20.4,7.2,971.2,2016-08-05
5254,20.9,8.6,974.0,2016-08-06
5256,23.5,6.1,973.05,2016-08-07
5260,22.8,6.9,972.0999999999999,2016-08-08
5264,19.3,6.1,970.45,2016-08-09
5270,17.5,8.1,971.3499999999999,2016-08-10
5274,17.6,7.8,972.6500000000001,2016-08-11
5278,21.1,1.7,971.6,2016-08-12
5282,23.6,0.3,969.0,2016-08-13
5284,25.6,1.9,967.25,2016-08-14
5291,27.0,3.6,964.7,2016-08-15
5294,25.8,1.9,962.55,2016-08-16
5299,26.0,2.5,961.85,2016-08-17
5303,21.0,4.7,962.1,2016-08-18
5304,22.7,3.9,961.05,2016-08-19
5310,18.5,6.7,967.25,2016-08-20
5314,18.5,6.9,972.3,2016-08-21
5316,22.7,0.8,970.45,2016-08-22
5320,26.0,0.6,968.5,2016-08-23
5326,26.5,4.496666666666667,968.1133333333332,2016-08-24
5329,26.3,3.9,963.6500000000001,2016-08-25
5333,26.2,1.9,964.45,2016-08-26
5338,27.0,1.9,965.6,2016-08-27
5343,23.7,5.6,969.3499999999999,2016-08-28
5347,20.9,7.8,970.95,2016-08-29
5351,21.7,5.3,968.0,2016-08-30
5355,21.2,3.6,969.5,2016-08-31
5358,23.4,2.5,970.05,2016-09-01
5360,25.8,2.2,968.2,2016-09-02
5365,25.6,1.4,967.1500000000001,2016-09-03
5369,26.5,1.9,967.9,2016-09-04
5372,23.3,4.4,970.9,2016-09-05
5378,25.3,3.3,967.35,2016-09-06
5380,25.2,3.1925925925925926,967.8403846153847,2016-09-07
5385,21.2,5.8,965.95,2016-09-08
5388,21.6,3.1925925925925926,967.8403846153847,2016-09-09
5395,20.8,2.8,965.2,2016-09-10
5397,23.5,1.4,964.05,2016-09-11
5403,26.1,3.9,961.1,2016-09-12
5404,20.16071428571429,4.7,967.8403846153847,2016-09-13
5410,20.16071428571429,3.1925925925925926,967.8403846153847,2016-09-14
5414,14.8,3.6,960.9,2016-09-15
5417,16.6,3.6,965.8499999999999,2016-09-16
5421,13.9,5.0,970.85,2016-09-17
5424,14.7,4.4,969.7,2016-09-18
5428,15.5,5.6,968.15,2016-09-19
5433,16.8,5.3,964.85,2016-09-20
5439,17.2,1.7,964.55,2016-09-21
5441,18.4,2.8,967.75,2016-09-22
5447,20.6,1.9,971.05,2016-09-23
5449,19.2,2.8,968.25,2016-09-24
5455,17.4,3.9,968.9000000000001,2016-09-25
5456,18.3,0.8,969.35,2016-09-26
5462,15.2,3.1,973.8,2016-09-27
5466,19.2,3.3,976.15,2016-09-28
5469,19.2,1.9,971.6500000000001,2016-09-29
5474,19.2,2.2,964.25,2016-09-30
5478,16.8,4.4,962.4,2016-10-01
5483,17.2,2.2,965.2,2016-10-02
5486,19.4,1.1,967.5,2016-10-03
5488,20.3,2.2,968.35,2016-10-04
5493,16.6,2.8,966.7,2016-10-05
5497,14.8,3.6,961.75,2016-10-06
5503,14.4,1.9,964.25,2016-10-07
5505,13.2,4.2,967.95,2016-10-08
5511,13.4,4.7,968.45,2016-10-09
5515,12.5,5.3,966.9000000000001,2016-10-10
5516,10.3,1.4,961.3,2016-10-11
5520,13.4,2.8,954.05,2016-10-12
5524,14.0,0.3,949.55,2016-10-13
5530,11.0,3.6,954.35,2016-10-14
5534,11.8,3.9,961.3,2016-10-15
5536,15.8,2.2,965.85,2016-10-16
5542,16.1,1.1,970.4,2016-10-17
5545,14.8,3.3,973.1,2016-10-18
5551,12.0,2.8,970.0999999999999,2016-10-19
5553,9.7,3.9,965.55,2016-10-20
5556,14.265517241379314,0.8,965.7758620689655,2016-10-21
5563,14.265517241379314,2.796666666666667,965.7758620689655,2016-10-22
5567,17.8,8.1,953.55,2016-10-23
5571,14.7,2.8,960.25,2016-10-24
5575,12.3,2.5,967.0,2016-10-25
5579,17.4,3.9,972.9,2016-10-26
5583,14.5,4.2,975.7,2016-10-27
5586,13.1,0.6,977.85,2016-10-28
5591,13.6,0.6,975.05,2016-10-29
5594,12.8,0.8,969.75,2016-10-30
5596,10.0,1.9,970.45,2016-10-31
5603,12.2,0.6,970.5,2016-11-01
5607,12.5,1.1,968.0,2016-11-02
5611,12.4,0.3,964.9,2016-11-03
5615,8.6,0.8,962.2,2016-11-04
5617,10.0,3.9,956.25,2016-11-05
5623,7.0,2.5,957.2,2016-11-06
5624,5.7,3.1,960.55,2016-11-07
5629,4.9,1.4,964.35,2016-11-08
5634,8.3,3.6,965.0,2016-11-09
5638,10.4,0.8,970.05,2016-11-10
5641,9.8,3.3,970.85,2016-11-11
5645,9.6,0.3,969.15,2016-11-12
5648,11.2,3.9,971.75,2016-11-13
5653,8.9,7.8,975.55,2016-11-14
5656,8.5,6.7,976.45,2016-11-15
5662,9.4,2.8,972.7,2016-11-16
5666,10.6,1.1,966.7,2016-11-17
5671,9.2,0.6,961.75,2016-11-18
5673,8.6,3.6,960.7,2016-11-19
5677,11.0,4.4,952.55,2016-11-20
5681,12.2,6.7,948.6,2016-11-21
5685,7.7,1.7,954.0,2016-11-22
5690,4.4,3.6,952.65,2016-11-23
5695,5.4,2.2,954.9,2016-11-24
5699,3.8,0.3,959.15,2016-11-25
5700,5.2,2.8,958.45,2016-11-26
5707,9.2,0.8,958.85,2016-11-27
5711,6.2,3.9,961.5999999999999,2016-11-28
5714,8.9,0.8,968.95,2016-11-29
5717,9.2,4.2,975.8499999999999,2016-11-30
5720,7.2,0.8,973.3,2016-12-01
5725,2.6,0.3,966.75,2016-12-02
5730,4.2,0.8,961.65,2016-12-03
5733,8.1,2.2,962.85,2016-12-04
5736,9.4,1.4,968.65,2016-12-05
5742,6.9,0.3,974.0,2016-12-06
5747,5.8,0.6,977.55,2016-12-07
5749,5.6,0.6,980.55,2016-12-08
5752,4.8,1.1,979.25,2016-12-09
5758,4.5,0.3,976.25,2016-12-10
5761,8.1,2.5,972.9000000000001,2016-12-11
5766,8.8,5.3,970.15,2016-12-12
5770,4.4,0.8,971.0,2016-12-13
5775,5.2,1.1,968.5,2016-12-14
5777,5.0,2.5,967.85,2016-12-15
5782,6.4,1.1,970.0999999999999,2016-12-16
5787,5.4,0.3,978.8,2016-12-17
5791,2.0,0.0,976.45,2016-12-18
5793,4.4,4.4,968.0,2016-12-19
5799,5.8,4.2,967.8499999999999,2016-12-20
5800,5.8,2.5,974.45,2016-12-21
5804,6.0,0.3,979.5999999999999,2016-12-22
5810,10.4,1.1,982.45,2016-12-23
5815,10.0,2.5,983.55,2016-12-24
5819,7.8,2.8,980.8,2016-12-25
5823,5.1,4.2,979.3,2016-12-26
5824,4.9,0.8,980.65,2016-12-27
5831,1.3,0.0,983.45,2016-12-28
5833,1.9,0.3,980.5,2016-12-29
5839,0.5,1.1,981.6,2016-12-30
5842,0.6,0.3,979.0,2016-12-31
5847,0.6,1.4,972.9,2017-01-01
5851,0.2,1.4,969.75,2017-01-02
5852,2.4,0.0,971.25,2017-01-03
5859,3.0,3.3,972.55,2017-01-04
5861,1.7,5.3,974.6,2017-01-05
5865,2.9,4.2,975.3,2017-01-06
5870,3.8,3.9,976.0,2017-01-07
5874,3.8,4.7,976.35,2017-01-08
5879,6.7,5.0,972.45,2017-01-09
5882,6.4,3.3,966.5,2017-01-10
5884,9.4,4.7,969.75,2017-01-11
5889,9.3,0.6,968.75,2017-01-12
5893,3.8,5.6,968.6500000000001,2017-01-13
5898,2.3,3.6,972.2,2017-01-14
5900,3.4,2.8,973.1,2017-01-15
5904,7.4,7.5,969.3,2017-01-16
5910,1.1,7.5,969.4000000000001,2017-01-17
5915,-3.3,3.363333333333333,970.0,2017-01-18
5919,0.2,1.1,969.95,2017-01-19
5920,-1.2,0.0,969.05,2017-01-20
5925,2.1,1.4,966.9,2017-01-21
5928,2.6,6.7,965.9,2017-01-22
5933,4.8,6.4,968.5,2017-01-23
5937,5.0,4.7,970.75,2017-01-24
5943,0.6,3.9,967.8,2017-01-25
5944,0.0,1.7,962.0,2017-01-26
5951,7.2,6.1,957.95,2017-01-27
5954,6.4,1.1,966.0,2017-01-28
5959,4.9,0.8,969.25,2017-01-29
5960,10.2,0.8,966.6500000000001,2017-01-30
5967,11.0,1.4,963.05,2017-01-31
5970,10.8,3.9,961.8,2017-02-01
5973,9.2,6.7,957.3,2017-02-02
5979,8.9,6.4,956.6,2017-02-03
5981,11.6,4.7,955.6500000000001,2017-02-04
5986,7.0,5.6,961.0,2017-02-05
5990,7.0,1.4,969.85,2017-02-06
5993,6.8,1.9,968.95,2017-02-07
5998,4.5,4.7,969.05,2017-02-08
6003,5.2,0.8,966.3,2017-02-09
6004,6.1,1.9,960.95,2017-02-10
6010,3.9,0.3,960.2,2017-02-11
6013,8.9,9.7,953.85,2017-02-12
6016,8.5,7.5,957.1500000000001,2017-02-13
6023,7.6,1.4,968.85,2017-02-14
6027,9.4,1.1,976.9,2017-02-15
6031,8.8,0.8,977.75,2017-02-16
6035,8.2,0.3,974.1500000000001,2017-02-17
6038,8.0,1.9,968.6500000000001,2017-02-18
6043,8.0,4.2,972.1,2017-02-19
6045,9.5,5.6,973.25,2017-02-20
6049,8.7,1.9,971.7,2017-02-21
6052,8.6,0.3,968.7,2017-02-22
6059,8.4,1.4,963.8,2017-02-23
6063,6.7,7.5,965.7,2017-02-24
6067,10.2,2.2,966.05,2017-02-25
6068,8.4,0.6,966.35,2017-02-26
6072,8.5,3.425925925925926,960.45,2017-02-27
6079,7.9,7.8,960.25,2017-02-28
6083,7.8,2.8,965.4,2017-03-01
6087,10.2,1.9,963.6500000000001,2017-03-02
6088,10.8,8.1,952.7,2017-03-03
6093,6.3,3.6,953.15,2017-03-04
6099,6.6,0.8,962.0,2017-03-05
6103,12.8,3.9,968.75,2017-03-06
6107,9.1,1.4,972.7,2017-03-07
6108,13.2,1.7,974.15,2017-03-08
6114,13.0,0.3,972.75,2017-03-09
6119,14.6,0.6,969.25,2017-03-10
6123,13.5,2.5,964.8,2017-03-11
6127,10.0,5.3,966.4000000000001,2017-03-12
6129,9.2,6.4,972.3499999999999,2017-03-13
6133,12.1,6.4,977.05,2017-03-14
6136,11.8,0.8,973.7,2017-03-15
6143,12.2,2.8,969.6500000000001,2017-03-16
6147,12.2,1.7,969.7,2017-03-17
6151,11.2,5.0,969.95,2017-03-18
6155,11.7,5.0,966.3,2017-03-19
6157,14.2,3.6,963.05,2017-03-20
6161,8.8,3.9,963.75,2017-03-21
6166,7.9,3.9,958.35,2017-03-22
6168,5.4,3.1,957.65,2017-03-23
6175,7.2,2.2,961.5999999999999,2017-03-24
6176,4.8,1.7,959.55,2017-03-25
6180,10.8,5.3,962.4,2017-03-26
6184,10.2,6.9,965.8499999999999,2017-03-27
6188,12.0,1.9,972.5,2017-03-28
6194,12.2,0.8,972.5,2017-03-29
6198,13.7,3.6,969.2,2017-03-30
6203,13.7,0.8,965.0,2017-03-31
6204,9.8,3.1,966.8499999999999,2017-04-01
6209,8.5,5.3,969.65,2017-04-02
6214,11.1,3.1,970.25,2017-04-03
6218,11.5,6.7,972.25,2017-04-04
6220,10.6,6.1,971.0999999999999,2017-04-05
6226,11.6,5.6,969.55,2017-04-06
6230,11.8,0.3,967.0999999999999,2017-04-07
6232,13.6,1.4,967.05,2017-04-08
6238,14.4,0.8,970.0999999999999,2017-04-09
6242,15.4,2.5,970.85,2017-04-10
6244,13.3,6.4,970.7,2017-04-11
6248,13.8,2.2,967.0,2017-04-12
6255,15.0,2.5,965.0,2017-04-13
6258,11.9,5.0,966.9000000000001,2017-04-14
6263,12.3,5.3,970.25,2017-04-15
6267,12.6,5.6,970.35,2017-04-16
6271,12.9,4.7,966.45,2017-04-17
6273,13.1,7.8,966.9000000000001,2017-04-18
6277,10.1,7.5,968.95,2017-04-19
6283,9.9,2.5,971.0,2017-04-20
6284,10.5,2.5,972.7,2017-04-21
6289,12.6,0.8,969.45,2017-04-22
6295,14.4,2.2,965.0,2017-04-23
6298,16.0,1.9,961.4000000000001,2017-04-24
6302,14.7,2.2,956.2,2017-04-25
6306,8.0,7.2,959.7,2017-04-26
6309,7.2,6.1,964.5999999999999,2017-04-27
6315,7.3,3.9,964.8499999999999,2017-04-28
6317,7.5,3.9,959.45,2017-04-29
6321,8.7,6.7,957.6500000000001,2017-04-30
6325,7.6,0.8,965.6500000000001,2017-05-01
6328,12.8,3.6,967.25,2017-05-02
6334,15.0,1.1,963.5,2017-05-03
6338,15.6,0.8,959.15,2017-05-04
6341,18.4,4.2,956.0999999999999,2017-05-05
6345,14.6,2.8,963.9000000000001,2017-05-06
6349,13.2,3.6,968.95,2017-05-07
6355,13.0,3.6,966.1500000000001,2017-05-08
6357,14.3,0.3,957.7,2017-05-09
6362,17.8,1.7,949.75,2017-05-10
6365,15.6,6.7,947.45,2017-05-11
6368,15.1,3.1,954.95,2017-05-12
6373,15.8,2.5,963.3499999999999,2017-05-13
6376,16.8,1.7,970.5,2017-05-14
6383,18.0,1.4,974.0,2017-05-15
6387,21.2,0.8,971.45,2017-05-16
6390,19.0,3.9,966.3499999999999,2017-05-17
6394,10.7,5.0,964.6500000000001,2017-05-18
6398,11.4,4.7,968.9,2017-05-19
6403,12.6,2.2,971.2,2017-05-20
6407,16.4,2.2,966.35,2017-05-21
6410,19.6,4.4,965.35,2017-05-22
6412,17.3,5.6,968.95,2017-05-23
6416,20.3,2.2,966.8499999999999,2017-05-24
6420,22.5,1.4,962.3,2017-05-25
6424,23.8,2.2,961.3,2017-05-26
6431,23.1,3.3,962.95,2017-05-27
6434,23.8,3.6,963.7,2017-05-28
6439,18.3,1.4,963.55,2017-05-29
6441,18.9,6.1,965.9000000000001,2017-05-30
6445,19.7,2.2,966.35,2017-05-31
6451,20.8,1.1,965.9,2017-06-01
6453,21.4,3.1,965.5,2017-06-02
6457,16.8,5.8,966.7,2017-06-03
6461,12.4,2.8,966.8499999999999,2017-06-04
6464,16.8,3.3,963.2,2017-06-05
6468,13.0,6.4,964.9,2017-06-06
6475,16.8,2.2,968.3,2017-06-07
6479,21.2,4.2,962.85,2017-06-08
6480,21.5,2.5,964.45,2017-06-09
6487,23.2,1.9,965.45,2017-06-10
6490,26.0,3.1,966.1500000000001,2017-06-11
6492,24.0,4.2,965.95,2017-06-12
6496,25.2,3.9,962.25,2017-06-13
6501,26.0,2.5,962.4000000000001,2017-06-14
6504,21.8,6.9,967.9,2017-06-15
6511,22.0,8.1,970.2,2017-06-16
6515,23.4,6.9,967.05,2017-06-17
6517,25.7,1.9,962.75,2017-06-18
6520,27.0,3.3,965.5999999999999,2017-06-19
6525,26.0,1.4,965.35,2017-06-20
6530,27.0,2.8,963.95,2017-06-21
6533,28.1,2.5,966.45,2017-06-22
6536,23.6,6.1,969.5999999999999,2017-06-23
6542,21.2,6.1,968.9000000000001,2017-06-24
6546,23.6,2.8,964.8,2017-06-25
6550,22.0,3.3,959.55,2017-06-26
6554,22.4,2.8,957.0999999999999,2017-06-27
6558,19.0,5.3,955.3,2017-06-28
6561,14.8,1.7,959.75,2017-06-29
6564,12.8,2.8,964.85,2017-06-30
6568,14.0,5.3,972.0,2017-07-01
6574,15.8,6.4,973.75,2017-07-02
6578,20.2,5.3,970.65,2017-07-03
6583,23.0,2.8,964.85,2017-07-04
6586,25.9,3.3,962.25,2017-07-05
6588,26.4,2.8,965.3,2017-07-06
6594,24.8,3.1,965.7,2017-07-07
6596,23.0,7.8,964.4000000000001,2017-07-08
6600,22.0,3.6,963.1,2017-07-09
6607,19.2,4.7,964.25,2017-07-10
6608,22.9,3.3,964.3,2017-07-11
6613,21.0,4.4,967.85,2017-07-12
6616,21.4,6.7,968.95,2017-07-13
6620,19.8,7.8,969.1500000000001,2017-07-14
6625,21.4,6.7,968.6,2017-07-15
6631,24.0,2.5,967.3,2017-07-16
6633,28.0,4.4,963.75,2017-07-17
6639,27.4,2.8,959.85,2017-07-18
6642,26.3,5.0,961.0,2017-07-19
6647,20.0,7.5,963.6,2017-07-20
6650,21.7,3.3,961.1500000000001,2017-07-21
6653,22.2,3.3,965.2,2017-07-22
6659,20.0,4.7,967.9,2017-07-23
6662,19.8,5.6,969.2,2017-07-24
6665,17.8,5.8,968.2,2017-07-25
6668,20.3,5.0,965.3,2017-07-26
6672,22.5,4.7,963.75,2017-07-27
6676,24.4,3.6,965.1500000000001,2017-07-28
6682,26.0,3.1,963.1500000000001,2017-07-29
6687,25.0,4.2,961.25,2017-07-30
6691,23.8,5.0,960.0999999999999,2017-07-31
6692,21.5,4.4,965.65,2017-08-01
6698,25.6,3.3,965.05,2017-08-02
6700,26.2,3.3,965.75,2017-08-03
6704,25.2,3.9,965.65,2017-08-04
6710,21.8,6.4,967.25,2017-08-05
6712,20.0,7.2,968.15,2017-08-06
6719,24.5,3.9,962.25,2017-08-07
6721,17.7,5.6,965.75,2017-08-08
6726,15.4,5.8,969.3,2017-08-09
6730,14.8,5.0,972.6,2017-08-10
6733,15.6,4.7,972.2,2017-08-11
6739,19.1,4.2,970.0,2017-08-12
6742,22.5,2.8,966.5,2017-08-13
6744,25.8,2.8,963.25,2017-08-14
6748,24.7,3.3,966.6,2017-08-15
6753,22.5,3.9,969.0999999999999,2017-08-16
6756,23.7,3.1,967.6500000000001,2017-08-17
6760,21.6,5.8,968.05,2017-08-18
6766,20.3,6.7,970.5,2017-08-19
6768,20.4,6.9,970.7,2017-08-20
6772,24.1,1.9,966.35,2017-08-21
6779,26.2,3.3,964.65,2017-08-22
6783,24.7,1.4,965.1,2017-08-23
6784,26.1,4.4,962.95,2017-08-24
6789,26.0,3.1,962.7,2017-08-25
6792,25.4,2.5,963.95,2017-08-26
6797,21.0,2.5,965.15,2017-08-27
6802,23.2,2.2,963.8499999999999,2017-08-28
6807,21.6,1.9,962.95,2017-08-29
6811,21.0,4.2,963.8,2017-08-30
6813,17.4,4.7,968.45,2017-08-31
6816,15.8,4.4,970.5,2017-09-01
6821,16.2,3.1,970.05,2017-09-02
6827,19.1,2.2,964.4,2017-09-03
6831,21.0,3.9,965.0999999999999,2017-09-04
6832,21.8,2.8,970.7,2017-09-05
6837,19.2,7.5,972.25,2017-09-06
6840,16.4,6.9,969.3,2017-09-07
6845,17.2,1.7,962.9,2017-09-08
6850,14.8,3.9,957.95,2017-09-09
6852,15.4,4.7,961.55,2017-09-10
6858,16.7,4.4,962.35,2017-09-11
6862,17.2,3.1,967.0,2017-09-12
6867,20.4,2.5,967.95,2017-09-13
6869,14.2,4.2,968.6,2017-09-14
6874,14.0,4.2,965.0,2017-09-15
6879,11.6,3.9,964.1,2017-09-16
6883,13.2,2.5,965.8,2017-09-17
6886,14.7,2.5,967.6,2017-09-18
6889,14.0,3.6,971.2,2017-09-19
6892,14.8,1.1,967.95,2017-09-20
6898,16.2,2.8,966.0,2017-09-21
6903,15.8,1.1,968.3,2017-09-22
6907,17.3,1.1,967.5999999999999,2017-09-23
6911,20.3,0.8,966.85,2017-09-24
6915,17.4,3.6,968.55,2017-09-25
6917,17.0,2.2,968.4,2017-09-26
6921,17.2,0.8,968.45,2017-09-27
6924,19.6,0.8,970.55,2017-09-28
6928,19.6,2.5,969.05,2017-09-29
6934,14.4,2.2,969.35,2017-09-30
6936,14.3,1.7,970.75,2017-10-01
6942,18.5,3.6,971.9,2017-10-02
6946,18.0,4.7,970.6,2017-10-03
6951,19.4,0.8,970.95,2017-10-04
6954,17.0,5.0,971.0999999999999,2017-10-05
6957,15.0,6.4,971.7,2017-10-06
6962,15.6,2.5,970.45,2017-10-07
6964,13.4,4.4,968.8,2017-10-08
6969,14.9,2.5,967.6,2017-10-09
6973,15.3,0.8,967.9000000000001,2017-10-10
6977,15.8,0.6,970.1,2017-10-11
6981,17.2,0.8,972.8499999999999,2017-10-12
6985,18.0,0.3,972.3,2017-10-13
6991,19.0,3.1,972.0,2017-10-14
6995,18.6,2.5,972.8499999999999,2017-10-15
6999,19.4,2.8,971.75,2017-10-16
7000,17.4,3.6,966.6,2017-10-17
7005,15.4,4.7,959.6,2017-10-18
7009,14.2,1.4,960.4,2017-10-19
7015,14.8,1.1,965.0,2017-10-20
7016,12.6,1.4,970.85,2017-10-21
7020,11.8,3.1,974.75,2017-10-22
7027,13.0,1.7,973.4,2017-10-23
7030,14.2,0.0,971.6,2017-10-24
7034,15.6,0.3,971.3499999999999,2017-10-25
7038,16.2,1.4,974.6,2017-10-26
7042,12.1,4.4,977.55,2017-10-27
7046,13.2,7.2,975.55,2017-10-28
7048,12.8,6.9,971.65,2017-10-29
7054,11.4,6.4,968.2,2017-10-30
7057,10.4,0.6,968.75,2017-10-31
7060,11.3,1.4,968.3,2017-11-01
7064,13.2,1.4,965.3499999999999,2017-11-02
7071,14.8,3.9,961.15,2017-11-03
7075,11.8,2.8,960.5,2017-11-04
7079,9.6,4.2,966.95,2017-11-05
7083,6.6,6.9,970.45,2017-11-06
7087,6.6,4.2,967.5999999999999,2017-11-07
7091,5.2,3.1,970.5,2017-11-08
7093,5.4,5.3,973.5,2017-11-09
7099,9.4,2.8,975.5,2017-11-10
7103,11.2,3.6,974.0,2017-11-11
7104,11.5,3.9,968.95,2017-11-12
7108,6.6,10.0,968.3,2017-11-13
7112,6.4,6.7,969.75,2017-11-14
7116,5.6,0.6,966.95,2017-11-15
7122,9.0,0.6,967.5999999999999,2017-11-16
7126,9.8,4.2,968.25,2017-11-17
7130,8.2,5.0,969.3499999999999,2017-11-18
7133,7.0,3.9,969.5,2017-11-19
7138,7.5,0.6,970.05,2017-11-20
7143,6.6,0.8,968.4000000000001,2017-11-21
7144,6.4,0.0,962.9,2017-11-22
7151,11.4,1.1,962.45,2017-11-23
7155,10.6,1.1,964.75,2017-11-24
7156,7.6,5.0,969.1,2017-11-25
7160,5.0,3.1,971.05,2017-11-26
7167,4.4,0.6,973.45,2017-11-27
7169,3.8,0.6,964.3,2017-11-28
7175,4.4,2.5,958.7,2017-11-29
7179,2.2,1.4,962.95,2017-11-30
7180,0.8,4.2,963.4000000000001,2017-12-01
7184,0.5,4.7,970.1,2017-12-02
7188,0.9,2.5,975.65,2017-12-03
7192,4.5,3.9,980.1,2017-12-04
7197,3.7,0.8,981.05,2017-12-05
7201,2.0,0.6,979.45,2017-12-06
7205,2.4,0.3,976.15,2017-12-07
7208,5.8,0.6,972.8,2017-12-08
7212,5.6,1.4,968.35,2017-12-09
7218,9.4,3.1,949.2,2017-12-10
7223,8.4,5.6,943.05,2017-12-11
7226,4.1,0.8,961.75,2017-12-12
7231,2.8,1.9,968.85,2017-12-13
7232,8.1,1.7,962.55,2017-12-14
7236,5.8,3.3,959.25,2017-12-15
7242,3.8,2.5,968.2,2017-12-16
7247,4.6,2.8,976.75,2017-12-17
7248,6.5,3.3,975.4,2017-12-18
7254,5.2,5.6,976.95,2017-12-19
7257,5.3,6.4,980.7,2017-12-20
7261,7.3,4.4,983.25,2017-12-21
7265,5.6,7.8,983.7,2017-12-22
7269,6.0,3.3,981.4000000000001,2017-12-23
7273,2.4,0.6,978.05,2017-12-24
7279,2.0,0.6,970.0999999999999,2017-12-25
7283,4.5,1.4,956.8499999999999,2017-12-26
7285,5.2,6.1,952.4000000000001,2017-12-27
7289,5.1,2.2,959.45,2017-12-28
7294,8.8,0.3,965.65,2017-12-29
7296,10.0,1.7,970.3,2017-12-30
7303,8.6,3.6,968.0999999999999,2017-12-31
7305,5.1,2.8,971.6,2018-01-01
7308,8.3,0.8,973.5,2018-01-02
7312,10.6,0.0,974.15,2018-01-03
7316,12.2,1.4,967.5999999999999,2018-01-04
7323,9.8,4.7,957.65,2018-01-05
7327,2.4,2.2,949.8,2018-01-06
7328,1.4,0.6,951.05,2018-01-07
7334,0.8,0.6,958.2,2018-01-08
7338,0.7,1.4,962.05,2018-01-09
7340,4.6,0.6,961.9,2018-01-10
7347,2.3,0.8,966.95,2018-01-11
7348,5.2,1.1,969.8,2018-01-12
7352,4.3,1.7,964.6,2018-01-13
7359,3.9,1.1,965.8499999999999,2018-01-14
7363,5.8,1.7,970.55,2018-01-15
7366,7.5,0.3,970.65,2018-01-16
7370,6.6,5.6,971.8,2018-01-17
7375,4.5,0.0,971.2,2018-01-18
7376,7.1,2.2,970.0,2018-01-19
7380,7.8,1.1,970.0999999999999,2018-01-20
7387,11.6,5.6,973.15,2018-01-21
7391,11.3,3.1,974.5,2018-01-22
7393,10.2,3.9,975.2,2018-01-23
7398,6.4,0.8,972.3,2018-01-24
7403,6.4,1.9,966.5,2018-01-25
7405,5.0,6.1,969.05,2018-01-26
7411,4.1,6.1,977.6,2018-01-27
7412,5.5,0.3,983.75,2018-01-28
7418,5.8,1.7,981.05,2018-01-29
7422,5.4,0.3,975.95,2018-01-30
7424,5.2,0.8,968.9,2018-01-31
7429,4.2,2.8,960.3,2018-02-01
7432,2.6,5.3,960.4,2018-02-02
7438,3.0,1.4,961.05,2018-02-03
7441,3.8,3.1,958.05,2018-02-04
7447,2.8,5.0,957.25,2018-02-05
7450,2.6,6.7,959.75,2018-02-06
7452,2.0,5.0,963.25,2018-02-07
7456,0.4,5.6,966.8,2018-02-08
7460,0.0,2.2,966.75,2018-02-09
7464,3.4,4.2,968.65,2018-02-10
7471,6.4,1.7,965.2,2018-02-11
7473,2.2,3.9,967.0,2018-02-12
7478,-0.2,2.5,964.3,2018-02-13
7481,4.6,0.8,964.25,2018-02-14
7485,8.6,2.2,968.6500000000001,2018-02-15
7489,12.1,2.2,969.0,2018-02-16
7494,8.0,6.1,970.6,2018-02-17
7499,6.6,4.2,970.5,2018-02-18
7501,8.4,4.4,966.05,2018-02-19
7504,8.4,7.2,964.0,2018-02-20
7508,4.3,6.4,961.15,2018-02-21
7512,3.4,6.9,958.7,2018-02-22
7519,0.4,4.7,955.55,2018-02-23
7523,2.2,1.4,955.95,2018-02-24
7524,4.6,4.2,958.9,2018-02-25
7529,3.0,6.1,957.45,2018-02-26
7532,-1.2,5.0,954.75,2018-02-27
7536,-0.4,1.1,945.9,2018-02-28
7541,6.6,10.6,934.6500000000001,2018-03-01
7545,6.6,4.7,943.25,2018-03-02
7550,9.8,5.6,943.75,2018-03-03
7552,10.2,3.1,954.4258620689656,2018-03-04
7558,8.4,3.3,954.4258620689656,2018-03-05
7562,8.2,5.0,946.6500000000001,2018-03-06
7564,6.1,1.7,953.5,2018-03-07
7571,10.4,5.3,955.65,2018-03-08
7572,11.4,5.6,954.45,2018-03-09
7577,13.6,5.8,949.1500000000001,2018-03-10
7580,11.8,7.8,947.6500000000001,2018-03-11
7585,9.8,3.1,956.95,2018-03-12
7588,8.7,1.9,961.85,2018-03-13
7593,6.8,6.9,952.7,2018-03-14
7599,10.7,3.3,946.75,2018-03-15
7600,7.7,1.9,951.0999999999999,2018-03-16
7604,7.2,2.8,947.4,2018-03-17
7608,5.2,4.2,951.5999999999999,2018-03-18
7615,4.4,2.5,953.1500000000001,2018-03-19
7619,1.4,9.4,963.1500000000001,2018-03-20
7623,3.6,8.6,972.7,2018-03-21
7625,3.8,6.9,969.5,2018-03-22
7628,4.6,1.4,955.7,2018-03-23
7634,5.8,2.5,948.3,2018-03-24
7639,7.2,4.2,957.1500000000001,2018-03-25
7640,7.9,5.6,967.5,2018-03-26
7645,9.2,3.1,970.3,2018-03-27
7651,10.8,3.3,963.6500000000001,2018-03-28
7655,11.2,3.1,955.1,2018-03-29
7657,9.2,5.3,949.25,2018-03-30
7662,6.8,7.5,955.85,2018-03-31
7665,8.8,2.5,961.25,2018-04-01
7671,13.2,5.8,954.1,2018-04-02
7675,14.8,7.2,951.25,2018-04-03
7676,13.2,3.1,959.3,2018-04-04
7680,13.3,2.2,964.4,2018-04-05
7687,15.0,6.4,958.0,2018-04-06
7688,9.6,2.5,954.55,2018-04-07
7692,8.9,2.2,953.65,2018-04-08
7699,6.0,2.5,953.45,2018-04-09
7703,5.4,6.7,947.6500000000001,2018-04-10
7704,6.6,7.2,944.45,2018-04-11
7709,9.8,2.8,948.4,2018-04-12
7712,10.6,3.1,955.4000000000001,2018-04-13
7719,11.4,3.855172413793104,962.7,2018-04-14
7721,11.6,1.9,962.25,2018-04-15
7726,9.7,5.6,964.85,2018-04-16
7731,13.1,0.8,970.0,2018-04-17
7732,15.9,3.3,971.2,2018-04-18
7738,17.6,4.4,970.25,2018-04-19
7743,16.6,2.8,968.7,2018-04-20
7745,15.8,3.6,966.4,2018-04-21
7748,16.4,2.5,964.65,2018-04-22
7754,15.4,1.7,967.0999999999999,2018-04-23
7759,18.4,1.7,966.0,2018-04-24
7763,15.4,6.7,968.2,2018-04-25
7767,12.2,6.7,966.1,2018-04-26
7769,12.3,5.0,961.4,2018-04-27
7775,14.4,4.2,957.0999999999999,2018-04-28
7779,10.0,2.8,955.35,2018-04-29
7781,10.2,3.9,961.0,2018-04-30
7784,7.4,4.4,962.75,2018-05-01
7791,9.0,3.9,961.65,2018-05-02
7792,10.1,8.9,964.75,2018-05-03
7799,11.2,8.3,965.3,2018-05-04
7800,13.0,7.2,965.6,2018-05-05
7807,15.2,4.448275862068965,965.55,2018-05-06
7810,18.0,4.448275862068965,962.05,2018-05-07
7814,14.7,5.8,962.15,2018-05-08
7816,14.0,7.8,961.2,2018-05-09
7822,10.5,6.7,965.05,2018-05-10
7827,13.2,1.7,963.6500000000001,2018-05-11
7831,8.3,4.2,964.45,2018-05-12
7835,8.6,5.3,967.5999999999999,2018-05-13
7838,10.8,5.3,968.45,2018-05-14
7840,10.6,5.8,968.7,2018-05-15
7846,12.8,7.2,967.1,2018-05-16
7849,14.6,5.0,964.0999999999999,2018-05-17
7853,15.7,4.2,964.9000000000001,2018-05-18
7858,15.2,5.3,965.0,2018-05-19
7863,16.2,2.8,962.75,2018-05-20
7867,15.7,2.2,959.65,2018-05-21
7869,15.6,3.1,963.0,2018-05-22
7872,14.8,1.7,964.6,2018-05-23
7877,20.6,1.7,963.9017241379311,2018-05-24
7881,17.7,2.8,963.9017241379311,2018-05-25
7886,18.2,1.4,960.9000000000001,2018-05-26
7889,18.0,5.0,961.65,2018-05-27
7895,15.4,5.8,962.45,2018-05-28
7896,17.0,1.4,961.2,2018-05-29
7900,16.6,2.2,961.85,2018-05-30
7904,17.6,1.9,965.0999999999999,2018-05-31
7911,18.5,1.7,965.8,2018-06-01
7915,20.4,2.5,964.95,2018-06-02
7919,18.4,2.8,961.75,2018-06-03
7923,17.0,2.2,959.95,2018-06-04
7926,15.4,4.2,959.9,2018-06-05
7931,15.0,3.9,962.35,2018-06-06
7934,18.2,2.2,963.2,2018-06-07
7937,17.6,4.2,960.6500000000001,2018-06-08
7940,17.4,3.3,960.05,2018-06-09
7944,17.8,2.5,959.4,2018-06-10
7949,15.3,4.2,960.75,2018-06-11
7952,14.3,5.0,962.95,2018-06-12
7959,15.2,7.2,967.1500000000001,2018-06-13
7963,15.4,6.4,966.8,2018-06-14
7964,16.0,6.4,965.9,2018-06-15
7968,16.6,6.9,967.6,2018-06-16
7972,16.2,5.8,971.45,2018-06-17
7976,16.0,6.9,972.2,2018-06-18
7980,20.6,4.4,969.05,2018-06-19
7986,22.7,1.9,966.05,2018-06-20
7990,23.9,5.0,967.55,2018-06-21
7993,20.7,7.2,967.8499999999999,2018-06-22
7998,19.9,4.4,966.7,2018-06-23
8002,20.7,2.2,965.4000000000001,2018-06-24
8007,21.6,3.6,964.35,2018-06-25
8011,22.6,2.8,964.45,2018-06-26
8014,23.2,3.1,964.95,2018-06-27
8016,20.2,6.9,961.95,2018-06-28
8022,23.8,1.4,958.5999999999999,2018-06-29
8026,24.1,3.1,956.95,2018-06-30
8030,24.8,2.2,957.8,2018-07-01
8034,23.1,3.3,961.9,2018-07-02
8038,23.2,3.9,963.55,2018-07-03
8041,23.9,3.9,962.6,2018-07-04
8044,19.4,5.6,968.95,2018-07-05
8051,19.9,5.0,969.2,2018-07-06
8054,23.1,2.8,967.5,2018-07-07
8056,24.3,3.1,967.75,2018-07-08
8060,23.4,6.1,967.7,2018-07-09
8064,21.6,6.4,966.5,2018-07-10
8071,22.3,6.4,963.6,2018-07-11
8075,21.7,4.2,964.85,2018-07-12
8079,23.7,2.2,965.1,2018-07-13
8081,24.7,2.8,964.4,2018-07-14
8087,23.4,3.3,962.6,2018-07-15
8089,19.0,5.3,966.45,2018-07-16
8092,20.8,2.8,966.65,2018-07-17
8098,23.0,2.5,962.95,2018-07-18
8101,23.4,3.6,963.25,2018-07-19
8104,18.6,6.1,965.1,2018-07-20
8108,18.6,3.6,964.6,2018-07-21
8112,19.2,4.033333333333334,964.3266666666666,2018-07-22
8119,22.6,2.2,963.55,2018-07-23
8121,24.3,3.6,963.05,2018-07-24
8126,24.7,3.1,962.9000000000001,2018-07-25
8129,26.9,4.2,961.25,2018-07-26
8133,25.0,3.9,960.55,2018-07-27
8136,21.8,5.3,962.6500000000001,2018-07-28
8141,23.4,3.9,963.35,2018-07-29
8146,25.8,3.3,963.55,2018-07-30
8150,24.4,6.4,965.95,2018-07-31
8155,25.4,5.0,966.8,2018-08-01
8158,26.1,3.1,966.7,2018-08-02
8160,26.8,4.7,967.25,2018-08-03
8166,25.0,4.7,967.95,2018-08-04
8168,26.0,4.7,965.65,2018-08-05
8174,27.0,1.4,962.4000000000001,2018-08-06
8177,24.0,5.3,962.25,2018-08-07
8181,24.2,3.9,960.75,2018-08-08
8185,18.2,6.9,965.85,2018-08-09
8191,21.2,3.9,971.05,2018-08-10
8192,23.4,2.5,969.1,2018-08-11
8199,26.2,3.3,962.6,2018-08-12
8202,20.4,4.7,965.0,2018-08-13
8207,19.7,6.1,968.4000000000001,2018-08-14
8209,22.4,3.6,966.5,2018-08-15
8213,22.2,4.4,965.4,2018-08-16
8217,18.0,7.2,969.15,2018-08-17
8222,19.2,5.6,969.8499999999999,2018-08-18
8224,20.6,5.3,970.05,2018-08-19
8231,22.2,6.4,968.2,2018-08-20
8233,23.4,2.2,965.2,2018-08-21
8237,25.4,3.3,964.5,2018-08-22
8241,23.8,5.6,967.25,2018-08-23
8244,19.6,5.6,968.25,2018-08-24
8250,18.2,5.8,966.65,2018-08-25
8254,20.8,2.2,964.25,2018-08-26
8259,23.6,3.1,964.1,2018-08-27
8260,25.4,2.2,962.25,2018-08-28
8265,21.2,5.3,967.95,2018-08-29
8268,21.4,5.8,969.0999999999999,2018-08-30
8272,20.4,6.7,968.65,2018-08-31
8277,22.2,5.0,967.6500000000001,2018-09-01
8283,21.2,2.8,964.45,2018-09-02
8285,20.9,3.1,961.8,2018-09-03
8291,21.8,3.9,962.25,2018-09-04
8293,20.9,2.8,963.0999999999999,2018-09-05
8296,19.8,4.4,964.6,2018-09-06
8303,19.0,4.2,965.55,2018-09-07
8307,22.0,3.1,966.1,2018-09-08
8310,21.7,3.3,969.05,2018-09-09
8312,20.6,3.9,971.95,2018-09-10
8317,21.4,2.5,971.5999999999999,2018-09-11
8323,22.6,2.8,969.8,2018-09-12
8326,20.0,5.0,969.2,2018-09-13
8331,20.4,5.0,968.4000000000001,2018-09-14
8333,19.8,2.5,968.5,2018-09-15
8337,21.7,2.2,967.85,2018-09-16
8340,23.4,3.3,965.3,2018-09-17
8347,24.3,2.2,965.4000000000001,2018-09-18
8351,24.0,3.1,968.3499999999999,2018-09-19
8354,24.6,1.4,966.8,2018-09-20
8358,21.3,4.7,968.55,2018-09-21
8362,21.8,1.9,971.5,2018-09-22
8366,23.0,3.9,971.7,2018-09-23
8370,15.4,7.8,974.55,2018-09-24
8374,15.2,2.2,973.3499999999999,2018-09-25
8376,18.0,3.9,976.0,2018-09-26
8383,20.6,2.5,974.35,2018-09-27
8386,20.6,4.7,968.95,2018-09-28
8389,17.8,5.3,965.75,2018-09-29
8395,15.2,3.3,967.95,2018-09-30
8396,13.4,6.1,971.9000000000001,2018-10-01
8403,13.7,6.4,973.35,2018-10-02
8407,17.4,6.4,971.8,2018-10-03
8411,17.2,1.9,967.75,2018-10-04
8413,17.8,3.3,964.5999999999999,2018-10-05
8416,18.0,4.2,962.8,2018-10-06
8421,12.3,4.4,966.0,2018-10-07
8426,13.0,5.3,965.35,2018-10-08
8429,11.6,2.8,962.0999999999999,2018-10-09
8434,16.6,5.3,957.1,2018-10-10
8438,20.2,5.6,960.0,2018-10-11
8440,21.8,5.3,966.0999999999999,2018-10-12
8446,22.7,5.6,962.2,2018-10-13
8449,16.6,4.4,954.9,2018-10-14
8453,15.6,1.1,957.45,2018-10-15
8459,14.5,1.4,963.25,2018-10-16
8463,13.9,0.8,963.0999999999999,2018-10-17
8464,14.2,3.6,961.6,2018-10-18
8468,18.2,5.0,965.3,2018-10-19
8474,17.6,2.2,969.8,2018-10-20
8477,17.0,2.2,969.75,2018-10-21
8480,14.9,7.5,971.85,2018-10-22
8485,14.0,6.9,974.6500000000001,2018-10-23
8488,15.4,6.4,972.1,2018-10-24
8493,14.3,1.4,966.4000000000001,2018-10-25
8497,12.1,2.5,962.15,2018-10-26
8502,7.0,6.1,954.8,2018-10-27
8505,3.9,5.0,949.8499999999999,2018-10-28
8508,3.4,3.1,948.1500000000001,2018-10-29
8512,4.8,4.7,949.9,2018-10-30
8518,7.8,2.2,952.55,2018-10-31
8523,9.2,1.1,960.45,2018-11-01
8527,10.5,3.6,968.8,2018-11-02
8531,6.8,4.7,969.25,2018-11-03
8535,8.0,0.8,958.45,2018-11-04
8539,9.6,5.8,949.95,2018-11-05
8542,9.4,5.6,954.4000000000001,2018-11-06
8546,10.2,4.7,960.7,2018-11-07
8549,7.6,3.3,962.2,2018-11-08
8555,11.0,2.2,961.85,2018-11-09
8557,13.0,3.6,958.0999999999999,2018-11-10
8563,13.6,6.7,958.75,2018-11-11
8564,14.6,3.1,963.6500000000001,2018-11-12
8571,12.3,1.7,971.7,2018-11-13
8573,9.448275862068966,2.5,970.0999999999999,2018-11-14
8577,14.2,2.8,967.25,2018-11-15
8582,11.9,1.4,967.4000000000001,2018-11-16
8584,11.2,0.6,962.45,2018-11-17
8590,10.4,5.6,956.95,2018-11-18
8594,9.8,2.2,951.6500000000001,2018-11-19
8597,4.6,1.9,949.5999999999999,2018-11-20
8603,9.2,3.6,956.5,2018-11-21
8607,10.2,5.6,961.9,2018-11-22
8608,7.4,2.8,960.35,2018-11-23
8615,7.0,1.7,960.05,2018-11-24
8619,7.9,2.8,955.1,2018-11-25
8623,6.2,5.6,959.9000000000001,2018-11-26
8625,7.8,1.4,968.3499999999999,2018-11-27
8629,7.2,1.4,968.45,2018-11-28
8633,4.8,1.7,965.45,2018-11-29
8639,8.4,3.1,967.0,2018-11-30
8641,6.9,1.1,968.25,2018-12-01
8644,10.2,1.4,967.3,2018-12-02
8650,8.7,1.7,969.3499999999999,2018-12-03
8655,8.6,0.6,970.9,2018-12-04
8656,7.5,0.8,972.15,2018-12-05
8660,10.6,2.8,975.05,2018-12-06
8664,5.4,1.9,972.9,2018-12-07
8671,8.7,3.1,975.4000000000001,2018-12-08
8672,8.0,5.3,977.45,2018-12-09
8677,7.4,4.4,971.8499999999999,2018-12-10
8681,4.5,1.4,969.8,2018-12-11
8684,6.7,1.9,964.0,2018-12-12
8688,7.4,3.6,956.25,2018-12-13
8693,6.1,5.0,964.8,2018-12-14
8698,5.8,1.4,967.95,2018-12-15
8702,9.4,2.2,966.3,2018-12-16
8706,4.4,1.4,973.5,2018-12-17
8710,6.0,2.8,968.85,2018-12-18
8715,7.8,3.3,967.0,2018-12-19
8718,7.9,1.7,971.35,2018-12-20
8720,8.8,1.9,975.0,2018-12-21
8727,8.5,0.8,977.35,2018-12-22
8729,5.4,0.8,976.95,2018-12-23
8732,9.4,2.5,975.3,2018-12-24
8739,6.6,1.1,975.2,2018-12-25
8742,5.4,1.4,975.9000000000001,2018-12-26
8745,3.1,1.1,974.3,2018-12-27
8749,5.4,4.7,975.8499999999999,2018-12-28
8753,6.0,6.4,977.8,2018-12-29
8759,6.9,2.2,977.25,2018-12-30
8760,8.3,3.6,976.2,2018-12-31
8764,7.8,4.4,977.25,2019-01-01
8769,3.4,8.6,978.45,2019-01-02
8773,5.0,2.8,975.55,2019-01-03
8777,4.6,4.7,977.2,2019-01-04
8783,5.2,3.9,979.55,2019-01-05
8784,4.8,6.4,979.0999999999999,2019-01-06
8789,1.9,6.4,980.05,2019-01-07
8792,4.9,6.1,976.85,2019-01-08
8796,5.4,6.7,971.3,2019-01-09
8802,1.4,7.8,970.15,2019-01-10
8804,2.3,7.5,974.6,2019-01-11
8811,5.2,6.9,976.7,2019-01-12
8812,7.4,4.7,975.15,2019-01-13
8817,8.5,4.7,971.75,2019-01-14
8820,6.2,1.7,967.75,2019-01-15
8824,2.8,1.7,964.2,2019-01-16
8831,4.6,3.3,965.75,2019-01-17
8832,3.2,0.8,965.1,2019-01-18
8839,4.1,3.1,959.3,2019-01-19
8843,5.2,2.8,960.6,2019-01-20
8846,4.7,4.7,966.8,2019-01-21
8850,2.2,1.1,961.05,2019-01-22
8855,3.6,6.1,951.1,2019-01-23
8858,2.2,4.4,958.95,2019-01-24
8861,6.4,4.7,965.65,2019-01-25
8864,6.5,1.7,964.7,2019-01-26
8869,3.7,4.7,960.6500000000001,2019-01-27
8873,5.4,6.7,960.05,2019-01-28
8878,5.3,4.4,958.3,2019-01-29
8883,4.4,1.7,953.5,2019-01-30
8885,6.5,1.4,944.35,2019-01-31
8891,7.0,6.4,936.95,2019-02-01
8894,2.5,7.5,952.55,2019-02-02
8899,1.7,5.8,970.05,2019-02-03
8903,3.8,1.9,974.1,2019-02-04
8905,8.4,3.3,974.95,2019-02-05
8911,9.4,0.8,971.25,2019-02-06
8912,6.0,3.1,969.8499999999999,2019-02-07
8918,6.3,0.3,967.8,2019-02-08
8923,7.4,2.2,966.75,2019-02-09
8926,7.8,2.8,967.2,2019-02-10
8930,6.3,4.4,975.35,2019-02-11
8934,6.4,0.8,978.0,2019-02-12
8938,6.0,0.6,976.95,2019-02-13
8942,7.2,2.5,977.0999999999999,2019-02-14
8945,5.8,0.8,975.2,2019-02-15
8951,7.0,3.6,973.3,2019-02-16
8953,10.7,3.3,968.8499999999999,2019-02-17
8957,6.8,1.7,966.35,2019-02-18
8962,7.4,0.8,967.25,2019-02-19
8967,6.8,0.8,970.85,2019-02-20
8970,8.2,1.1,975.5,2019-02-21
8973,9.8,1.7,976.55,2019-02-22
8977,9.8,4.4,975.5,2019-02-23
8981,9.4,1.7,977.9,2019-02-24
8984,9.0,1.4,977.55,2019-02-25
8988,10.6,1.7,976.0999999999999,2019-02-26
8995,11.4,1.4,973.4000000000001,2019-02-27
8997,9.2,5.3,975.6500000000001,2019-02-28
9001,8.0,3.9,972.25,2019-03-01
9004,10.2,3.6,971.3,2019-03-02
9010,9.0,1.4,966.05,2019-03-03
9013,9.9,4.4,963.4,2019-03-04
9017,9.3,4.7,960.9,2019-03-05
9023,11.9,9.7,951.0,2019-03-06
9027,7.8,2.8,959.8,2019-03-07
9029,8.5,2.5,969.05,2019-03-08
9034,10.7,2.2,976.35,2019-03-09
9038,10.0,3.6,976.2,2019-03-10
9040,7.4,4.7,978.2,2019-03-11
9045,7.6,2.8,971.95,2019-03-12
9048,7.4,6.1,974.8499999999999,2019-03-13
9053,6.9,3.9,976.3,2019-03-14
9056,8.4,3.6,974.5999999999999,2019-03-15
9062,10.6,0.8,967.7,2019-03-16
9066,7.7,5.0,966.95,2019-03-17
9069,7.0,5.6,972.65,2019-03-18
9072,6.8,6.4,973.95,2019-03-19
9078,7.0,5.8,975.3,2019-03-20
9082,7.2,2.5,974.05,2019-03-21
9084,8.6,1.4,974.0999999999999,2019-03-22
9089,11.6,1.4,972.3,2019-03-23
9094,11.6,4.2,970.9,2019-03-24
9096,10.0,7.5,971.2,2019-03-25
9101,8.8,9.7,970.6,2019-03-26
9104,9.6,5.3,972.5999999999999,2019-03-27
9108,9.3,5.6,973.2,2019-03-28
9113,9.7,3.1,970.5,2019-03-29
9118,10.8,3.1,967.1500000000001,2019-03-30
9122,9.8,2.5,963.35,2019-03-31
9125,11.4,2.5,961.85,2019-04-01
9131,11.2,3.3,961.2,2019-04-02
9135,5.6,4.7,955.8,2019-04-03
9139,6.8,3.3,949.45,2019-04-04
9143,8.4,5.3,945.45,2019-04-05
9144,8.2,1.7,948.0999999999999,2019-04-06
9148,8.6,2.5,954.4,2019-04-07
9152,8.6,2.2,958.45,2019-04-08
9159,8.6,2.2,957.3,2019-04-09
9163,9.6,4.7,961.8,2019-04-10
9164,8.6,4.7,966.1,2019-04-11
9169,9.8,6.9,966.0999999999999,2019-04-12
9175,10.6,2.2,964.5999999999999,2019-04-13
9179,13.2,2.8,963.3499999999999,2019-04-14
9180,14.8,4.4,960.3,2019-04-15
9184,13.3,1.7,964.95,2019-04-16
9188,15.1,2.8,960.9,2019-04-17
9194,13.8,1.9,962.35,2019-04-18
9199,15.2,1.9,966.9,2019-04-19
9203,15.6,1.9,967.3,2019-04-20
9204,11.6,1.9,961.65,2019-04-21
9208,12.5,3.6,950.8,2019-04-22
9215,14.0,2.8,945.05,2019-04-23
9219,8.8,9.7,948.75,2019-04-24
9222,11.5,3.9,955.9,2019-04-25
9225,10.2,3.9,968.25,2019-04-26
9231,9.9,4.4,974.45,2019-04-27
9233,11.8,6.7,971.8,2019-04-28
9237,12.4,4.2,966.55,2019-04-29
9241,12.8,4.7,964.6,2019-04-30
9246,13.0,3.9,963.25,2019-05-01
9250,11.6,6.7,964.7,2019-05-02
9254,10.1,5.6,962.4,2019-05-03
9259,11.0,5.3,964.05,2019-05-04
9263,7.4,6.7,967.1500000000001,2019-05-05
9265,11.0,1.9,964.8,2019-05-06
9269,14.4,1.7,960.7,2019-05-07
9273,17.0,6.1,955.15,2019-05-08
9277,13.0,3.3,959.0999999999999,2019-05-09
9280,18.2,2.8,962.45,2019-05-10
9286,13.0,6.7,970.8,2019-05-11
9291,12.7,6.7,974.45,2019-05-12
9293,13.6,6.7,970.2,2019-05-13
9297,14.2,4.2,965.45,2019-05-14
9302,15.0,4.7,960.9,2019-05-15
9307,15.8,3.6,956.3,2019-05-16
9310,9.8,3.9,955.0,2019-05-17
9314,8.3,3.9,958.05,2019-05-18
9318,10.6,5.0,960.05,2019-05-19
9323,11.4,3.6,962.3,2019-05-20
9327,12.2,4.7,964.5,2019-05-21
9330,15.4,2.2,965.0,2019-05-22
9334,16.6,3.1,964.8,2019-05-23
9339,12.8,5.0,966.35,2019-05-24
9340,13.8,5.8,968.5999999999999,2019-05-25
9344,13.1,5.6,967.95,2019-05-26
9349,14.0,5.3,964.6,2019-05-27
9352,12.6,5.8,967.45,2019-05-28
9357,13.2,7.2,971.8499999999999,2019-05-29
9360,15.6,3.3,972.2,2019-05-30
9364,19.0,1.9,969.6500000000001,2019-05-31
9369,20.4,1.4,966.95,2019-06-01
9375,21.1,1.7,964.1,2019-06-02
9379,21.8,0.6,961.95,2019-06-03
9380,21.6,4.4,956.4,2019-06-04
9384,12.8,5.0,959.2,2019-06-05
9391,16.0,6.4,957.05,2019-06-06
9394,13.8,4.7,961.25,2019-06-07
9398,14.6,2.2,968.3,2019-06-08
9400,18.0,3.9,964.55,2019-06-09
9404,13.5,6.1,964.8,2019-06-10
9410,11.4,4.7,962.65,2019-06-11
9412,12.4,3.9,961.0,2019-06-12
9419,16.0,6.1,958.15,2019-06-13
9420,17.6,3.9,960.85,2019-06-14
9424,15.6,4.4,966.65,2019-06-15
9431,17.8,1.7,966.0999999999999,2019-06-16
9435,21.6,2.2,962.25,2019-06-17
9436,24.0,5.8,958.3,2019-06-18
9441,21.2,3.3,961.8,2019-06-19
9445,17.9,6.7,963.8,2019-06-20
9450,15.6,5.3,965.6,2019-06-21
9453,18.8,1.7,963.35,2019-06-22
9458,24.8,3.1,959.65,2019-06-23
9462,23.6,4.2,961.9000000000001,2019-06-24
9464,25.6,2.5,963.0999999999999,2019-06-25
9468,26.7,2.8,963.8,2019-06-26
9475,30.0,3.6,965.5,2019-06-27
9477,27.8,2.2,965.0999999999999,2019-06-28
9481,28.0,4.4,963.3,2019-06-29
9485,27.0,3.6,964.25,2019-06-30
9490,23.247368421052627,7.2,964.0975000000001,2019-07-01
9494,23.247368421052627,4.2,966.15,2019-07-02
9497,25.2,2.5,962.55,2019-07-03
9501,26.9,2.2,963.0,2019-07-04
9505,27.9,3.9,962.65,2019-07-05
9509,27.6,3.9,961.25,2019-07-06
9515,24.5,5.8,961.95,2019-07-07
9519,22.4,4.2,961.25,2019-07-08
9520,19.1,6.1,964.35,2019-07-09
9526,21.0,5.3,969.85,2019-07-10
9528,21.7,3.1,963.95,2019-07-11
9535,23.2,3.6,965.05,2019-07-12
9538,22.8,5.6,962.85,2019-07-13
9543,21.8,6.7,963.0,2019-07-14
9545,21.0,7.2,963.8,2019-07-15
9549,20.8,3.9,964.0999999999999,2019-07-16
9554,21.9,5.0,964.2,2019-07-17
9559,20.0,6.7,965.4,2019-07-18
9563,23.0,3.3,962.8,2019-07-19
9567,25.7,4.4,964.95,2019-07-20
9569,25.2,4.2,968.85,2019-07-21
