,indicativo,fecha,tmed,velmedia,presmed
733,0076,2018-01-01,13.2,6.1,1022.55
734,0076,2018-01-02,13.6,2.5,1023.8000000000001
735,0076,2018-01-03,16.8,7.5,1020.85
736,0076,2018-01-04,18.9,5.6,1017.05
737,0076,2018-01-05,15.0,4.4,1009.9000000000001
738,0076,2018-01-06,11.8,7.8,1001.25
739,0076,2018-01-07,11.2,3.3,1003.15
740,0076,2018-01-08,9.7,5.3,1010.4
741,0076,2018-01-09,9.6,3.6,1015.4
742,0076,2018-01-10,10.6,2.5,1014.6
743,0076,2018-01-11,11.0,4.7,1015.45
744,0076,2018-01-12,9.2,3.9,1021.05
745,0076,2018-01-13,8.4,3.9,1018.5999999999999
746,0076,2018-01-14,9.4,3.3,1016.7
747,0076,2018-01-15,9.3,3.1,1022.7
748,0076,2018-01-16,13.4,2.5,1019.4000000000001
749,0076,2018-01-17,14.4,6.4,1019.8
750,0076,2018-01-18,10.8,4.7,1022.75
751,0076,2018-01-19,9.6,4.2,1018.8
752,0076,2018-01-20,11.2,6.7,1018.6
753,0076,2018-01-21,19.4,7.8,1017.75
754,0076,2018-01-22,16.4,5.0,1021.6500000000001
755,0076,2018-01-23,13.8,2.8,1025.7
756,0076,2018-01-24,12.2,5.0,1026.55
757,0076,2018-01-25,12.2,3.6,1019.2
758,0076,2018-01-26,10.4,5.0,1015.75
759,0076,2018-01-27,9.7,5.3,1027.15
760,0076,2018-01-28,12.0,3.1,1034.5
761,0076,2018-01-29,11.6,3.6,1033.85
762,0076,2018-01-30,10.6,4.7,1029.25
763,0076,2018-01-31,9.7,5.8,1021.7
764,0076,2018-02-01,8.6,4.7,1011.1500000000001
765,0076,2018-02-02,8.2,2.2,1006.7
766,0076,2018-02-03,8.2,6.1,1010.7
767,0076,2018-02-04,8.6,6.4,1010.75
768,0076,2018-02-05,8.4,3.9,1008.05
769,0076,2018-02-06,9.2,3.1,1006.4
770,0076,2018-02-07,7.6,3.1,1011.95
771,0076,2018-02-08,5.6,4.7,1017.75
772,0076,2018-02-09,5.4,3.3,1017.1500000000001
773,0076,2018-02-10,8.2,3.6,1016.15
774,0076,2018-02-11,8.6,6.9,1015.2
775,0076,2018-02-12,7.9,3.6,1016.7
776,0076,2018-02-13,6.6,5.8,1016.3499999999999
777,0076,2018-02-14,8.0,3.6,1016.25
778,0076,2018-02-15,11.8,4.2,1021.2
779,0076,2018-02-16,13.2,4.2,1022.3499999999999
780,0076,2018-02-17,12.2,3.3,1020.6500000000001
781,0076,2018-02-18,11.1,4.2,1020.2
782,0076,2018-02-19,10.1,3.3,1016.0
783,0076,2018-02-20,12.3,3.1,1011.05
784,0076,2018-02-21,10.2,5.6,1007.2
785,0076,2018-02-22,6.6,4.2,1006.0999999999999
786,0076,2018-02-23,7.8,4.2,1006.6
787,0076,2018-02-24,7.4,4.4,1008.45
788,0076,2018-02-25,10.0,3.1,1008.4
789,0076,2018-02-26,7.8,6.1,1007.4000000000001
790,0076,2018-02-27,3.4,2.5,1009.4
791,0076,2018-02-28,4.0,5.3,1003.3499999999999
792,0076,2018-03-01,11.0,4.7,992.4
793,0076,2018-03-02,12.7,7.8,995.85
794,0076,2018-03-03,14.4,3.9,998.3
795,0076,2018-03-04,12.6,2.8,997.0
796,0076,2018-03-05,12.4,4.7,993.7
797,0076,2018-03-06,13.3,4.4,995.95
798,0076,2018-03-07,12.0,5.0,1005.9
799,0076,2018-03-08,11.3,5.6,1010.25
800,0076,2018-03-09,11.7,4.2,1010.95
801,0076,2018-03-10,14.8,5.3,1005.55
802,0076,2018-03-11,14.4,6.9,1000.4
803,0076,2018-03-12,15.8,5.6,1008.6
804,0076,2018-03-13,12.4,5.0,1014.55
805,0076,2018-03-14,11.8,4.7,1007.55
806,0076,2018-03-15,15.9,5.3,999.7
807,0076,2018-03-16,13.4,6.4,1001.8
808,0076,2018-03-17,11.0,4.4,998.85
809,0076,2018-03-18,10.2,5.3,1000.9
810,0076,2018-03-19,11.0,5.8,1003.1500000000001
811,0076,2018-03-20,8.2,3.3,1007.25
812,0076,2018-03-21,9.5,4.2,1017.45
813,0076,2018-03-22,10.6,5.3,1015.95
814,0076,2018-03-23,11.8,3.9,1005.3499999999999
815,0076,2018-03-24,8.6,4.7,997.3
816,0076,2018-03-25,11.2,2.8,1006.75
817,0076,2018-03-26,12.0,5.8,1015.95
818,0076,2018-03-27,11.9,5.6,1019.4
819,0076,2018-03-28,15.5,4.4,1013.7
820,0076,2018-03-29,14.4,3.3,1008.4
821,0076,2018-03-30,14.8,5.3,1003.5
822,0076,2018-03-31,14.4,8.9,1007.0999999999999
823,0076,2018-04-01,12.2,4.7,1016.45
824,0076,2018-04-02,13.5,5.3,1011.2
825,0076,2018-04-03,14.3,5.6,1007.9
826,0076,2018-04-04,18.0,5.3,1011.3
827,0076,2018-04-05,15.4,3.1,1017.65
828,0076,2018-04-06,13.4,4.7,1015.1500000000001
829,0076,2018-04-07,15.7,10.8,1009.3499999999999
830,0076,2018-04-08,14.0,7.2,1004.15
831,0076,2018-04-09,13.4,3.6,1006.55
832,0076,2018-04-10,12.0,3.6,1001.65
833,0076,2018-04-11,12.5,6.1,994.1
834,0076,2018-04-12,12.4,5.3,1000.35
835,0076,2018-04-13,13.4,4.4,1009.25
836,0076,2018-04-14,13.9,4.2,1015.0
837,0076,2018-04-15,16.1,5.0,1012.65
838,0076,2018-04-16,14.2,3.3,1015.4000000000001
839,0076,2018-04-17,16.8,5.8,1021.8499999999999
840,0076,2018-04-18,18.8,4.2,1024.65
841,0076,2018-04-19,18.0,4.7,1024.3
842,0076,2018-04-20,16.8,3.1,1022.45
843,0076,2018-04-21,18.0,4.7,1019.6500000000001
844,0076,2018-04-22,18.4,4.4,1017.5
845,0076,2018-04-23,19.0,3.3,1018.45
846,0076,2018-04-24,20.0,3.1,1018.45
847,0076,2018-04-25,20.5,6.4,1016.8
848,0076,2018-04-26,18.4,4.2,1015.55
849,0076,2018-04-27,18.6,3.3,1012.3
850,0076,2018-04-28,18.4,2.5,1009.7
851,0076,2018-04-29,16.4,7.5,1007.8499999999999
852,0076,2018-04-30,14.7,5.6,1012.05
853,0076,2018-05-01,13.0,3.9,1013.2
854,0076,2018-05-02,13.2,5.8,1010.6500000000001
855,0076,2018-05-03,17.6,3.6,1008.45
856,0076,2018-05-04,15.4,5.0,1011.25
857,0076,2018-05-05,18.0,4.4,1014.7
858,0076,2018-05-06,18.6,4.2,1017.0
859,0076,2018-05-07,19.2,5.0,1013.85
860,0076,2018-05-08,18.6,3.3,1010.5
861,0076,2018-05-09,18.3,3.6,1009.25
862,0076,2018-05-10,18.4,4.2,1014.0999999999999
863,0076,2018-05-11,17.7,7.2,1016.65
864,0076,2018-05-12,17.6,3.3,1013.9
865,0076,2018-05-13,15.0,5.6,1014.7
866,0076,2018-05-14,15.0,5.6,1015.75
867,0076,2018-05-15,17.2,6.4,1015.55
868,0076,2018-05-16,17.8,4.4,1015.7
869,0076,2018-05-17,19.4,3.1,1015.8
870,0076,2018-05-18,19.2,2.5,1016.3499999999999
871,0076,2018-05-19,19.6,3.3,1015.6
872,0076,2018-05-20,20.4,4.2,1013.95
873,0076,2018-05-21,18.7,3.1,1011.5
874,0076,2018-05-22,19.6,2.8,1013.7
875,0076,2018-05-23,19.4,4.2,1017.25
876,0076,2018-05-24,21.0,2.5,1016.6
877,0076,2018-05-25,21.2,9.2,1014.3499999999999
878,0076,2018-05-26,21.2,8.9,1013.8
879,0076,2018-05-27,22.0,7.5,1012.0
880,0076,2018-05-28,21.6,4.2,1013.3499999999999
881,0076,2018-05-29,21.6,5.3,1013.75
882,0076,2018-05-30,20.9,4.2,1012.8
883,0076,2018-05-31,20.0,3.6,1016.5999999999999
884,0076,2018-06-01,21.4,3.3,1018.75
885,0076,2018-06-02,21.2,3.3,1017.25
886,0076,2018-06-03,18.8,5.3,1014.0999999999999
887,0076,2018-06-04,19.2,3.9,1011.55
888,0076,2018-06-05,20.8,3.6,1009.9
889,0076,2018-06-06,19.9,3.9,1012.8
890,0076,2018-06-07,20.6,3.3,1014.45
891,0076,2018-06-08,20.2,5.0,1013.9
892,0076,2018-06-09,22.0,2.5,1012.55
893,0076,2018-06-10,24.1,6.7,1010.65
895,0076,2018-06-12,24.7,6.1,1009.8499999999999
896,0076,2018-06-13,24.8,4.4,1011.4000000000001
897,0076,2018-06-14,21.7,5.6,1013.45
898,0076,2018-06-15,21.8,4.2,1014.4000000000001
899,0076,2018-06-16,21.8,4.7,1015.8499999999999
900,0076,2018-06-17,22.7,3.6,1018.8
901,0076,2018-06-18,22.6,4.7,1019.65
902,0076,2018-06-19,23.5,6.1,1019.95
903,0076,2018-06-20,24.4,3.3,1018.4
904,0076,2018-06-21,24.6,3.9,1016.75
905,0076,2018-06-22,26.0,3.6,1016.6500000000001
906,0076,2018-06-23,23.7,3.3,1018.1
907,0076,2018-06-24,24.1,3.6,1016.55
908,0076,2018-06-25,24.6,2.8,1016.3
909,0076,2018-06-26,24.8,2.5,1017.25
910,0076,2018-06-27,25.0,5.3,1015.05
911,0076,2018-06-28,25.2,3.3,1011.0999999999999
912,0076,2018-06-29,24.2,3.6,1010.95
913,0076,2018-06-30,24.5,5.0,1009.9000000000001
914,0076,2018-07-01,24.1,4.2,1009.6
915,0076,2018-07-02,25.2,2.8,1011.75
916,0076,2018-07-03,26.5,3.6,1014.8
917,0076,2018-07-04,24.8,3.6,1013.65
918,0076,2018-07-05,26.3,5.0,1016.7
919,0076,2018-07-06,25.8,6.1,1019.3
920,0076,2018-07-07,25.9,4.2,1018.3
921,0076,2018-07-08,26.6,4.2,1017.5999999999999
922,0076,2018-07-09,26.7,6.1,1016.0
923,0076,2018-07-10,26.4,5.8,1014.8
924,0076,2018-07-11,26.6,2.8,1013.5
925,0076,2018-07-12,26.0,6.7,1014.8
926,0076,2018-07-13,26.3,4.7,1016.2
927,0076,2018-07-14,26.4,4.2,1015.2
928,0076,2018-07-15,26.0,3.1,1013.2
929,0076,2018-07-16,26.9,3.9,1012.45
930,0076,2018-07-17,26.2,4.4,1016.55
931,0076,2018-07-18,25.9,4.2,1014.55
932,0076,2018-07-19,25.8,4.2,1014.5
933,0076,2018-07-20,26.0,3.1,1011.55
934,0076,2018-07-21,26.6,5.8,1013.2
935,0076,2018-07-22,24.3,4.4,1014.75
936,0076,2018-07-23,24.6,5.8,1015.0
937,0076,2018-07-24,26.4,3.9,1013.2
938,0076,2018-07-25,26.5,3.6,1013.75
939,0076,2018-07-26,27.1,5.3,1012.0999999999999
940,0076,2018-07-27,26.4,5.6,1011.6500000000001
941,0076,2018-07-28,26.8,4.2,1012.3
942,0076,2018-07-29,27.0,4.7,1012.9000000000001
943,0076,2018-07-30,27.8,3.3,1014.35
944,0076,2018-07-31,27.7,2.2,1014.7
945,0076,2018-08-01,29.0,4.4,1015.9000000000001
946,0076,2018-08-02,29.8,3.3,1016.25
947,0076,2018-08-03,30.9,3.1,1015.55
948,0076,2018-08-04,32.1,4.2,1015.15
949,0076,2018-08-05,32.0,4.2,1014.6
950,0076,2018-08-06,29.2,3.3,1013.8499999999999
951,0076,2018-08-07,29.2,4.7,1012.95
952,0076,2018-08-08,28.8,3.6,1013.55
953,0076,2018-08-09,27.6,5.6,1016.2
954,0076,2018-08-10,25.6,4.4,1021.75
955,0076,2018-08-11,25.2,3.6,1020.8
956,0076,2018-08-12,27.6,4.7,1015.45
957,0076,2018-08-13,27.0,4.7,1012.7
958,0076,2018-08-14,25.4,4.2,1016.0
959,0076,2018-08-15,26.5,5.0,1016.9
960,0076,2018-08-16,26.8,3.9,1014.5999999999999
961,0076,2018-08-17,25.3,4.7,1016.25
962,0076,2018-08-18,23.9,4.4,1018.6
963,0076,2018-08-19,26.2,4.7,1018.65
964,0076,2018-08-20,27.0,4.7,1016.55
965,0076,2018-08-21,27.8,3.9,1015.45
966,0076,2018-08-22,27.8,3.6,1015.35
967,0076,2018-08-23,26.7,5.3,1014.65
968,0076,2018-08-24,26.6,4.4,1014.6500000000001
969,0076,2018-08-25,24.7,6.1,1014.45
970,0076,2018-08-26,24.0,4.4,1015.25
971,0076,2018-08-27,25.8,4.2,1015.8
972,0076,2018-08-28,26.2,4.7,1014.85
973,0076,2018-08-29,26.6,3.6,1016.1
974,0076,2018-08-30,26.2,5.6,1018.0
975,0076,2018-08-31,23.7,3.9,1018.05
976,0076,2018-09-01,24.3,3.6,1018.25
977,0076,2018-09-02,25.2,3.1,1016.0
978,0076,2018-09-03,26.0,3.1,1012.15
979,0076,2018-09-04,25.6,5.6,1012.5
980,0076,2018-09-05,24.4,4.4,1013.3499999999999
981,0076,2018-09-06,23.3,5.6,1012.5
982,0076,2018-09-07,23.2,4.4,1016.0
983,0076,2018-09-08,24.6,3.1,1018.05
984,0076,2018-09-09,25.0,4.4,1019.2
985,0076,2018-09-10,23.6,2.2,1021.05
986,0076,2018-09-11,24.6,3.9,1023.25
987,0076,2018-09-12,24.5,3.1,1020.45
988,0076,2018-09-13,23.9,5.6,1017.5
989,0076,2018-09-14,24.8,4.2,1018.2
990,0076,2018-09-15,24.5,3.6,1020.3
991,0076,2018-09-16,24.6,2.8,1020.05
992,0076,2018-09-17,24.2,4.4,1018.45
993,0076,2018-09-18,23.2,3.6,1017.0
994,0076,2018-09-19,23.8,3.3,1019.3499999999999
995,0076,2018-09-20,25.4,5.0,1018.25
996,0076,2018-09-21,25.0,4.4,1017.6500000000001
997,0076,2018-09-22,25.5,5.0,1020.75
998,0076,2018-09-23,25.3,5.8,1020.25
999,0076,2018-09-24,24.1,4.4,1020.8
1000,0076,2018-09-25,22.2,7.2,1025.1
1001,0076,2018-09-26,21.6,8.9,1029.4
1002,0076,2018-09-27,20.0,3.6,1026.9499999999998
1003,0076,2018-09-28,21.6,5.8,1019.0999999999999
1004,0076,2018-09-29,23.0,5.6,1016.05
1005,0076,2018-09-30,22.8,5.0,1016.2
1006,0076,2018-10-01,21.7,5.3,1016.45
1007,0076,2018-10-02,19.6,4.4,1018.95
1008,0076,2018-10-03,20.8,5.0,1020.7
1009,0076,2018-10-04,20.6,3.9,1020.35
1010,0076,2018-10-05,20.6,4.2,1018.3499999999999
1011,0076,2018-10-06,21.4,4.4,1014.0
1012,0076,2018-10-07,19.4,4.4,1013.4
1013,0076,2018-10-08,18.4,4.4,1016.05
1014,0076,2018-10-09,18.8,8.1,1013.35
1015,0076,2018-10-10,20.8,3.6,1009.9000000000001
1016,0076,2018-10-11,21.2,4.7,1014.45
1017,0076,2018-10-12,21.6,3.6,1020.25
1018,0076,2018-10-13,22.5,1.9,1018.0
1019,0076,2018-10-14,22.2,5.6,1008.5
1020,0076,2018-10-15,20.0,3.1,1007.05
1021,0076,2018-10-16,19.0,4.7,1014.35
1022,0076,2018-10-17,19.5,5.6,1013.2
1023,0076,2018-10-18,19.7,6.4,1011.05
1024,0076,2018-10-19,21.2,7.5,1015.2
1025,0076,2018-10-20,20.5,4.7,1020.4
1026,0076,2018-10-21,20.0,4.7,1019.7
1027,0076,2018-10-22,19.4,4.4,1020.5
1028,0076,2018-10-23,18.4,4.2,1024.8000000000002
1029,0076,2018-10-24,19.7,4.2,1019.95
1030,0076,2018-10-25,19.0,3.1,1016.55
1031,0076,2018-10-26,18.0,4.2,1011.4000000000001
1032,0076,2018-10-27,14.2,1.9,1002.9
1033,0076,2018-10-28,11.0,2.8,998.55
1034,0076,2018-10-29,11.4,3.6,995.3
1035,0076,2018-10-30,11.5,2.8,1003.9000000000001
1036,0076,2018-10-31,14.3,7.8,1005.1
1037,0076,2018-11-01,13.6,3.9,1012.55
1038,0076,2018-11-02,14.8,3.9,1018.5
1039,0076,2018-11-03,14.0,3.1,1018.05
1040,0076,2018-11-04,16.0,3.9,1011.6
1041,0076,2018-11-05,16.0,5.3,1004.6
1042,0076,2018-11-06,13.8,3.6,1008.4
1043,0076,2018-11-07,14.6,3.9,1014.75
1044,0076,2018-11-08,14.6,2.2,1016.8499999999999
1045,0076,2018-11-09,13.9,3.6,1012.35
1046,0076,2018-11-10,14.4,3.6,1012.35
1047,0076,2018-11-11,17.1,2.2,1014.4
1048,0076,2018-11-12,17.0,5.3,1018.35
1049,0076,2018-11-13,18.1,6.4,1023.3000000000001
1050,0076,2018-11-14,17.4,5.3,1023.1
1051,0076,2018-11-15,17.2,4.7,1019.9
1052,0076,2018-11-16,15.4,5.0,1020.75
1053,0076,2018-11-17,15.0,5.3,1016.75
1054,0076,2018-11-18,13.8,8.6,1010.55
1055,0076,2018-11-19,13.5,5.8,1003.3499999999999
1056,0076,2018-11-20,13.2,3.6,1001.8
1057,0076,2018-11-21,13.8,3.6,1009.5
1058,0076,2018-11-22,13.5,2.2,1016.15
1059,0076,2018-11-23,10.0,3.9,1013.2
1060,0076,2018-11-24,11.9,3.1,1014.2
1061,0076,2018-11-25,11.5,4.7,1008.7
1062,0076,2018-11-26,12.2,4.7,1008.75
1063,0076,2018-11-27,11.2,2.8,1017.8499999999999
1064,0076,2018-11-28,11.9,2.8,1021.3499999999999
1065,0076,2018-11-29,11.8,1.9,1018.75
1066,0076,2018-11-30,12.6,3.6,1016.3499999999999
1067,0076,2018-12-01,11.3,2.5,1020.2
1068,0076,2018-12-02,13.0,4.7,1019.6
1069,0076,2018-12-03,13.6,4.4,1019.2
1070,0076,2018-12-04,15.5,3.9,1022.0
1071,0076,2018-12-05,13.6,4.4,1023.15
1072,0076,2018-12-06,13.6,4.7,1024.7
1073,0076,2018-12-07,11.1,4.7,1024.1
1074,0076,2018-12-08,11.8,3.3,1024.65
1075,0076,2018-12-09,12.3,4.4,1023.8
1076,0076,2018-12-10,11.7,2.8,1027.3
1077,0076,2018-12-11,10.4,3.3,1022.2
1078,0076,2018-12-12,12.0,2.8,1016.6
1079,0076,2018-12-13,10.7,2.2,1008.05
1080,0076,2018-12-14,11.9,1.9,1012.9000000000001
1081,0076,2018-12-15,11.0,1.7,1020.05
1082,0076,2018-12-16,12.8,2.2,1016.25
1083,0076,2018-12-17,11.6,3.9,1023.7
1084,0076,2018-12-18,10.2,3.9,1024.3
1086,0076,2018-12-20,11.6,3.1,1025.1
1087,0076,2018-12-21,11.2,5.6,1028.6
1088,0076,2018-12-22,14.7,2.8,1028.3000000000002
1089,0076,2018-12-23,13.2,3.3,1028.5
1090,0076,2018-12-24,14.1,4.7,1025.8
1091,0076,2018-12-25,11.6,3.3,1028.55
1092,0076,2018-12-26,12.0,3.3,1029.2
1093,0076,2018-12-27,11.6,3.3,1026.8000000000002
1094,0076,2018-12-28,10.4,4.7,1027.4
1095,0076,2018-12-29,9.2,5.3,1028.6
1096,0076,2018-12-30,9.4,6.9,1027.85
1097,0076,2018-12-31,11.2,3.6,1028.2
1098,0076,2019-01-01,11.3,2.5,1028.45
1831,0076,2014-01-01,9.6,5.6,1015.75
1832,0076,2014-01-02,13.0,1.9,1012.4
1833,0076,2014-01-03,14.0,3.1,1015.3499999999999
1834,0076,2014-01-04,11.6,3.9,1010.25
1835,0076,2014-01-05,11.8,3.9,1013.65
1836,0076,2014-01-06,12.5,3.9,1016.95
1837,0076,2014-01-07,12.6,3.1,1020.15
1838,0076,2014-01-08,11.2,1.9,1023.75
1839,0076,2014-01-09,9.2,3.9,1021.1
1840,0076,2014-01-10,10.8,2.2,1019.05
1841,0076,2014-01-11,11.8,4.4,1019.3
1842,0076,2014-01-12,13.3,3.1,1021.75
1843,0076,2014-01-13,10.8,2.8,1016.65
1844,0076,2014-01-14,9.8,3.6,1011.8
1845,0076,2014-01-15,9.6,3.9,1013.8
1846,0076,2014-01-16,11.7,2.8,1008.75
1847,0076,2014-01-17,11.6,3.3,1005.2
1848,0076,2014-01-18,10.8,5.3,999.15
1849,0076,2014-01-19,11.0,3.9,997.45
1850,0076,2014-01-20,10.2,3.6,1006.85
1851,0076,2014-01-21,9.8,2.8,1013.2
1852,0076,2014-01-22,6.8,5.6,1012.8499999999999
1853,0076,2014-01-23,10.1,4.2,1018.6
1854,0076,2014-01-24,11.6,5.0,1015.4
1855,0076,2014-01-25,11.2,2.8,1015.8
1856,0076,2014-01-26,13.6,2.8,1014.5
1857,0076,2014-01-27,13.6,9.2,1006.0
1858,0076,2014-01-28,10.2,5.6,1001.1
1859,0076,2014-01-29,9.8,3.1,997.5999999999999
1860,0076,2014-01-30,10.4,2.2,1002.85
1861,0076,2014-01-31,8.4,2.5,1009.4000000000001
1862,0076,2014-02-01,7.8,3.9,1008.4
1863,0076,2014-02-02,9.0,2.8,1012.35
1864,0076,2014-02-03,8.2,3.9,1010.7
1865,0076,2014-02-04,9.2,5.8,1012.55
1866,0076,2014-02-05,13.6,7.2,1009.55
1867,0076,2014-02-06,11.6,4.2,1011.4
1868,0076,2014-02-07,13.9,5.6,1010.6500000000001
1869,0076,2014-02-08,13.3,6.9,1008.45
1870,0076,2014-02-09,10.6,3.9,1005.5
1871,0076,2014-02-10,11.1,4.2,999.7
1872,0076,2014-02-11,10.0,6.1,1011.35
1873,0076,2014-02-12,9.8,6.1,1014.55
1874,0076,2014-02-13,16.0,6.4,1012.9
1875,0076,2014-02-14,15.2,5.0,1011.95
1876,0076,2014-02-15,14.4,3.9,1010.0
1877,0076,2014-02-16,12.0,4.4,1014.85
1878,0076,2014-02-17,9.6,3.6,1014.95
1879,0076,2014-02-18,11.8,8.1,1011.05
1880,0076,2014-02-19,12.0,3.9,1015.7
1881,0076,2014-02-20,11.0,3.9,1016.5
1882,0076,2014-02-21,11.8,2.8,1016.3
1883,0076,2014-02-22,10.7,4.7,1021.3
1884,0076,2014-02-23,9.9,5.3,1020.8
1885,0076,2014-02-24,11.0,3.9,1017.6
1886,0076,2014-02-25,11.1,5.8,1016.55
1887,0076,2014-02-26,11.1,3.6,1021.1
1888,0076,2014-02-27,9.3,5.3,1023.8
1889,0076,2014-02-28,11.7,6.9,1013.85
1890,0076,2014-03-01,10.9,5.6,1004.4
1891,0076,2014-03-02,11.0,3.9,1002.3
1892,0076,2014-03-03,13.4,8.3,999.3
1893,0076,2014-03-04,12.7,8.9,1003.9000000000001
1894,0076,2014-03-05,11.6,3.9,1014.1
1895,0076,2014-03-06,12.6,2.8,1021.55
1896,0076,2014-03-07,11.9,7.2,1023.5
1897,0076,2014-03-08,11.6,4.2,1025.55
1898,0076,2014-03-09,12.4,4.2,1026.4
1899,0076,2014-03-10,13.0,5.0,1021.4
1900,0076,2014-03-11,13.4,3.9,1022.15
1901,0076,2014-03-12,12.0,6.4,1026.4
1902,0076,2014-03-13,12.5,4.4,1026.9
1903,0076,2014-03-14,13.0,3.1,1024.65
1904,0076,2014-03-15,14.2,5.6,1022.1
1905,0076,2014-03-16,16.8,6.4,1019.8
1906,0076,2014-03-17,17.1,5.8,1019.9
1907,0076,2014-03-18,13.8,2.8,1020.9000000000001
1908,0076,2014-03-19,14.6,5.3,1021.9
1909,0076,2014-03-20,13.5,2.8,1020.35
1910,0076,2014-03-21,13.6,4.2,1018.6500000000001
1911,0076,2014-03-22,15.2,4.2,1012.45
1912,0076,2014-03-23,12.8,6.4,1014.2
1913,0076,2014-03-24,11.5,5.6,1014.6500000000001
1914,0076,2014-03-25,13.9,5.6,1009.6
1915,0076,2014-03-26,10.2,4.2,1007.2
1916,0076,2014-03-27,11.4,6.4,1010.7
1917,0076,2014-03-28,11.4,5.0,1013.75
1918,0076,2014-03-29,14.8,13.1,1012.4
1919,0076,2014-03-30,14.0,8.6,1012.5
1920,0076,2014-03-31,14.6,3.1,1015.1
1921,0076,2014-04-01,13.1,3.9,1013.25
1922,0076,2014-04-02,14.2,8.6,1005.9
1923,0076,2014-04-03,14.0,5.0,998.95
1924,0076,2014-04-04,17.5,4.2,1005.8
1925,0076,2014-04-05,14.8,4.7,1014.75
1926,0076,2014-04-06,16.4,3.6,1018.4
1927,0076,2014-04-07,14.4,5.8,1019.1
1928,0076,2014-04-08,16.3,3.3,1021.5999999999999
1929,0076,2014-04-09,15.6,6.4,1021.5999999999999
1930,0076,2014-04-10,16.1,3.6,1018.1500000000001
1931,0076,2014-04-11,16.8,4.2,1015.0
1932,0076,2014-04-12,15.9,5.3,1015.7
1933,0076,2014-04-13,16.6,4.4,1018.2
1934,0076,2014-04-14,17.0,5.8,1017.7
1935,0076,2014-04-15,17.6,3.9,1016.05
1936,0076,2014-04-16,16.0,3.3,1019.1500000000001
1937,0076,2014-04-17,16.0,3.9,1018.3
1938,0076,2014-04-18,16.4,5.3,1011.05
1939,0076,2014-04-19,15.8,4.2,1005.9000000000001
1940,0076,2014-04-20,14.4,4.2,1003.8
1941,0076,2014-04-21,15.4,5.8,1004.3499999999999
1942,0076,2014-04-22,17.0,3.9,1012.2
1943,0076,2014-04-23,16.4,6.4,1018.0999999999999
1944,0076,2014-04-24,17.2,4.4,1014.75
1945,0076,2014-04-25,18.4,6.4,1012.8
1946,0076,2014-04-26,17.6,6.7,1012.95
1947,0076,2014-04-27,17.8,6.4,1012.05
1948,0076,2014-04-28,16.8,6.9,1013.0
1949,0076,2014-04-29,15.6,4.7,1013.85
1950,0076,2014-04-30,16.8,3.9,1013.8499999999999
1951,0076,2014-05-01,17.8,3.9,1014.4
1952,0076,2014-05-02,16.8,4.7,1013.7
1953,0076,2014-05-03,18.0,6.1,1012.55
1954,0076,2014-05-04,16.6,5.3,1014.7
1955,0076,2014-05-05,16.2,4.7,1016.65
1956,0076,2014-05-06,16.6,4.2,1017.95
1957,0076,2014-05-07,18.2,2.8,1018.65
1958,0076,2014-05-08,19.4,4.7,1019.7
1959,0076,2014-05-09,18.8,5.6,1019.75
1960,0076,2014-05-10,18.9,6.9,1017.55
1961,0076,2014-05-11,20.4,3.9,1017.2
1962,0076,2014-05-12,17.6,3.3,1017.5
1963,0076,2014-05-13,15.8,3.3,1021.25
1964,0076,2014-05-14,16.4,4.4,1025.6999999999998
1965,0076,2014-05-15,16.8,5.0,1023.5
1966,0076,2014-05-16,17.0,4.7,1018.8499999999999
1967,0076,2014-05-17,17.6,3.9,1015.8
1968,0076,2014-05-18,16.7,5.0,1012.4000000000001
1969,0076,2014-05-19,17.4,2.8,1009.25
1970,0076,2014-05-20,18.7,8.3,1011.5
1971,0076,2014-05-21,19.9,4.7,1009.05
1972,0076,2014-05-22,19.0,5.3,1011.1500000000001
1973,0076,2014-05-23,18.6,5.3,1014.1500000000001
1974,0076,2014-05-24,16.9,6.4,1017.35
1975,0076,2014-05-25,18.2,3.6,1016.7
1976,0076,2014-05-26,16.1,5.0,1017.75
1977,0076,2014-05-27,16.9,5.0,1017.6
1978,0076,2014-05-28,18.3,2.5,1013.8
1979,0076,2014-05-29,18.8,4.2,1014.8499999999999
1980,0076,2014-05-30,17.1,3.3,1017.05
1981,0076,2014-05-31,17.7,4.7,1017.25
1982,0076,2014-06-01,18.6,4.7,1017.25
1983,0076,2014-06-02,20.2,3.9,1017.45
1984,0076,2014-06-03,19.8,3.6,1015.85
1985,0076,2014-06-04,19.1,3.9,1013.2
1986,0076,2014-06-05,19.0,3.1,1014.1500000000001
1987,0076,2014-06-06,19.7,3.1,1015.0999999999999
1988,0076,2014-06-07,21.3,6.1,1015.4
1989,0076,2014-06-08,22.8,3.9,1016.9
1990,0076,2014-06-09,23.4,3.6,1016.1
1991,0076,2014-06-10,22.5,3.3,1016.95
1992,0076,2014-06-11,23.0,2.8,1019.4000000000001
1993,0076,2014-06-12,24.4,4.4,1019.3499999999999
1994,0076,2014-06-13,27.1,6.1,1015.95
1995,0076,2014-06-14,26.3,5.6,1011.6500000000001
1996,0076,2014-06-15,21.9,4.4,1012.7
1997,0076,2014-06-16,22.6,4.7,1014.25
1998,0076,2014-06-17,21.4,2.5,1014.5
1999,0076,2014-06-18,20.0,4.4,1016.7
2000,0076,2014-06-19,21.2,5.6,1017.25
2001,0076,2014-06-20,22.2,6.1,1015.05
2002,0076,2014-06-21,22.8,3.6,1013.7
2003,0076,2014-06-22,23.4,3.6,1015.15
2004,0076,2014-06-23,23.6,5.0,1015.9
2005,0076,2014-06-24,23.6,4.2,1012.4
2006,0076,2014-06-25,22.8,3.3,1010.5
2007,0076,2014-06-26,24.4,5.3,1013.7
2008,0076,2014-06-27,23.2,3.6,1017.1
2009,0076,2014-06-28,23.6,3.1,1013.25
2010,0076,2014-06-29,23.4,5.8,1014.5999999999999
2011,0076,2014-06-30,22.6,5.3,1017.15
2012,0076,2014-07-01,24.4,3.9,1013.5999999999999
2013,0076,2014-07-02,24.2,8.9,1016.0
2014,0076,2014-07-03,25.3,9.2,1016.1
2015,0076,2014-07-04,23.2,7.2,1012.95
2016,0076,2014-07-05,24.0,4.7,1014.2
2017,0076,2014-07-06,24.0,3.3,1011.95
2018,0076,2014-07-07,20.8,3.9,1014.5999999999999
2019,0076,2014-07-08,21.3,3.6,1016.6
2020,0076,2014-07-09,22.1,5.6,1015.55
2021,0076,2014-07-10,22.8,5.8,1014.7
2022,0076,2014-07-11,22.2,5.3,1014.75
2023,0076,2014-07-12,21.9,4.7,1015.75
2024,0076,2014-07-13,22.7,5.6,1015.25
2025,0076,2014-07-14,24.4,4.2,1016.8
2026,0076,2014-07-15,24.2,3.1,1018.65
2027,0076,2014-07-16,24.8,3.6,1018.95
2028,0076,2014-07-17,25.4,5.0,1018.05
2029,0076,2014-07-18,25.8,3.3,1014.45
2030,0076,2014-07-19,26.2,3.9,1010.8
2031,0076,2014-07-20,27.1,6.7,1011.85
2032,0076,2014-07-21,24.0,5.3,1016.5999999999999
2033,0076,2014-07-22,25.2,5.0,1014.65
2034,0076,2014-07-23,24.1,5.6,1011.45
2035,0076,2014-07-24,25.2,3.1,1010.95
2036,0076,2014-07-25,25.6,3.9,1011.6500000000001
2037,0076,2014-07-26,24.8,5.0,1014.2
2038,0076,2014-07-27,25.8,3.9,1015.15
2039,0076,2014-07-28,25.2,5.6,1013.25
2040,0076,2014-07-29,23.2,5.3,1011.8
2041,0076,2014-07-30,24.0,6.7,1012.75
2043,0076,2014-08-01,25.2,3.6,1009.95
2044,0076,2014-08-02,25.4,4.4,1008.15
2045,0076,2014-08-03,24.0,4.4,1011.9000000000001
2046,0076,2014-08-04,25.5,3.9,1015.2
2047,0076,2014-08-05,25.4,4.2,1017.2
2048,0076,2014-08-06,25.0,4.7,1016.0
2049,0076,2014-08-07,26.4,4.4,1014.95
2050,0076,2014-08-08,26.6,3.9,1012.45
2051,0076,2014-08-09,26.4,6.1,1012.3
2052,0076,2014-08-10,26.8,5.6,1010.9000000000001
2053,0076,2014-08-11,26.2,4.7,1014.35
2054,0076,2014-08-12,24.9,2.8,1012.65
2055,0076,2014-08-13,28.2,7.5,1010.8
2056,0076,2014-08-14,23.7,6.1,1016.5999999999999
2057,0076,2014-08-15,23.2,5.3,1018.2
2058,0076,2014-08-16,23.0,3.6,1019.9
2059,0076,2014-08-17,23.0,7.2,1018.0
2060,0076,2014-08-18,25.0,4.7,1012.25
2061,0076,2014-08-19,23.8,4.7,1012.75
2062,0076,2014-08-20,24.1,4.7,1015.6500000000001
2063,0076,2014-08-21,23.0,2.8,1016.35
2064,0076,2014-08-22,20.8,5.8,1014.9000000000001
2065,0076,2014-08-23,22.0,4.7,1018.0
2066,0076,2014-08-24,24.0,5.0,1018.25
2067,0076,2014-08-25,25.8,6.1,1015.5
2068,0076,2014-08-26,25.2,4.7,1011.65
2069,0076,2014-08-27,25.6,3.3,1014.35
2070,0076,2014-08-28,25.1,3.6,1015.5
2071,0076,2014-08-29,25.1,4.2,1016.15
2072,0076,2014-08-30,24.6,3.1,1017.1
2073,0076,2014-08-31,24.5,4.2,1016.15
2074,0076,2014-09-01,24.6,3.9,1014.45
2075,0076,2014-09-02,24.2,3.3,1012.65
2076,0076,2014-09-03,23.7,3.9,1012.25
2077,0076,2014-09-04,24.0,4.2,1013.25
2078,0076,2014-09-05,24.8,3.3,1013.5999999999999
2080,0076,2014-09-07,25.6,4.2,1011.85
2081,0076,2014-09-08,26.0,3.3,1013.8
2082,0076,2014-09-09,24.8,4.2,1015.55
2083,0076,2014-09-10,24.0,4.4,1012.7
2084,0076,2014-09-11,25.4,3.9,1010.75
2085,0076,2014-09-12,24.0,2.8,1013.55
2086,0076,2014-09-13,24.4,3.3,1015.15
2087,0076,2014-09-14,22.6,5.3,1013.3
2088,0076,2014-09-15,22.6,4.2,1012.3
2089,0076,2014-09-16,23.4,4.7,1010.6500000000001
2090,0076,2014-09-17,23.8,3.6,1007.6
2091,0076,2014-09-18,24.5,4.2,1009.05
2092,0076,2014-09-19,24.9,3.6,1011.65
2093,0076,2014-09-20,24.7,4.4,1015.05
2094,0076,2014-09-21,24.3,3.1,1017.35
2095,0076,2014-09-22,20.6,1.9,1014.1
2096,0076,2014-09-23,20.2,2.8,1012.65
2097,0076,2014-09-24,20.6,4.2,1015.5999999999999
2098,0076,2014-09-25,20.4,4.2,1019.25
2099,0076,2014-09-26,19.2,3.3,1022.4
2100,0076,2014-09-27,20.6,4.2,1023.45
2101,0076,2014-09-28,21.6,4.4,1021.75
2102,0076,2014-09-29,22.0,2.8,1021.35
2103,0076,2014-09-30,22.0,3.1,1023.0
2104,0076,2014-10-01,20.9,3.6,1024.3
2105,0076,2014-10-02,21.8,3.6,1023.3
2106,0076,2014-10-03,21.2,3.6,1020.9000000000001
2107,0076,2014-10-04,20.2,5.3,1017.05
2108,0076,2014-10-05,19.6,2.8,1016.05
2109,0076,2014-10-06,21.1,3.3,1012.5
2110,0076,2014-10-07,21.0,5.0,1011.2
2111,0076,2014-10-08,21.0,4.4,1011.45
2112,0076,2014-10-09,21.6,3.3,1011.3
2113,0076,2014-10-10,21.8,3.1,1011.75
2114,0076,2014-10-11,20.8,5.3,1012.45
2115,0076,2014-10-12,22.6,2.5,1009.2
2116,0076,2014-10-13,20.4,5.0,1009.0
2117,0076,2014-10-14,19.2,3.9,1007.5
2118,0076,2014-10-15,19.4,5.8,1010.1500000000001
2119,0076,2014-10-16,21.0,3.9,1012.75
2120,0076,2014-10-17,22.0,3.3,1015.85
2121,0076,2014-10-18,20.4,4.2,1019.55
2122,0076,2014-10-19,20.6,4.7,1022.55
2123,0076,2014-10-20,20.6,5.6,1020.55
2124,0076,2014-10-21,22.4,3.6,1018.45
2125,0076,2014-10-22,20.5,3.9,1020.6500000000001
2126,0076,2014-10-23,18.6,4.2,1018.6
2127,0076,2014-10-24,19.6,3.9,1016.0999999999999
2128,0076,2014-10-25,19.8,4.2,1018.85
2129,0076,2014-10-26,19.4,3.6,1021.55
2130,0076,2014-10-27,18.2,3.6,1021.1500000000001
2131,0076,2014-10-28,18.2,3.3,1017.95
2132,0076,2014-10-29,19.0,3.3,1018.3
2133,0076,2014-10-30,19.0,2.8,1021.9000000000001
2134,0076,2014-10-31,19.4,3.1,1023.8499999999999
2135,0076,2014-11-01,19.2,2.5,1023.05
2136,0076,2014-11-02,18.4,3.3,1019.55
2137,0076,2014-11-03,19.6,5.8,1009.25
2138,0076,2014-11-04,16.6,3.9,997.45
2139,0076,2014-11-05,13.8,2.8,1004.1
2140,0076,2014-11-06,13.0,3.6,1009.95
2147,0076,2014-11-13,14.6,5.6,1011.35
2148,0076,2014-11-14,15.5,3.9,1007.0
2149,0076,2014-11-15,15.4,5.3,1006.3499999999999
2150,0076,2014-11-16,15.4,5.8,1008.15
2151,0076,2014-11-17,13.0,6.4,1007.75
2152,0076,2014-11-18,13.0,4.2,1011.75
2153,0076,2014-11-19,13.6,3.9,1016.9000000000001
2154,0076,2014-11-20,15.1,3.6,1020.8
2155,0076,2014-11-21,17.1,3.6,1019.25
2156,0076,2014-11-22,18.0,4.2,1017.25
2157,0076,2014-11-23,18.5,6.7,1017.25
2158,0076,2014-11-24,19.0,3.9,1015.95
2160,0076,2014-11-26,15.4,3.3,1011.7
2161,0076,2014-11-27,14.6,2.8,1003.7
2162,0076,2014-11-28,17.4,3.9,996.4
2163,0076,2014-11-29,17.4,6.9,997.4000000000001
2164,0076,2014-11-30,15.8,8.1,996.5
2165,0076,2014-12-01,14.9,3.3,998.7
2166,0076,2014-12-02,13.7,3.3,1004.9
2167,0076,2014-12-03,10.4,5.0,1009.5
2168,0076,2014-12-04,10.4,5.8,1010.4
2169,0076,2014-12-05,10.0,4.7,1015.25
2170,0076,2014-12-06,10.3,4.2,1017.45
2171,0076,2014-12-07,10.6,3.6,1020.55
2172,0076,2014-12-08,10.8,3.9,1021.2
2173,0076,2014-12-09,9.9,8.3,1022.25
2174,0076,2014-12-10,8.6,6.1,1026.05
2175,0076,2014-12-11,12.1,3.3,1024.5
2176,0076,2014-12-12,11.4,4.4,1019.85
2177,0076,2014-12-13,10.8,3.3,1014.2
2178,0076,2014-12-14,11.8,5.8,1015.15
2179,0076,2014-12-15,12.6,3.3,1015.85
2180,0076,2014-12-16,11.3,5.0,1013.8499999999999
2181,0076,2014-12-17,10.2,3.1,1018.1
2182,0076,2014-12-18,14.2,4.4,1022.95
2183,0076,2014-12-19,13.2,5.6,1027.3
2184,0076,2014-12-20,11.7,6.1,1029.85
2185,0076,2014-12-21,11.0,5.3,1031.0500000000002
2186,0076,2014-12-22,10.1,3.1,1031.5500000000002
2187,0076,2014-12-23,9.0,5.3,1028.65
2188,0076,2014-12-24,8.6,5.3,1028.25
2189,0076,2014-12-25,8.4,6.1,1028.6999999999998
2190,0076,2014-12-26,8.0,5.8,1027.9
2191,0076,2014-12-27,9.8,2.8,1016.1
2192,0076,2014-12-28,9.1,5.3,1011.75
2193,0076,2014-12-29,7.6,3.9,1024.6
2194,0076,2014-12-30,7.4,5.0,1031.15
2195,0076,2014-12-31,8.1,2.8,1027.75
2196,0076,2015-01-01,7.8,4.2,1033.1
4023,0076,2017-01-01,7.8,3.9,1025.65
4024,0076,2017-01-02,8.6,5.3,1021.5
4025,0076,2017-01-03,8.1,5.0,1022.4000000000001
4026,0076,2017-01-04,10.4,3.9,1021.55
4027,0076,2017-01-05,8.8,3.9,1022.7
4028,0076,2017-01-06,7.6,3.6,1028.15
4029,0076,2017-01-07,7.6,2.5,1029.55
4030,0076,2017-01-08,10.4,4.4,1025.55
4031,0076,2017-01-09,9.2,5.3,1023.0999999999999
4032,0076,2017-01-10,8.6,3.9,1014.0999999999999
4033,0076,2017-01-11,8.2,5.3,1018.25
4034,0076,2017-01-12,12.0,6.9,1018.0
4035,0076,2017-01-13,10.4,7.5,1015.55
4036,0076,2017-01-14,8.4,4.2,1021.2
4037,0076,2017-01-15,8.8,4.4,1020.15
4038,0076,2017-01-16,8.4,2.8,1016.1
4039,0076,2017-01-17,4.8,5.0,1015.95
4040,0076,2017-01-18,5.3,3.6,1020.4
4041,0076,2017-01-19,6.7,11.1,1021.5999999999999
4042,0076,2017-01-20,9.8,11.4,1020.65
4043,0076,2017-01-21,10.7,10.3,1017.0
4044,0076,2017-01-22,9.8,9.2,1015.05
4045,0076,2017-01-23,9.8,3.6,1016.5
4047,0076,2017-01-25,7.2,6.4,1019.65
4048,0076,2017-01-26,7.5,4.2,1018.55
4049,0076,2017-01-27,11.1,3.6,1013.85
4050,0076,2017-01-28,11.4,3.6,1016.8
4051,0076,2017-01-29,10.1,3.9,1024.0500000000002
4052,0076,2017-01-30,11.0,3.3,1020.8
4053,0076,2017-01-31,11.8,4.2,1017.6500000000001
4054,0076,2017-02-01,11.8,3.3,1016.9000000000001
4055,0076,2017-02-02,12.3,5.6,1013.25
4056,0076,2017-02-03,12.8,4.7,1013.8
4057,0076,2017-02-04,14.2,7.2,1010.0999999999999
4058,0076,2017-02-05,12.6,12.8,1008.9
4059,0076,2017-02-06,13.0,5.3,1014.95
4060,0076,2017-02-07,14.6,2.8,1016.5
4061,0076,2017-02-08,12.4,3.6,1016.55
4062,0076,2017-02-09,9.2,3.3,1018.25
4063,0076,2017-02-10,10.0,2.8,1016.55
4064,0076,2017-02-11,10.5,6.9,1014.8
4065,0076,2017-02-12,13.8,9.4,1012.7
4066,0076,2017-02-13,14.2,9.2,1012.6
4067,0076,2017-02-14,13.8,2.8,1021.95
4068,0076,2017-02-15,13.8,4.7,1031.45
4069,0076,2017-02-16,12.5,2.8,1031.8000000000002
4070,0076,2017-02-17,11.7,4.4,1027.5
4071,0076,2017-02-18,11.2,3.3,1022.25
4072,0076,2017-02-19,13.0,3.9,1024.65
4073,0076,2017-02-20,12.0,4.2,1024.85
4074,0076,2017-02-21,12.4,5.0,1023.1500000000001
4075,0076,2017-02-22,13.5,4.7,1020.75
4076,0076,2017-02-23,14.0,4.7,1015.45
4077,0076,2017-02-24,12.2,2.5,1013.8
4078,0076,2017-02-25,10.5,3.6,1019.05
4079,0076,2017-02-26,10.5,6.1,1020.05
4080,0076,2017-02-27,13.3,5.0,1013.7
4081,0076,2017-02-28,14.8,6.9,1011.1500000000001
4082,0076,2017-03-01,11.9,6.1,1017.6
4083,0076,2017-03-02,12.7,4.7,1018.6
4084,0076,2017-03-03,13.7,3.9,1005.8
4085,0076,2017-03-04,11.3,8.3,999.55
4086,0076,2017-03-05,11.2,5.8,1014.65
4087,0076,2017-03-06,17.0,6.9,1016.05
4088,0076,2017-03-07,14.6,5.0,1020.2
4089,0076,2017-03-08,14.2,5.0,1024.1
4090,0076,2017-03-09,14.2,2.8,1023.3499999999999
4091,0076,2017-03-10,15.9,5.3,1019.75
4093,0076,2017-03-12,14.2,4.4,1014.45
4094,0076,2017-03-13,15.6,8.6,1020.4000000000001
4095,0076,2017-03-14,16.0,4.2,1027.25
4096,0076,2017-03-15,14.6,3.3,1026.65
4097,0076,2017-03-16,13.6,4.2,1023.7
4098,0076,2017-03-17,13.4,6.7,1021.65
4099,0076,2017-03-18,13.8,2.2,1019.5
4100,0076,2017-03-19,13.6,4.2,1017.1
4101,0076,2017-03-20,15.0,2.8,1014.1
4102,0076,2017-03-21,13.7,3.6,1013.7
4103,0076,2017-03-22,14.3,4.7,1011.2
4104,0076,2017-03-23,13.5,5.0,1010.05
4105,0076,2017-03-24,9.6,4.7,1012.05
4106,0076,2017-03-25,11.4,3.1,1013.55
4107,0076,2017-03-26,12.3,3.9,1018.5
4108,0076,2017-03-27,13.1,5.8,1020.65
4109,0076,2017-03-28,12.6,3.3,1025.2
4110,0076,2017-03-29,15.4,4.4,1025.5
4111,0076,2017-03-30,15.0,4.7,1024.9
4112,0076,2017-03-31,14.3,3.3,1019.6999999999999
4113,0076,2017-04-01,12.7,3.1,1015.3499999999999
4114,0076,2017-04-02,12.8,4.2,1017.8499999999999
4115,0076,2017-04-03,14.9,6.1,1020.7
4116,0076,2017-04-04,16.4,5.8,1020.45
4117,0076,2017-04-05,15.2,3.1,1019.35
4118,0076,2017-04-06,15.1,3.9,1017.45
4119,0076,2017-04-07,15.0,3.6,1020.05
4120,0076,2017-04-08,14.8,5.0,1021.4
4121,0076,2017-04-09,14.3,5.3,1023.6
4122,0076,2017-04-10,15.1,6.9,1023.1
4123,0076,2017-04-11,16.5,4.4,1020.0999999999999
4124,0076,2017-04-12,16.8,3.6,1019.55
4125,0076,2017-04-13,15.6,2.5,1016.15
4126,0076,2017-04-14,17.2,2.2,1016.0
4127,0076,2017-04-15,16.8,4.2,1018.45
4128,0076,2017-04-16,16.2,5.8,1020.3499999999999
4129,0076,2017-04-17,16.6,4.4,1017.8
4130,0076,2017-04-18,16.5,3.6,1016.8499999999999
4131,0076,2017-04-19,14.0,3.9,1021.05
4132,0076,2017-04-20,13.0,5.3,1025.55
4133,0076,2017-04-21,12.1,4.7,1028.15
4134,0076,2017-04-22,13.3,7.2,1024.0
4135,0076,2017-04-23,15.2,4.2,1018.1500000000001
4136,0076,2017-04-24,15.0,3.6,1016.05
4137,0076,2017-04-25,15.8,4.4,1009.9000000000001
4138,0076,2017-04-26,14.2,6.1,1008.45
4139,0076,2017-04-27,9.6,2.8,1014.3499999999999
4140,0076,2017-04-28,11.3,4.7,1016.8499999999999
4141,0076,2017-04-29,12.8,6.1,1015.1
4142,0076,2017-04-30,16.6,6.1,1010.25
4143,0076,2017-05-01,15.0,3.9,1016.2
4144,0076,2017-05-02,14.6,6.1,1018.4000000000001
4145,0076,2017-05-03,16.4,3.1,1017.55
4146,0076,2017-05-04,15.8,3.3,1014.4
4147,0076,2017-05-05,18.4,9.4,1011.7
4148,0076,2017-05-06,21.0,8.1,1014.25
4149,0076,2017-05-07,16.9,4.2,1019.05
4150,0076,2017-05-08,17.0,3.6,1016.8
4151,0076,2017-05-09,16.3,3.3,1011.2
4152,0076,2017-05-10,18.4,4.2,1005.1
4153,0076,2017-05-11,18.7,4.4,1001.0
4154,0076,2017-05-12,20.0,6.1,1006.35
4155,0076,2017-05-13,20.7,6.7,1014.3499999999999
4156,0076,2017-05-14,20.0,3.6,1022.3
4157,0076,2017-05-15,20.6,3.1,1026.5
4158,0076,2017-05-16,21.8,2.8,1024.7
4159,0076,2017-05-17,21.5,3.1,1019.45
4160,0076,2017-05-18,19.0,3.3,1013.7
4161,0076,2017-05-19,16.7,5.3,1018.5
4163,0076,2017-05-21,18.6,5.0,1020.8499999999999
4164,0076,2017-05-22,20.2,3.3,1017.55
4165,0076,2017-05-23,20.8,5.0,1019.1
4166,0076,2017-05-24,22.5,6.1,1018.4
4167,0076,2017-05-25,22.6,5.6,1014.7
4168,0076,2017-05-26,20.5,5.3,1015.4
4169,0076,2017-05-27,21.8,4.7,1018.3
4170,0076,2017-05-28,21.3,2.8,1018.9000000000001
4171,0076,2017-05-29,21.8,2.8,1016.05
4172,0076,2017-05-30,20.6,5.3,1016.25
4173,0076,2017-05-31,21.2,3.6,1018.8
4174,0076,2017-06-01,21.6,3.1,1019.1500000000001
4175,0076,2017-06-02,22.0,3.6,1017.3
4176,0076,2017-06-03,25.2,5.0,1015.55
4177,0076,2017-06-04,22.6,3.9,1015.5
4178,0076,2017-06-05,20.8,5.3,1013.6
4179,0076,2017-06-06,23.0,5.8,1014.5
4180,0076,2017-06-07,20.3,3.9,1020.3499999999999
4181,0076,2017-06-08,22.0,5.0,1017.5
4182,0076,2017-06-09,22.4,3.6,1015.95
4183,0076,2017-06-10,22.6,5.3,1017.65
4184,0076,2017-06-11,24.0,4.7,1016.5
4185,0076,2017-06-12,24.6,3.3,1015.9
4186,0076,2017-06-13,25.6,3.9,1013.75
4187,0076,2017-06-14,26.2,4.4,1013.6
4188,0076,2017-06-15,26.6,3.9,1016.0999999999999
4189,0076,2017-06-16,27.8,4.4,1018.7
4190,0076,2017-06-17,27.0,3.6,1016.5999999999999
4191,0076,2017-06-18,26.1,3.9,1016.3
4192,0076,2017-06-19,25.4,3.6,1018.8499999999999
4193,0076,2017-06-20,26.3,5.8,1017.95
4194,0076,2017-06-21,26.9,5.8,1015.8
4195,0076,2017-06-22,25.4,5.8,1017.45
4196,0076,2017-06-23,26.2,6.9,1018.6500000000001
4197,0076,2017-06-24,25.5,4.4,1016.8499999999999
4198,0076,2017-06-25,25.0,3.9,1015.35
4199,0076,2017-06-26,26.5,2.8,1010.4000000000001
4200,0076,2017-06-27,26.4,3.3,1006.65
4201,0076,2017-06-28,26.2,6.4,1004.65
4202,0076,2017-06-29,23.6,7.2,1008.7
4203,0076,2017-06-30,22.5,6.9,1014.0
4204,0076,2017-07-01,21.8,5.3,1019.25
4205,0076,2017-07-02,22.3,5.8,1021.3
4206,0076,2017-07-03,23.0,5.8,1021.3
4207,0076,2017-07-04,23.6,4.4,1018.55
4208,0076,2017-07-05,23.6,4.2,1017.05
4209,0076,2017-07-06,25.7,3.6,1017.0
4210,0076,2017-07-07,25.8,5.8,1017.15
4211,0076,2017-07-08,26.7,7.8,1014.15
4212,0076,2017-07-09,26.2,3.9,1012.5
4213,0076,2017-07-10,25.6,2.5,1013.45
4214,0076,2017-07-11,26.6,4.2,1015.2
4215,0076,2017-07-12,26.3,4.4,1017.2
4216,0076,2017-07-13,26.6,5.0,1017.05
4217,0076,2017-07-14,27.0,4.4,1017.45
4218,0076,2017-07-15,27.4,5.3,1017.5
4219,0076,2017-07-16,27.0,3.3,1019.0999999999999
4220,0076,2017-07-17,26.6,4.2,1018.5
4221,0076,2017-07-18,26.6,3.9,1016.2
4222,0076,2017-07-19,26.7,5.3,1013.55
4223,0076,2017-07-20,27.1,8.1,1011.8499999999999
4224,0076,2017-07-21,26.6,3.3,1011.4000000000001
4225,0076,2017-07-22,26.0,4.2,1014.2
4226,0076,2017-07-23,24.3,3.3,1016.7
4227,0076,2017-07-24,25.0,5.0,1014.45
4228,0076,2017-07-25,25.0,5.8,1013.9000000000001
4229,0076,2017-07-26,24.4,4.7,1013.7
4230,0076,2017-07-27,25.0,5.6,1013.3499999999999
4231,0076,2017-07-28,26.8,3.6,1015.3
4232,0076,2017-07-29,26.0,3.3,1015.1
4233,0076,2017-07-30,26.9,4.2,1012.55
4234,0076,2017-07-31,27.4,7.2,1010.55
4235,0076,2017-08-01,27.8,6.7,1013.45
4236,0076,2017-08-02,28.4,3.6,1016.35
4237,0076,2017-08-03,30.0,5.0,1014.75
4238,0076,2017-08-04,29.0,3.9,1013.75
4239,0076,2017-08-05,29.8,5.3,1014.1
4240,0076,2017-08-06,28.2,4.2,1015.65
4241,0076,2017-08-07,27.4,3.9,1013.25
4242,0076,2017-08-08,26.1,5.3,1012.35
4243,0076,2017-08-09,22.7,4.7,1017.3499999999999
4244,0076,2017-08-10,22.0,6.4,1018.9000000000001
4245,0076,2017-08-11,22.2,5.3,1020.15
4246,0076,2017-08-12,23.8,3.9,1020.45
4247,0076,2017-08-13,24.2,4.2,1018.3499999999999
4248,0076,2017-08-14,24.8,3.3,1017.8499999999999
4249,0076,2017-08-15,24.8,4.2,1018.05
4250,0076,2017-08-16,26.4,4.7,1018.1500000000001
4251,0076,2017-08-17,26.6,4.2,1018.3
4252,0076,2017-08-18,26.8,5.3,1015.6500000000001
4253,0076,2017-08-19,26.8,3.9,1018.0
4254,0076,2017-08-20,26.0,3.6,1020.15
4255,0076,2017-08-21,26.0,4.2,1018.8499999999999
4256,0076,2017-08-22,26.1,4.7,1016.5999999999999
4257,0076,2017-08-23,25.8,5.3,1016.45
4258,0076,2017-08-24,26.6,3.9,1016.7
4259,0076,2017-08-25,25.9,3.9,1016.6
4260,0076,2017-08-26,26.8,3.6,1015.65
4261,0076,2017-08-27,26.6,4.2,1014.9
4262,0076,2017-08-28,27.3,3.1,1014.0
4263,0076,2017-08-29,27.9,3.3,1013.2
4264,0076,2017-08-30,25.5,5.0,1014.5
4265,0076,2017-08-31,22.3,5.8,1016.0999999999999
4266,0076,2017-09-01,23.0,4.2,1017.7
4267,0076,2017-09-02,22.1,5.3,1018.3499999999999
4268,0076,2017-09-03,22.6,4.4,1015.3499999999999
4269,0076,2017-09-04,24.2,5.3,1016.25
4270,0076,2017-09-05,24.4,6.4,1020.0999999999999
4271,0076,2017-09-06,25.6,4.2,1019.8
4272,0076,2017-09-07,22.8,5.0,1016.5
4273,0076,2017-09-08,22.7,3.6,1012.15
4274,0076,2017-09-09,22.0,4.7,1005.8499999999999
4275,0076,2017-09-10,21.7,5.0,1007.6500000000001
4276,0076,2017-09-11,22.4,5.6,1009.8499999999999
4277,0076,2017-09-12,21.8,4.4,1015.85
4278,0076,2017-09-13,22.8,6.9,1020.35
4279,0076,2017-09-14,22.8,6.4,1016.2
4280,0076,2017-09-15,15.6,4.4,1014.8
4281,0076,2017-09-16,16.9,3.9,1014.3
4282,0076,2017-09-17,17.9,6.9,1017.1
4283,0076,2017-09-18,20.2,6.4,1017.3499999999999
4284,0076,2017-09-19,19.8,3.6,1019.5
4285,0076,2017-09-20,19.8,3.6,1019.35
4286,0076,2017-09-21,21.4,5.6,1017.55
4287,0076,2017-09-22,21.6,4.2,1019.7
4288,0076,2017-09-23,21.3,4.2,1019.7
4289,0076,2017-09-24,22.3,5.3,1018.7
4290,0076,2017-09-25,22.0,6.1,1017.75
4291,0076,2017-09-26,21.4,4.4,1020.05
4292,0076,2017-09-27,21.2,3.9,1022.0
4293,0076,2017-09-28,21.8,3.3,1024.05
4294,0076,2017-09-29,21.4,4.4,1021.8
4295,0076,2017-09-30,20.8,4.4,1019.1500000000001
4296,0076,2017-10-01,20.0,2.8,1020.5
4297,0076,2017-10-02,22.0,3.1,1022.4
4298,0076,2017-10-03,22.5,3.1,1021.2
4299,0076,2017-10-04,22.4,3.1,1023.25
4300,0076,2017-10-05,22.1,5.6,1020.5
4301,0076,2017-10-06,22.6,4.7,1017.6
4302,0076,2017-10-07,19.7,3.3,1021.0999999999999
4303,0076,2017-10-08,19.0,5.0,1019.7
4304,0076,2017-10-09,19.8,4.4,1019.4
4305,0076,2017-10-10,21.0,2.8,1020.1
4306,0076,2017-10-11,21.2,5.8,1022.4
4307,0076,2017-10-12,21.7,4.4,1025.05
4308,0076,2017-10-13,21.8,2.8,1025.4
4309,0076,2017-10-14,21.7,4.2,1026.3000000000002
4310,0076,2017-10-15,21.1,3.3,1026.9
4311,0076,2017-10-16,21.4,3.3,1026.1
4312,0076,2017-10-17,20.6,3.3,1021.8000000000001
4313,0076,2017-10-18,20.2,2.5,1014.4000000000001
4314,0076,2017-10-19,18.4,4.2,1008.75
4315,0076,2017-10-20,19.8,2.5,1016.25
4316,0076,2017-10-21,19.6,3.9,1020.45
4317,0076,2017-10-22,18.9,5.0,1023.3
4318,0076,2017-10-23,17.2,4.7,1023.6
4319,0076,2017-10-24,17.8,4.2,1022.95
4320,0076,2017-10-25,18.6,3.1,1023.7
4321,0076,2017-10-26,19.2,3.6,1025.6
4322,0076,2017-10-27,20.2,3.3,1024.25
4323,0076,2017-10-28,19.1,3.9,1022.8
4324,0076,2017-10-29,18.8,3.9,1018.5
4325,0076,2017-10-30,16.8,3.9,1017.55
4326,0076,2017-10-31,16.2,2.5,1021.4
4327,0076,2017-11-01,15.9,3.9,1022.2
4328,0076,2017-11-02,18.8,5.0,1018.9000000000001
4329,0076,2017-11-03,18.2,4.7,1014.55
4330,0076,2017-11-04,19.4,4.4,1010.85
4331,0076,2017-11-05,16.7,2.5,1013.0999999999999
4332,0076,2017-11-06,13.5,5.3,1015.5
4333,0076,2017-11-07,11.7,3.3,1016.15
4334,0076,2017-11-08,10.8,4.4,1019.0
4335,0076,2017-11-09,11.8,3.6,1021.75
4336,0076,2017-11-10,11.6,3.1,1023.8
4337,0076,2017-11-11,13.0,3.6,1020.75
4338,0076,2017-11-12,15.4,3.9,1013.5
4339,0076,2017-11-13,13.7,5.8,1010.65
4340,0076,2017-11-14,12.0,3.3,1017.05
4341,0076,2017-11-15,11.0,2.8,1018.5
4342,0076,2017-11-16,11.6,3.3,1020.2
4343,0076,2017-11-17,12.6,3.3,1018.8
4344,0076,2017-11-18,13.8,2.5,1019.5
4345,0076,2017-11-19,12.8,3.6,1021.0
4346,0076,2017-11-20,12.9,3.6,1022.45
4347,0076,2017-11-21,13.8,3.9,1020.05
4348,0076,2017-11-22,13.2,4.4,1016.55
4349,0076,2017-11-23,14.5,6.4,1016.75
4350,0076,2017-11-24,15.5,3.9,1017.35
4351,0076,2017-11-25,13.7,2.8,1018.2
4352,0076,2017-11-26,11.4,3.1,1025.75
4353,0076,2017-11-27,9.7,4.2,1026.3
4354,0076,2017-11-28,10.8,4.2,1016.0999999999999
4355,0076,2017-11-29,9.4,3.9,1007.55
4356,0076,2017-11-30,9.1,3.3,1011.7
4357,0076,2017-12-01,5.6,2.5,1011.55
4358,0076,2017-12-02,6.8,5.3,1014.15
4359,0076,2017-12-03,8.4,5.6,1023.3499999999999
4360,0076,2017-12-04,8.5,4.4,1031.9499999999998
4361,0076,2017-12-05,8.4,3.3,1035.15
4362,0076,2017-12-06,8.8,4.2,1033.2
4363,0076,2017-12-07,9.8,5.3,1028.9
4364,0076,2017-12-08,8.8,4.7,1023.05
4365,0076,2017-12-09,9.0,3.6,1020.8
4366,0076,2017-12-10,13.3,5.3,1006.75
4367,0076,2017-12-11,12.5,6.4,996.1
4368,0076,2017-12-12,8.5,2.2,1012.95
4369,0076,2017-12-13,8.7,6.1,1016.3
4371,0076,2017-12-15,12.4,2.8,1006.75
4372,0076,2017-12-16,9.6,5.8,1015.75
4373,0076,2017-12-17,9.7,3.6,1025.85
4374,0076,2017-12-18,7.2,3.3,1025.0
4375,0076,2017-12-19,7.8,4.2,1028.65
4376,0076,2017-12-20,8.5,5.0,1031.4499999999998
4377,0076,2017-12-21,11.8,2.2,1032.25
4378,0076,2017-12-22,11.6,4.2,1031.8
4379,0076,2017-12-23,10.6,3.9,1033.35
4380,0076,2017-12-24,9.8,5.6,1031.05
4381,0076,2017-12-25,11.0,3.1,1023.5999999999999
4382,0076,2017-12-26,10.8,2.5,1011.8
4383,0076,2017-12-27,11.0,8.3,1002.0
4384,0076,2017-12-28,9.0,3.1,1009.45
4385,0076,2017-12-29,10.3,4.2,1017.8
4386,0076,2017-12-30,15.2,3.1,1021.9
4387,0076,2017-12-31,13.0,6.1,1019.15
5486,0076,2015-01-02,9.8,2.5,1035.65
5487,0076,2015-01-03,11.8,3.3,1032.75
5488,0076,2015-01-04,11.4,5.3,1030.4499999999998
5489,0076,2015-01-05,10.3,4.2,1028.45
5490,0076,2015-01-06,9.8,5.3,1026.2
5491,0076,2015-01-07,10.2,3.6,1030.6
5492,0076,2015-01-08,8.4,6.1,1036.35
5493,0076,2015-01-09,9.3,4.4,1038.4
5494,0076,2015-01-10,12.5,2.5,1030.8000000000002
5495,0076,2015-01-11,11.4,5.8,1029.35
5496,0076,2015-01-12,10.5,6.4,1031.5
5497,0076,2015-01-13,11.9,5.8,1025.5500000000002
5498,0076,2015-01-14,12.5,3.3,1024.2
5499,0076,2015-01-15,10.9,3.9,1017.45
5500,0076,2015-01-16,11.0,3.6,1011.1
5501,0076,2015-01-17,8.4,3.3,1017.8
5502,0076,2015-01-18,7.6,5.0,1014.75
5503,0076,2015-01-19,7.1,4.7,1008.5
5504,0076,2015-01-20,8.0,5.0,1008.4
5505,0076,2015-01-21,7.3,2.8,1006.5
5506,0076,2015-01-22,8.0,4.7,1009.9
5507,0076,2015-01-23,8.6,4.7,1015.3499999999999
5508,0076,2015-01-24,9.8,6.4,1018.05
5509,0076,2015-01-25,12.0,2.8,1019.9
5510,0076,2015-01-26,9.0,3.3,1024.7
5511,0076,2015-01-27,9.8,5.0,1022.25
5512,0076,2015-01-28,9.0,2.5,1019.15
5513,0076,2015-01-29,11.5,5.8,1003.55
5514,0076,2015-01-30,13.6,8.6,990.85
5515,0076,2015-01-31,11.0,3.9,990.95
5516,0076,2015-02-01,9.2,6.9,1002.95
5517,0076,2015-02-02,7.5,3.3,1005.0999999999999
5518,0076,2015-02-03,6.6,3.3,998.0
5519,0076,2015-02-04,4.9,5.3,997.6500000000001
5520,0076,2015-02-05,7.4,3.3,1001.55
5521,0076,2015-02-06,5.1,4.7,1008.8
5522,0076,2015-02-07,6.1,3.6,1017.4000000000001
5523,0076,2015-02-08,8.2,5.0,1018.1
5524,0076,2015-02-09,8.0,4.7,1023.8
5525,0076,2015-02-10,9.2,5.6,1023.9
5526,0076,2015-02-11,9.4,3.1,1022.65
5527,0076,2015-02-12,9.4,3.3,1020.7
5528,0076,2015-02-13,12.2,4.7,1018.95
5529,0076,2015-02-14,10.8,3.1,1013.2
5530,0076,2015-02-15,11.3,2.2,1009.55
5531,0076,2015-02-16,10.0,2.5,1014.95
5532,0076,2015-02-17,12.3,3.6,1023.6
5533,0076,2015-02-18,12.0,4.2,1031.1
5534,0076,2015-02-19,9.6,3.9,1030.4
5535,0076,2015-02-20,8.9,5.0,1020.45
5536,0076,2015-02-21,9.2,3.3,1007.4
5537,0076,2015-02-22,10.4,3.6,1007.7
5538,0076,2015-02-23,12.4,4.2,1008.6
5539,0076,2015-02-24,11.6,7.8,1013.55
5540,0076,2015-02-25,13.2,5.3,1016.15
5541,0076,2015-02-26,12.0,3.1,1017.05
5542,0076,2015-02-27,12.9,4.4,1015.55
5543,0076,2015-02-28,9.0,5.6,1020.25
5544,0076,2015-03-01,13.2,4.7,1019.65
5545,0076,2015-03-02,18.4,5.3,1020.8000000000001
5546,0076,2015-03-03,13.8,1.7,1024.75
5547,0076,2015-03-04,10.4,3.6,1025.7
5548,0076,2015-03-05,12.3,4.7,1026.25
5549,0076,2015-03-06,10.6,5.3,1030.05
5550,0076,2015-03-07,11.4,4.2,1028.0500000000002
5551,0076,2015-03-08,11.4,3.6,1024.7
5552,0076,2015-03-09,12.0,4.4,1023.9000000000001
5553,0076,2015-03-10,13.2,5.3,1024.9
5554,0076,2015-03-11,11.9,3.1,1022.4499999999999
5555,0076,2015-03-12,13.8,3.9,1020.25
5556,0076,2015-03-13,12.6,3.6,1020.5
5557,0076,2015-03-14,8.8,4.2,1019.3
5558,0076,2015-03-15,8.6,4.7,1016.65
5559,0076,2015-03-16,9.4,5.0,1018.65
5560,0076,2015-03-17,10.0,3.3,1020.75
5561,0076,2015-03-18,14.2,9.4,1020.05
5562,0076,2015-03-19,14.6,10.0,1018.3
5563,0076,2015-03-20,14.4,12.2,1014.4000000000001
5564,0076,2015-03-21,14.0,9.4,1010.1
5565,0076,2015-03-22,13.5,8.1,1010.8499999999999
5566,0076,2015-03-23,14.0,8.6,1010.5
5567,0076,2015-03-24,13.2,8.1,1005.1
5568,0076,2015-03-25,11.6,3.6,1003.7
5569,0076,2015-03-26,11.0,6.4,1011.2
5571,0076,2015-03-28,14.8,3.1,1021.1
5572,0076,2015-03-29,15.0,1.7,1020.5
5573,0076,2015-03-30,18.0,2.2,1019.55
5574,0076,2015-03-31,16.9,5.3,1022.0
5575,0076,2015-04-01,14.8,4.7,1024.65
5576,0076,2015-04-02,13.5,5.8,1023.9
5577,0076,2015-04-03,13.0,4.7,1018.95
5578,0076,2015-04-04,13.9,3.3,1013.6
5579,0076,2015-04-05,13.2,5.0,1013.25
5580,0076,2015-04-06,12.6,5.8,1020.45
5581,0076,2015-04-07,12.4,5.8,1027.8
5582,0076,2015-04-08,11.8,5.0,1029.6999999999998
5583,0076,2015-04-09,11.1,4.4,1027.95
5584,0076,2015-04-10,12.9,4.2,1025.3
5585,0076,2015-04-11,14.2,5.3,1025.5
5586,0076,2015-04-12,15.0,3.9,1028.1999999999998
5587,0076,2015-04-13,14.6,4.2,1029.2
5588,0076,2015-04-14,15.6,3.6,1025.75
5589,0076,2015-04-15,16.0,6.7,1020.05
5590,0076,2015-04-16,16.9,2.8,1015.3499999999999
5591,0076,2015-04-17,17.5,3.9,1016.45
5592,0076,2015-04-18,16.7,3.9,1014.45
5593,0076,2015-04-19,16.8,5.0,1014.4000000000001
5594,0076,2015-04-20,14.9,3.6,1020.95
5595,0076,2015-04-21,17.4,3.3,1023.5
5596,0076,2015-04-22,16.8,3.6,1021.65
5597,0076,2015-04-23,15.4,3.6,1017.7
5598,0076,2015-04-24,16.8,5.8,1015.45
5599,0076,2015-04-25,18.0,5.0,1012.75
5600,0076,2015-04-26,17.4,2.5,1007.25
5601,0076,2015-04-27,18.8,4.7,1006.3
5602,0076,2015-04-28,15.6,4.2,1015.15
5603,0076,2015-04-29,15.2,5.6,1018.7
5604,0076,2015-04-30,16.9,5.6,1018.85
5605,0076,2015-05-01,17.4,7.2,1013.6500000000001
5606,0076,2015-05-02,19.8,5.0,1012.65
5607,0076,2015-05-03,21.4,5.3,1009.5999999999999
5608,0076,2015-05-04,18.5,4.4,1008.4
5609,0076,2015-05-05,22.8,4.7,1009.6500000000001
5610,0076,2015-05-06,19.2,4.4,1016.75
5611,0076,2015-05-07,17.9,4.4,1018.7
5612,0076,2015-05-08,19.0,6.4,1018.05
5613,0076,2015-05-09,20.0,4.7,1023.25
5614,0076,2015-05-10,20.1,5.3,1023.3
5615,0076,2015-05-11,20.2,4.7,1022.25
5616,0076,2015-05-12,19.4,3.6,1022.6
5617,0076,2015-05-13,20.4,7.2,1020.1
5618,0076,2015-05-14,21.8,4.7,1011.8
5619,0076,2015-05-15,21.4,5.6,1014.55
5620,0076,2015-05-16,19.6,5.8,1020.3
5621,0076,2015-05-17,19.3,4.2,1020.7
5622,0076,2015-05-18,18.6,6.7,1014.4
5623,0076,2015-05-19,17.8,3.9,1012.2
5625,0076,2015-05-21,16.5,6.7,1021.35
5626,0076,2015-05-22,17.2,5.3,1020.4
5627,0076,2015-05-23,17.6,5.3,1016.25
5628,0076,2015-05-24,19.3,4.2,1016.25
5629,0076,2015-05-25,20.2,5.0,1014.8499999999999
5630,0076,2015-05-26,20.0,4.7,1015.6
5631,0076,2015-05-27,18.8,5.0,1018.35
5632,0076,2015-05-28,19.0,5.8,1018.1500000000001
5633,0076,2015-05-29,18.9,3.9,1015.35
5634,0076,2015-05-30,19.6,3.3,1016.9000000000001
5635,0076,2015-05-31,19.6,2.8,1017.5
5636,0076,2015-06-01,21.6,4.7,1018.35
5637,0076,2015-06-02,20.6,5.0,1019.7
5639,0076,2015-06-04,23.0,3.6,1020.7
5640,0076,2015-06-05,23.2,5.3,1019.4000000000001
5641,0076,2015-06-06,23.4,3.3,1020.6
5642,0076,2015-06-07,24.4,3.1,1020.2
5643,0076,2015-06-08,25.6,3.9,1016.75
5644,0076,2015-06-09,24.7,3.1,1014.65
5645,0076,2015-06-10,23.8,4.7,1014.75
5646,0076,2015-06-11,24.3,7.8,1011.3
5647,0076,2015-06-12,22.4,5.8,1010.15
5648,0076,2015-06-13,22.4,3.9,1010.5999999999999
5649,0076,2015-06-14,22.9,5.8,1010.45
5650,0076,2015-06-15,22.0,3.6,1015.0
5651,0076,2015-06-16,21.2,3.9,1018.0999999999999
5652,0076,2015-06-17,21.3,5.6,1019.5
5653,0076,2015-06-18,22.7,6.1,1018.45
5654,0076,2015-06-19,22.9,3.9,1016.05
5655,0076,2015-06-20,23.4,5.3,1017.6
5656,0076,2015-06-21,22.8,4.4,1018.2
5657,0076,2015-06-22,23.4,5.6,1014.85
5658,0076,2015-06-23,25.4,2.5,1012.35
5659,0076,2015-06-24,23.3,4.7,1017.45
5660,0076,2015-06-25,23.3,3.3,1020.5999999999999
5661,0076,2015-06-26,24.0,4.7,1019.7
5664,0076,2015-06-29,27.4,3.9,1019.3
5665,0076,2015-06-30,27.0,3.6,1017.3
5666,0076,2015-07-01,25.6,4.4,1017.3499999999999
5667,0076,2015-07-02,27.0,7.5,1019.8
5668,0076,2015-07-03,26.8,3.9,1021.8
5669,0076,2015-07-04,28.4,4.4,1020.75
5670,0076,2015-07-05,28.2,5.8,1017.75
5671,0076,2015-07-06,28.0,6.1,1017.55
5672,0076,2015-07-07,27.6,6.9,1014.1
5673,0076,2015-07-08,26.6,4.4,1014.8
5674,0076,2015-07-09,26.6,6.9,1016.0
5675,0076,2015-07-10,26.0,5.8,1016.0999999999999
5676,0076,2015-07-11,25.9,4.7,1018.65
5677,0076,2015-07-12,26.6,3.9,1017.9
5678,0076,2015-07-13,27.0,3.9,1017.7
5679,0076,2015-07-14,26.9,3.6,1017.45
5680,0076,2015-07-15,27.6,4.2,1016.0
5681,0076,2015-07-16,26.9,4.2,1015.75
5682,0076,2015-07-17,27.3,3.3,1017.0
5683,0076,2015-07-18,27.7,4.2,1015.5999999999999
5684,0076,2015-07-19,27.4,3.9,1014.7
5685,0076,2015-07-20,28.0,3.3,1014.5999999999999
5686,0076,2015-07-21,28.4,3.6,1013.95
5687,0076,2015-07-22,28.4,5.0,1014.55
5688,0076,2015-07-23,28.0,5.8,1013.15
5689,0076,2015-07-24,28.6,5.0,1009.15
5690,0076,2015-07-25,26.6,3.3,1013.2
5691,0076,2015-07-26,26.7,6.7,1013.35
5692,0076,2015-07-27,26.6,6.4,1012.3499999999999
5693,0076,2015-07-28,26.2,2.5,1012.85
5694,0076,2015-07-29,28.2,3.9,1011.0999999999999
5695,0076,2015-07-30,25.0,5.3,1012.5999999999999
5696,0076,2015-07-31,24.0,3.6,1011.25
5697,0076,2015-08-01,22.8,3.9,1013.55
5698,0076,2015-08-02,24.2,5.6,1016.3499999999999
5699,0076,2015-08-03,26.3,5.0,1015.55
5700,0076,2015-08-04,27.4,4.7,1014.65
5701,0076,2015-08-05,26.4,4.2,1014.0
5702,0076,2015-08-06,26.2,3.3,1014.4
5703,0076,2015-08-07,27.3,4.2,1014.1500000000001
5704,0076,2015-08-08,26.2,2.8,1017.15
5705,0076,2015-08-09,24.7,4.4,1017.85
5706,0076,2015-08-10,25.4,4.4,1015.1
5707,0076,2015-08-11,25.5,3.9,1014.45
5708,0076,2015-08-12,27.6,4.4,1016.1500000000001
5709,0076,2015-08-13,27.8,5.0,1012.7
5710,0076,2015-08-14,25.2,5.3,1013.0
5711,0076,2015-08-15,22.6,5.0,1013.15
5712,0076,2015-08-16,22.5,5.0,1012.75
5713,0076,2015-08-17,23.8,5.3,1012.4
5714,0076,2015-08-18,20.9,3.3,1014.5
5715,0076,2015-08-19,22.8,5.6,1018.3499999999999
5716,0076,2015-08-20,24.6,5.3,1020.4
5717,0076,2015-08-21,25.8,4.2,1019.3499999999999
5718,0076,2015-08-22,26.2,2.2,1014.05
5719,0076,2015-08-23,26.0,5.6,1007.6
5720,0076,2015-08-24,28.0,5.8,1010.9
5721,0076,2015-08-25,23.4,4.2,1018.55
5722,0076,2015-08-26,24.6,6.1,1016.8
5723,0076,2015-08-27,26.0,4.7,1015.3499999999999
5724,0076,2015-08-28,25.8,3.1,1017.55
5725,0076,2015-08-29,26.0,3.9,1019.4
5726,0076,2015-08-30,25.2,4.4,1017.6500000000001
5727,0076,2015-08-31,26.4,3.9,1013.8
5728,0076,2015-09-01,26.2,3.6,1014.25
5729,0076,2015-09-02,23.2,3.3,1014.85
5730,0076,2015-09-03,22.8,7.2,1013.55
5731,0076,2015-09-04,20.8,3.3,1015.1
5732,0076,2015-09-05,20.8,4.2,1018.35
5733,0076,2015-09-06,21.2,3.9,1020.7
5734,0076,2015-09-07,21.0,5.6,1020.0999999999999
5735,0076,2015-09-08,21.6,3.3,1017.55
5736,0076,2015-09-09,21.0,3.9,1015.3499999999999
5737,0076,2015-09-10,19.8,3.6,1015.15
5738,0076,2015-09-11,21.8,3.6,1015.5999999999999
5739,0076,2015-09-12,24.4,3.9,1013.8
5740,0076,2015-09-13,23.1,4.7,1008.8
5741,0076,2015-09-14,23.7,4.2,1010.3
5742,0076,2015-09-15,21.6,3.6,1009.2
5743,0076,2015-09-16,24.3,5.6,1003.6
5744,0076,2015-09-17,24.4,4.7,1008.75
5745,0076,2015-09-18,20.6,4.2,1018.9
5746,0076,2015-09-19,20.4,5.0,1022.05
5747,0076,2015-09-20,21.2,4.4,1020.0999999999999
5748,0076,2015-09-21,21.4,3.6,1016.0999999999999
5749,0076,2015-09-22,21.2,5.3,1011.75
5750,0076,2015-09-23,20.3,4.7,1013.5
5751,0076,2015-09-24,19.8,5.6,1017.3499999999999
5752,0076,2015-09-25,19.0,3.9,1016.9000000000001
5753,0076,2015-09-26,20.8,3.1,1017.6
5754,0076,2015-09-27,20.4,2.8,1020.0
5755,0076,2015-09-28,19.8,5.3,1021.8
5756,0076,2015-09-29,19.0,6.4,1019.0
5757,0076,2015-09-30,18.4,6.7,1017.8
5758,0076,2015-10-01,18.1,3.1,1020.55
5759,0076,2015-10-02,19.2,3.6,1017.55
5760,0076,2015-10-03,20.0,3.9,1015.9
5761,0076,2015-10-04,19.2,2.8,1017.95
5762,0076,2015-10-05,22.6,4.4,1012.9
5763,0076,2015-10-06,23.8,6.1,1010.6500000000001
5764,0076,2015-10-07,20.4,3.6,1015.8
5765,0076,2015-10-08,19.0,4.2,1016.75
5766,0076,2015-10-09,18.2,2.8,1013.7
5767,0076,2015-10-10,18.1,6.1,1010.4000000000001
5768,0076,2015-10-11,18.8,4.4,1007.0
5769,0076,2015-10-12,20.9,4.7,1009.75
5770,0076,2015-10-13,19.5,2.5,1012.15
5771,0076,2015-10-14,16.5,4.4,1011.3
5772,0076,2015-10-15,14.2,3.6,1014.6
5773,0076,2015-10-16,14.9,4.7,1016.5
5774,0076,2015-10-17,15.2,2.8,1015.8
5775,0076,2015-10-18,19.4,3.1,1013.25
5776,0076,2015-10-19,18.6,5.6,1011.95
5777,0076,2015-10-20,17.2,3.3,1014.55
5778,0076,2015-10-21,15.9,3.6,1016.3
5779,0076,2015-10-22,15.3,3.9,1017.8
5780,0076,2015-10-23,16.8,4.2,1019.75
5781,0076,2015-10-24,17.0,2.5,1020.2
5782,0076,2015-10-25,17.4,3.9,1020.5
5783,0076,2015-10-26,17.8,4.4,1016.3
5784,0076,2015-10-27,19.0,2.8,1013.0
5785,0076,2015-10-28,17.6,5.0,1014.15
5786,0076,2015-10-29,16.1,4.2,1017.8
5787,0076,2015-10-30,17.2,3.6,1020.6500000000001
5788,0076,2015-10-31,16.8,4.4,1022.7
5789,0076,2015-11-01,17.2,8.6,1025.1
5790,0076,2015-11-02,18.3,10.0,1020.25
5791,0076,2015-11-03,17.5,2.5,1019.25
5792,0076,2015-11-04,17.0,4.7,1019.9
5793,0076,2015-11-05,17.2,2.5,1021.8
5794,0076,2015-11-06,17.1,3.3,1025.05
5795,0076,2015-11-07,16.8,2.8,1027.6
5796,0076,2015-11-08,17.0,3.6,1029.85
5797,0076,2015-11-09,17.3,3.9,1030.95
5798,0076,2015-11-10,17.9,3.6,1027.35
5799,0076,2015-11-11,16.2,3.3,1025.05
5800,0076,2015-11-12,15.8,3.1,1025.85
5801,0076,2015-11-13,15.6,3.3,1029.25
5802,0076,2015-11-14,15.6,3.9,1029.85
5803,0076,2015-11-15,14.8,4.7,1024.3
5804,0076,2015-11-16,16.2,3.3,1020.6
5805,0076,2015-11-17,15.4,3.9,1023.25
5806,0076,2015-11-18,14.0,3.9,1025.65
5807,0076,2015-11-19,15.0,3.9,1026.85
5808,0076,2015-11-20,16.1,4.2,1019.15
5809,0076,2015-11-21,14.6,10.8,1005.95
5810,0076,2015-11-22,10.4,4.4,1011.05
5811,0076,2015-11-23,8.9,4.2,1018.1500000000001
5812,0076,2015-11-24,8.8,3.9,1022.95
5813,0076,2015-11-25,11.2,2.8,1015.5
5814,0076,2015-11-26,11.8,3.6,1011.0
5815,0076,2015-11-27,11.2,4.7,1014.45
5816,0076,2015-11-28,11.5,3.6,1021.35
5817,0076,2015-11-29,10.8,3.3,1030.8
5818,0076,2015-11-30,10.6,4.7,1033.4
5819,0076,2015-12-01,11.4,4.7,1031.1
5820,0076,2015-12-02,11.0,3.1,1028.9
5821,0076,2015-12-03,11.4,3.3,1030.35
5822,0076,2015-12-04,12.0,2.8,1033.15
5823,0076,2015-12-05,12.3,3.1,1032.25
5824,0076,2015-12-06,13.0,2.2,1031.1
5825,0076,2015-12-07,14.0,2.2,1030.9
5826,0076,2015-12-08,14.9,3.1,1032.2
5827,0076,2015-12-09,14.6,4.7,1035.6
5828,0076,2015-12-10,11.8,3.6,1034.15
5829,0076,2015-12-11,12.5,3.9,1032.55
5830,0076,2015-12-12,11.0,4.4,1027.2
5831,0076,2015-12-13,11.4,2.8,1021.8499999999999
5832,0076,2015-12-14,9.4,3.6,1022.4499999999999
5833,0076,2015-12-15,12.4,3.6,1026.4499999999998
5834,0076,2015-12-16,14.2,3.3,1029.95
5835,0076,2015-12-17,14.0,3.6,1027.85
5836,0076,2015-12-18,12.8,2.8,1027.5
5837,0076,2015-12-19,12.2,2.5,1025.25
5838,0076,2015-12-20,13.2,3.3,1025.8000000000002
5839,0076,2015-12-21,13.8,3.1,1031.0
5840,0076,2015-12-22,11.5,6.1,1033.05
5841,0076,2015-12-23,13.5,3.1,1030.95
5842,0076,2015-12-24,14.0,3.9,1029.35
5843,0076,2015-12-25,11.8,3.6,1032.45
5844,0076,2015-12-26,11.0,5.6,1032.6
5845,0076,2015-12-27,11.4,4.4,1032.05
5846,0076,2015-12-28,13.2,3.9,1029.9
5847,0076,2015-12-29,14.0,3.9,1028.5
5848,0076,2015-12-30,12.8,4.4,1025.9
5849,0076,2015-12-31,12.0,3.3,1023.95
5850,0076,2016-01-01,12.4,3.9,1020.55
7678,0076,2016-01-02,13.2,2.2,1016.55
7679,0076,2016-01-03,10.8,5.8,1011.45
7680,0076,2016-01-04,13.7,1.9,1002.05
7681,0076,2016-01-05,11.8,3.9,1003.45
7682,0076,2016-01-06,11.0,5.8,1008.25
7683,0076,2016-01-07,14.7,4.7,1008.2
7684,0076,2016-01-08,17.0,6.1,1007.2
7685,0076,2016-01-09,16.2,3.6,1005.85
7686,0076,2016-01-10,15.0,8.3,1005.85
7687,0076,2016-01-11,15.6,9.7,1007.1
7688,0076,2016-01-12,13.4,6.4,1017.0999999999999
7689,0076,2016-01-13,10.7,4.2,1023.75
7690,0076,2016-01-14,12.6,4.4,1015.7
7691,0076,2016-01-15,9.2,3.1,1019.75
7692,0076,2016-01-16,8.8,2.8,1024.25
7693,0076,2016-01-17,6.7,3.1,1022.9
7694,0076,2016-01-18,9.6,3.6,1015.2
7695,0076,2016-01-19,9.2,3.3,1016.0
7696,0076,2016-01-20,10.6,3.3,1016.75
7697,0076,2016-01-21,9.3,3.6,1022.1
7698,0076,2016-01-22,10.2,3.9,1028.8
7699,0076,2016-01-23,12.8,4.4,1032.9
7700,0076,2016-01-24,11.4,3.1,1034.25
7701,0076,2016-01-25,14.2,3.1,1031.3
7702,0076,2016-01-26,13.5,3.3,1031.2
7703,0076,2016-01-27,12.3,5.3,1028.75
7704,0076,2016-01-28,12.7,5.3,1028.35
7705,0076,2016-01-29,12.8,3.1,1031.95
7706,0076,2016-01-30,13.2,3.9,1030.4
7707,0076,2016-01-31,12.0,1.9,1027.3000000000002
7708,0076,2016-02-01,14.2,3.3,1029.2
7709,0076,2016-02-02,12.5,2.5,1026.6999999999998
7710,0076,2016-02-03,14.3,3.3,1028.15
7711,0076,2016-02-04,9.8,3.3,1034.05
7712,0076,2016-02-05,10.6,6.9,1028.65
7713,0076,2016-02-06,11.8,3.1,1018.85
7714,0076,2016-02-07,11.4,5.3,1012.9000000000001
7715,0076,2016-02-08,11.8,3.6,1021.05
7716,0076,2016-02-09,15.0,7.5,1012.3
7717,0076,2016-02-10,14.3,5.3,1008.55
7718,0076,2016-02-11,12.2,2.5,1009.6
7719,0076,2016-02-12,13.9,5.3,1005.85
7720,0076,2016-02-13,18.2,5.8,999.45
7721,0076,2016-02-14,13.8,4.2,996.4
7722,0076,2016-02-15,10.4,2.5,1007.85
7723,0076,2016-02-16,8.2,3.3,1020.2
7724,0076,2016-02-17,7.2,5.8,1020.05
7725,0076,2016-02-18,8.3,4.2,1018.25
7726,0076,2016-02-19,8.6,4.2,1025.2
7727,0076,2016-02-20,8.8,5.3,1030.55
7728,0076,2016-02-21,10.4,6.7,1027.15
7729,0076,2016-02-22,14.2,3.9,1018.65
7730,0076,2016-02-23,13.6,3.6,1020.2
7731,0076,2016-02-24,13.0,3.3,1015.45
7732,0076,2016-02-25,12.2,5.6,1011.25
7733,0076,2016-02-26,11.8,3.9,1005.05
7734,0076,2016-02-27,10.2,6.4,992.1500000000001
7735,0076,2016-02-28,10.8,7.8,997.3499999999999
7736,0076,2016-02-29,13.6,5.3,1009.7
7737,0076,2016-03-01,13.2,3.6,1019.75
7738,0076,2016-03-02,14.6,9.2,1014.55
7739,0076,2016-03-03,13.9,6.9,1011.85
7740,0076,2016-03-04,11.6,5.3,1005.0999999999999
7741,0076,2016-03-05,12.8,5.8,1001.2
7742,0076,2016-03-06,10.2,5.0,1006.9000000000001
7743,0076,2016-03-07,10.2,3.6,1006.9000000000001
7744,0076,2016-03-08,10.9,5.3,1013.1
7745,0076,2016-03-09,8.4,5.0,1011.0
7746,0076,2016-03-10,9.5,4.2,1010.05
7747,0076,2016-03-11,9.8,4.2,1017.4
7748,0076,2016-03-12,10.6,3.9,1020.05
7749,0076,2016-03-13,10.2,5.3,1018.95
7750,0076,2016-03-14,10.8,4.7,1019.45
7751,0076,2016-03-15,11.2,3.6,1017.65
7752,0076,2016-03-16,11.1,4.2,1015.35
7753,0076,2016-03-17,9.8,4.2,1019.2
7754,0076,2016-03-18,10.2,3.9,1018.4000000000001
7755,0076,2016-03-19,13.0,3.3,1016.2
7756,0076,2016-03-20,12.8,3.6,1014.0999999999999
7757,0076,2016-03-21,12.6,2.8,1011.65
7758,0076,2016-03-22,13.4,4.2,1004.8
7759,0076,2016-03-23,13.6,5.3,1003.55
7760,0076,2016-03-24,11.7,6.1,1012.4
7761,0076,2016-03-25,12.3,3.9,1019.75
7762,0076,2016-03-26,13.1,5.0,1018.5
7763,0076,2016-03-27,13.8,3.3,1015.4
7764,0076,2016-03-28,14.8,5.6,1015.1500000000001
7765,0076,2016-03-29,16.2,5.6,1015.1
7766,0076,2016-03-30,14.0,3.6,1013.05
7767,0076,2016-03-31,17.0,6.7,1007.8499999999999
7768,0076,2016-04-01,11.3,3.6,1012.85
7769,0076,2016-04-02,13.8,3.6,1012.6500000000001
7770,0076,2016-04-03,12.9,3.6,1012.75
7771,0076,2016-04-04,15.0,3.1,1007.7
7772,0076,2016-04-05,14.4,6.4,1006.0999999999999
7773,0076,2016-04-06,15.8,4.2,1011.95
7774,0076,2016-04-07,14.8,5.0,1011.55
7775,0076,2016-04-08,11.1,4.7,1010.9000000000001
7776,0076,2016-04-09,13.2,7.5,1009.1500000000001
7777,0076,2016-04-10,13.8,5.3,1008.8
7778,0076,2016-04-11,15.6,5.0,1009.95
7779,0076,2016-04-12,15.8,4.4,1010.8499999999999
7780,0076,2016-04-13,17.3,6.1,1011.8499999999999
7781,0076,2016-04-14,15.6,6.1,1013.45
7782,0076,2016-04-15,15.7,3.9,1010.9000000000001
7783,0076,2016-04-16,17.0,5.3,1008.8
7784,0076,2016-04-17,18.2,6.4,1013.0
7785,0076,2016-04-18,14.6,3.9,1019.0
7786,0076,2016-04-19,14.8,3.9,1019.6
7787,0076,2016-04-20,17.7,10.6,1017.95
7788,0076,2016-04-21,15.6,4.7,1019.3
7789,0076,2016-04-22,15.6,4.7,1018.15
7790,0076,2016-04-23,15.6,4.4,1013.1500000000001
7791,0076,2016-04-24,14.2,4.7,1012.65
7792,0076,2016-04-25,14.0,7.2,1015.85
7793,0076,2016-04-26,14.1,3.3,1012.2
7794,0076,2016-04-27,14.2,5.3,1012.7
7795,0076,2016-04-28,12.9,4.7,1014.6500000000001
7796,0076,2016-04-29,14.0,5.0,1018.3
7797,0076,2016-04-30,13.2,5.8,1018.6
7798,0076,2016-05-01,14.6,5.6,1019.4
7799,0076,2016-05-02,16.4,6.9,1018.7
7800,0076,2016-05-03,15.4,4.2,1021.3499999999999
7801,0076,2016-05-04,16.0,5.3,1019.95
7802,0076,2016-05-05,15.8,5.3,1015.55
7803,0076,2016-05-06,16.8,5.6,1013.45
7804,0076,2016-05-07,17.0,4.2,1009.65
7805,0076,2016-05-08,16.6,4.2,1007.2
7806,0076,2016-05-09,16.0,6.1,1007.05
7807,0076,2016-05-10,15.9,3.1,1008.05
7808,0076,2016-05-11,16.2,5.8,1004.45
7809,0076,2016-05-12,17.0,5.8,1004.3
7810,0076,2016-05-13,16.6,5.3,1007.0999999999999
7811,0076,2016-05-14,17.2,3.9,1012.3
7812,0076,2016-05-15,18.8,3.6,1018.0
7813,0076,2016-05-16,18.5,4.4,1020.3
7814,0076,2016-05-17,17.0,4.4,1018.6500000000001
7815,0076,2016-05-18,17.1,6.1,1014.75
7816,0076,2016-05-19,18.9,4.7,1017.35
7817,0076,2016-05-20,18.8,4.4,1020.75
7818,0076,2016-05-21,17.9,6.7,1018.3
7819,0076,2016-05-22,17.7,3.3,1015.9
7820,0076,2016-05-23,16.9,7.2,1020.3
7821,0076,2016-05-24,16.7,4.2,1015.3499999999999
7822,0076,2016-05-25,18.3,2.2,1011.8
7823,0076,2016-05-26,19.8,6.4,1012.3
7824,0076,2016-05-27,19.2,3.3,1013.25
7825,0076,2016-05-28,19.9,3.3,1011.0999999999999
7826,0076,2016-05-29,21.8,5.3,1011.9
7827,0076,2016-05-30,19.6,3.6,1015.5999999999999
7828,0076,2016-05-31,18.4,4.4,1017.75
7829,0076,2016-06-01,19.0,4.2,1017.15
7830,0076,2016-06-02,18.7,3.9,1014.8
7831,0076,2016-06-03,19.4,4.2,1011.85
7832,0076,2016-06-04,20.4,3.3,1012.35
7833,0076,2016-06-05,21.4,5.8,1016.1
7834,0076,2016-06-06,21.0,4.4,1018.05
7835,0076,2016-06-07,22.8,3.6,1020.95
7836,0076,2016-06-08,22.6,4.2,1018.95
7837,0076,2016-06-09,23.4,3.1,1013.95
7838,0076,2016-06-10,24.2,4.4,1011.0999999999999
7839,0076,2016-06-11,22.0,3.6,1013.4000000000001
7840,0076,2016-06-12,22.5,4.2,1013.7
7841,0076,2016-06-13,23.6,4.7,1009.65
7842,0076,2016-06-14,25.8,6.7,1006.1
7843,0076,2016-06-15,21.4,5.3,1002.4
7844,0076,2016-06-16,21.8,6.7,1005.75
7845,0076,2016-06-17,20.3,5.6,1014.05
7846,0076,2016-06-18,17.4,5.3,1020.8
7847,0076,2016-06-19,18.9,5.6,1022.2
7848,0076,2016-06-20,20.2,5.3,1022.1
7849,0076,2016-06-21,21.6,6.7,1021.6
7850,0076,2016-06-22,23.3,5.8,1020.8
7851,0076,2016-06-23,22.9,4.4,1019.95
7852,0076,2016-06-24,22.6,3.6,1017.25
7853,0076,2016-06-25,25.0,3.9,1015.4
7854,0076,2016-06-26,23.6,4.2,1018.7
7855,0076,2016-06-27,23.2,4.7,1020.4
7856,0076,2016-06-28,23.1,4.4,1017.55
7857,0076,2016-06-29,25.4,4.4,1015.1
7858,0076,2016-06-30,24.8,3.9,1015.45
7859,0076,2016-07-01,24.6,3.6,1017.05
7860,0076,2016-07-02,24.2,3.9,1018.7
7861,0076,2016-07-03,23.6,4.2,1020.2
7862,0076,2016-07-04,24.2,2.8,1017.55
7863,0076,2016-07-05,25.9,3.3,1016.1500000000001
7864,0076,2016-07-06,27.2,4.2,1017.55
7865,0076,2016-07-07,25.5,5.3,1018.0
7866,0076,2016-07-08,27.6,3.9,1018.2
7867,0076,2016-07-09,27.4,3.9,1018.05
7868,0076,2016-07-10,26.8,4.4,1014.7
7869,0076,2016-07-11,26.6,3.6,1013.55
7870,0076,2016-07-12,26.2,5.3,1014.3
7871,0076,2016-07-13,23.6,5.8,1017.8499999999999
7872,0076,2016-07-14,22.1,5.8,1020.1
7873,0076,2016-07-15,22.6,6.4,1021.35
7874,0076,2016-07-16,23.0,5.0,1020.55
7875,0076,2016-07-17,24.0,4.4,1019.8
7876,0076,2016-07-18,23.4,3.3,1020.5
7877,0076,2016-07-19,23.4,5.6,1018.9000000000001
7878,0076,2016-07-20,25.0,6.7,1015.7
7879,0076,2016-07-21,26.1,4.2,1014.3499999999999
7880,0076,2016-07-22,24.6,3.9,1013.5
7881,0076,2016-07-23,24.1,3.9,1016.3
7882,0076,2016-07-24,25.6,5.6,1017.75
7883,0076,2016-07-25,25.6,5.3,1017.75
7884,0076,2016-07-26,26.0,4.4,1017.8
7885,0076,2016-07-27,25.7,3.3,1017.45
7886,0076,2016-07-28,25.8,4.7,1017.4000000000001
7887,0076,2016-07-29,26.0,4.4,1015.85
7888,0076,2016-07-30,26.4,5.0,1014.05
7889,0076,2016-07-31,27.4,6.1,1014.7
7890,0076,2016-08-01,26.9,5.3,1018.45
7891,0076,2016-08-02,27.0,5.8,1018.6
7892,0076,2016-08-03,26.2,5.3,1016.15
7893,0076,2016-08-04,27.7,5.0,1012.75
7894,0076,2016-08-05,25.8,4.7,1017.8499999999999
7895,0076,2016-08-06,25.7,4.7,1022.2
7896,0076,2016-08-07,25.0,3.9,1023.15
7897,0076,2016-08-08,26.2,6.7,1020.8
7898,0076,2016-08-09,26.0,5.0,1017.5
7899,0076,2016-08-10,23.6,5.3,1018.4000000000001
7900,0076,2016-08-11,23.3,5.0,1021.65
7901,0076,2016-08-12,24.2,5.0,1023.9000000000001
7902,0076,2016-08-13,23.9,3.6,1022.85
7903,0076,2016-08-14,23.9,3.9,1021.0999999999999
7904,0076,2016-08-15,24.6,4.2,1018.55
7905,0076,2016-08-16,26.0,4.7,1015.4
7906,0076,2016-08-17,25.8,4.7,1011.95
7907,0076,2016-08-18,26.4,3.9,1011.35
7908,0076,2016-08-19,25.8,3.6,1011.0
7909,0076,2016-08-20,26.4,7.2,1015.3
7910,0076,2016-08-21,26.0,5.6,1020.95
7911,0076,2016-08-22,25.8,4.4,1022.6500000000001
7912,0076,2016-08-23,25.0,3.3,1022.0
7913,0076,2016-08-24,25.6,3.3,1019.2
7914,0076,2016-08-25,26.0,3.9,1017.05
7915,0076,2016-08-26,24.3,3.3,1017.4
7916,0076,2016-08-27,24.2,5.3,1018.5999999999999
7917,0076,2016-08-28,26.0,4.7,1018.25
7918,0076,2016-08-29,26.4,3.1,1018.4000000000001
7919,0076,2016-08-30,24.0,3.9,1018.4
7920,0076,2016-08-31,24.4,3.3,1019.5
7921,0076,2016-09-01,27.2,4.2,1021.0
7922,0076,2016-09-02,25.7,5.3,1019.65
7923,0076,2016-09-03,26.2,5.8,1018.5
7924,0076,2016-09-04,26.5,4.4,1017.2
7925,0076,2016-09-05,27.9,3.1,1017.8499999999999
7926,0076,2016-09-06,27.2,4.2,1016.95
7927,0076,2016-09-07,26.0,3.9,1016.1500000000001
7928,0076,2016-09-08,25.0,3.9,1015.3499999999999
7929,0076,2016-09-09,26.8,5.0,1014.45
7930,0076,2016-09-10,24.7,4.7,1015.15
7931,0076,2016-09-11,25.3,5.8,1016.0999999999999
7932,0076,2016-09-12,25.6,4.2,1015.9
7933,0076,2016-09-13,24.0,3.9,1012.55
7934,0076,2016-09-14,21.4,3.6,1010.15
7935,0076,2016-09-15,20.2,4.2,1013.5999999999999
7936,0076,2016-09-16,21.0,3.6,1016.4
7937,0076,2016-09-17,21.0,4.2,1017.7
7938,0076,2016-09-18,19.8,3.3,1016.7
7939,0076,2016-09-19,21.8,6.4,1016.0
7940,0076,2016-09-20,22.5,4.4,1014.2
7941,0076,2016-09-21,21.8,5.3,1015.8
7942,0076,2016-09-22,22.0,4.4,1019.3499999999999
7943,0076,2016-09-23,21.9,5.0,1022.95
7944,0076,2016-09-24,21.3,3.3,1021.6
7945,0076,2016-09-25,21.6,6.4,1020.2
7946,0076,2016-09-26,20.8,5.3,1020.0999999999999
7947,0076,2016-09-27,22.8,3.1,1023.65
7948,0076,2016-09-28,22.3,5.8,1027.4
7949,0076,2016-09-29,21.0,4.2,1025.0
7950,0076,2016-09-30,21.5,3.9,1018.0
7951,0076,2016-10-01,21.6,5.0,1013.2
7952,0076,2016-10-02,22.6,3.1,1016.75
7953,0076,2016-10-03,21.8,3.9,1021.1500000000001
7954,0076,2016-10-04,22.2,4.7,1020.0
7955,0076,2016-10-05,20.8,3.1,1017.45
7956,0076,2016-10-06,18.0,6.1,1011.95
7957,0076,2016-10-07,19.2,3.9,1014.25
7958,0076,2016-10-08,21.0,3.9,1016.9000000000001
7959,0076,2016-10-09,19.2,3.1,1018.8499999999999
7960,0076,2016-10-10,17.4,2.8,1017.15
7961,0076,2016-10-11,17.5,5.3,1013.6
7962,0076,2016-10-12,16.2,3.6,1008.1500000000001
7963,0076,2016-10-13,18.6,3.3,1001.3499999999999
7964,0076,2016-10-14,17.6,3.3,1005.0
7965,0076,2016-10-15,18.3,3.6,1014.4000000000001
7966,0076,2016-10-16,18.8,3.9,1019.3
7967,0076,2016-10-17,19.8,3.3,1021.5
7968,0076,2016-10-18,20.1,4.4,1023.35
7969,0076,2016-10-19,18.6,5.8,1020.3
7970,0076,2016-10-20,17.3,3.1,1015.7
7971,0076,2016-10-21,15.0,4.2,1014.6500000000001
7972,0076,2016-10-22,16.3,3.9,1011.3
7973,0076,2016-10-23,19.8,2.8,1008.65
7974,0076,2016-10-24,20.4,4.4,1014.1500000000001
7975,0076,2016-10-25,20.4,3.6,1017.5
7976,0076,2016-10-26,19.8,1.9,1022.35
7977,0076,2016-10-27,19.4,3.3,1026.6
7978,0076,2016-10-28,18.2,2.8,1030.05
7979,0076,2016-10-29,17.2,3.9,1026.1999999999998
7980,0076,2016-10-30,16.3,3.9,1022.3
7981,0076,2016-10-31,16.7,2.5,1022.8
7982,0076,2016-11-01,18.0,4.2,1022.4499999999999
7983,0076,2016-11-02,17.1,3.1,1018.85
7984,0076,2016-11-03,15.7,3.6,1017.25
7985,0076,2016-11-04,17.1,2.2,1015.45
7986,0076,2016-11-05,18.7,6.7,1006.9000000000001
7987,0076,2016-11-06,13.6,3.6,1006.1500000000001
7988,0076,2016-11-07,11.8,3.1,1009.75
7989,0076,2016-11-08,11.4,5.8,1013.5999999999999
7990,0076,2016-11-09,14.4,6.1,1014.95
7991,0076,2016-11-10,14.4,4.4,1019.3499999999999
7992,0076,2016-11-11,14.2,3.6,1020.0
7993,0076,2016-11-12,14.6,2.5,1020.5999999999999
7994,0076,2016-11-13,14.6,2.2,1021.25
7995,0076,2016-11-14,14.5,5.6,1023.55
7996,0076,2016-11-15,12.0,3.6,1027.85
7997,0076,2016-11-16,11.4,3.6,1024.95
7998,0076,2016-11-17,13.0,3.6,1019.4
7999,0076,2016-11-18,14.2,5.3,1014.4
8000,0076,2016-11-19,15.0,4.2,1014.2
8001,0076,2016-11-20,15.4,4.2,1009.3
8002,0076,2016-11-21,17.7,6.7,1004.5999999999999
8003,0076,2016-11-22,17.1,4.2,1006.15
8004,0076,2016-11-23,16.1,6.1,1002.75
8005,0076,2016-11-24,12.0,3.3,1007.3
8006,0076,2016-11-25,11.5,3.3,1012.0
8007,0076,2016-11-26,12.7,6.1,1012.2
8008,0076,2016-11-27,14.4,6.1,1010.9
8009,0076,2016-11-28,12.3,4.2,1013.05
8010,0076,2016-11-29,12.2,6.7,1023.05
8011,0076,2016-11-30,11.4,3.6,1031.4499999999998
8012,0076,2016-12-01,10.4,5.8,1026.8
8013,0076,2016-12-02,10.3,2.5,1018.8499999999999
8014,0076,2016-12-03,9.4,4.2,1015.8
8015,0076,2016-12-04,14.0,6.1,1017.3
8016,0076,2016-12-05,15.0,9.7,1020.45
8017,0076,2016-12-06,14.3,3.1,1025.9
8018,0076,2016-12-07,12.4,4.2,1031.0500000000002
8019,0076,2016-12-08,12.4,3.3,1034.2
8020,0076,2016-12-09,12.0,5.8,1032.1
8021,0076,2016-12-10,12.4,5.3,1028.1
8022,0076,2016-12-11,12.0,3.6,1024.3
8023,0076,2016-12-12,12.1,2.2,1022.3
8024,0076,2016-12-13,11.6,2.8,1024.85
8025,0076,2016-12-14,12.1,4.2,1022.25
8026,0076,2016-12-15,10.7,4.2,1021.9
8027,0076,2016-12-16,12.5,6.1,1023.2
8028,0076,2016-12-17,11.4,8.6,1030.85
8029,0076,2016-12-18,10.2,7.2,1028.65
8030,0076,2016-12-19,8.8,6.7,1017.15
8031,0076,2016-12-20,11.0,5.6,1015.15
8032,0076,2016-12-21,12.2,5.6,1023.85
8033,0076,2016-12-22,12.8,3.1,1031.1
8034,0076,2016-12-23,11.5,3.6,1034.05
8035,0076,2016-12-24,11.8,3.6,1035.45
8036,0076,2016-12-25,10.9,4.7,1031.4499999999998
8037,0076,2016-12-26,11.6,4.2,1030.15
8038,0076,2016-12-27,12.0,2.8,1032.9
8039,0076,2016-12-28,10.4,3.9,1035.25
8040,0076,2016-12-29,9.6,5.0,1033.15
8041,0076,2016-12-30,10.3,3.6,1034.45
8042,0076,2016-12-31,10.0,3.1,1031.3000000000002
8043,0076,2012-01-01,12.9,4.4,1023.1500000000001
8044,0076,2012-01-02,12.6,3.6,1022.6
8045,0076,2012-01-03,10.6,2.8,1028.75
8046,0076,2012-01-04,10.8,4.7,1027.4
8047,0076,2012-01-05,11.3,3.1,1020.9
8048,0076,2012-01-06,11.5,2.2,1019.8
8049,0076,2012-01-07,9.0,2.8,1027.35
8050,0076,2012-01-08,9.0,3.9,1025.6999999999998
8051,0076,2012-01-09,10.0,4.4,1027.85
8052,0076,2012-01-10,8.4,3.9,1030.2
8053,0076,2012-01-11,9.2,2.5,1031.6
8054,0076,2012-01-12,8.6,5.3,1030.4
8055,0076,2012-01-13,7.6,6.1,1024.85
8056,0076,2012-01-14,6.7,5.0,1019.7
8057,0076,2012-01-15,8.4,3.6,1017.25
8058,0076,2012-01-16,8.0,8.1,1017.1
8059,0076,2012-01-17,10.0,4.7,1025.6
8060,0076,2012-01-18,9.0,2.5,1032.75
8061,0076,2012-01-19,8.2,5.3,1033.8000000000002
8062,0076,2012-01-20,11.6,2.5,1028.65
8063,0076,2012-01-21,12.2,1.9,1024.9499999999998
8064,0076,2012-01-22,12.4,3.1,1020.9
8065,0076,2012-01-23,11.5,4.2,1017.7
8066,0076,2012-01-24,10.8,3.1,1021.15
8067,0076,2012-01-25,9.2,5.0,1019.8
8068,0076,2012-01-26,9.4,3.6,1017.95
8069,0076,2012-01-27,9.8,4.7,1021.45
8070,0076,2012-01-28,7.6,2.2,1021.9
8071,0076,2012-01-29,5.7,3.6,1017.9
8072,0076,2012-01-30,6.4,4.2,1020.45
8073,0076,2012-01-31,7.1,3.9,1017.55
8074,0076,2012-02-01,5.2,5.3,1013.3
8075,0076,2012-02-02,2.2,4.2,1012.5
8076,0076,2012-02-03,1.4,4.4,1018.05
8077,0076,2012-02-04,2.6,4.4,1023.35
8078,0076,2012-02-05,1.4,3.6,1022.7
8079,0076,2012-02-06,5.9,3.6,1019.8
8080,0076,2012-02-07,6.0,5.0,1015.0999999999999
8081,0076,2012-02-08,3.8,4.7,1021.25
8082,0076,2012-02-09,4.8,3.6,1023.9
8083,0076,2012-02-10,7.0,5.6,1019.0999999999999
8084,0076,2012-02-11,4.6,4.7,1017.75
8085,0076,2012-02-12,2.8,4.4,1020.7
8086,0076,2012-02-13,3.4,6.1,1020.85
8087,0076,2012-02-14,6.2,3.6,1018.5
8088,0076,2012-02-15,8.0,5.3,1021.3
8089,0076,2012-02-16,8.8,5.0,1019.65
8090,0076,2012-02-17,9.2,2.8,1023.3499999999999
8091,0076,2012-02-18,8.2,5.8,1021.25
8092,0076,2012-02-19,7.9,3.3,1021.45
8093,0076,2012-02-20,9.4,4.7,1024.35
8094,0076,2012-02-21,6.8,3.1,1027.5
8095,0076,2012-02-22,8.2,3.6,1025.8
8096,0076,2012-02-23,10.4,5.6,1026.1
8097,0076,2012-02-24,11.9,3.3,1026.6
8098,0076,2012-02-25,10.9,4.7,1021.8
8099,0076,2012-02-26,14.0,3.1,1018.1
8100,0076,2012-02-27,11.8,5.6,1022.25
8101,0076,2012-02-28,11.0,3.3,1023.8000000000001
8102,0076,2012-02-29,11.1,5.3,1021.9
8103,0076,2012-03-01,11.1,4.2,1023.15
8104,0076,2012-03-02,10.4,6.4,1025.65
8105,0076,2012-03-03,12.6,3.1,1024.9
8106,0076,2012-03-04,13.4,3.9,1021.5
8107,0076,2012-03-05,13.6,5.8,1022.2
8108,0076,2012-03-06,9.4,5.6,1020.95
8109,0076,2012-03-07,10.6,4.7,1025.2
8110,0076,2012-03-08,11.1,4.2,1024.0500000000002
8112,0076,2012-03-10,10.8,5.3,1029.4
8113,0076,2012-03-11,11.3,5.0,1023.8000000000001
8114,0076,2012-03-12,12.8,6.1,1023.8000000000001
8115,0076,2012-03-13,13.4,2.5,1023.8000000000001
8116,0076,2012-03-14,14.5,3.6,1025.6
8117,0076,2012-03-15,10.6,2.2,1027.75
8118,0076,2012-03-16,11.6,4.7,1025.75
8119,0076,2012-03-17,11.8,5.6,1022.0999999999999
8120,0076,2012-03-18,15.5,5.0,1021.8499999999999
8121,0076,2012-03-19,12.0,3.1,1027.75
8122,0076,2012-03-20,11.0,10.3,1027.35
8123,0076,2012-03-21,12.2,9.4,1022.9000000000001
8124,0076,2012-03-22,12.2,3.6,1022.85
8125,0076,2012-03-23,11.7,3.1,1023.55
8126,0076,2012-03-24,12.6,2.5,1023.05
8127,0076,2012-03-25,13.8,5.0,1023.75
8128,0076,2012-03-26,13.5,4.4,1025.0
8129,0076,2012-03-27,14.4,3.3,1026.15
8130,0076,2012-03-28,15.8,3.6,1024.2
8131,0076,2012-03-29,14.6,4.4,1019.6500000000001
8132,0076,2012-03-30,17.4,4.7,1013.45
8133,0076,2012-03-31,15.0,3.9,1009.45
8134,0076,2012-04-01,15.4,3.3,1007.75
8136,0076,2012-04-03,14.4,3.1,1006.3499999999999
8137,0076,2012-04-04,12.8,5.3,1006.2
8138,0076,2012-04-05,13.3,4.7,1007.9000000000001
8139,0076,2012-04-06,13.3,3.9,1007.95
8140,0076,2012-04-07,12.6,6.4,1008.4
8141,0076,2012-04-08,15.2,5.8,1012.05
8142,0076,2012-04-09,14.2,4.4,1011.45
8143,0076,2012-04-10,14.4,3.3,1004.0
8144,0076,2012-04-11,14.6,5.0,1005.95
8145,0076,2012-04-12,14.0,3.1,1004.1500000000001
8146,0076,2012-04-13,13.4,6.1,1002.2
8147,0076,2012-04-14,13.2,5.3,1000.6
8148,0076,2012-04-15,13.4,4.4,1004.4000000000001
8149,0076,2012-04-16,14.4,3.3,1011.05
8150,0076,2012-04-17,12.4,7.2,1011.6500000000001
8151,0076,2012-04-18,15.0,5.3,1003.45
8152,0076,2012-04-19,16.6,7.5,999.7
8153,0076,2012-04-20,16.2,6.1,1005.75
8154,0076,2012-04-21,16.0,5.8,1011.15
8155,0076,2012-04-22,15.7,3.9,1014.9
8156,0076,2012-04-23,16.3,6.4,1010.5
8157,0076,2012-04-24,17.6,6.9,1009.7
8158,0076,2012-04-25,14.5,3.6,1009.65
8159,0076,2012-04-26,18.0,3.6,1009.9
8160,0076,2012-04-27,18.0,7.2,1010.7
8161,0076,2012-04-28,17.6,7.8,1006.05
8162,0076,2012-04-29,15.5,3.1,1010.05
8163,0076,2012-04-30,15.7,7.5,1012.1
8164,0076,2012-05-01,14.7,3.9,1015.8
8165,0076,2012-05-02,15.6,5.0,1016.75
8166,0076,2012-05-03,15.8,6.7,1013.35
8167,0076,2012-05-04,16.9,4.2,1008.4
8168,0076,2012-05-05,18.0,5.8,1008.1500000000001
8169,0076,2012-05-06,16.6,3.9,1013.25
8170,0076,2012-05-07,16.9,4.7,1018.1
8171,0076,2012-05-08,18.4,4.4,1016.05
8172,0076,2012-05-09,19.0,3.3,1019.2
8173,0076,2012-05-10,19.8,3.3,1022.8499999999999
8174,0076,2012-05-11,21.2,5.6,1024.1
8175,0076,2012-05-12,22.1,2.2,1022.55
8176,0076,2012-05-13,20.6,4.7,1019.45
8177,0076,2012-05-14,20.1,6.1,1015.75
8178,0076,2012-05-15,20.5,4.4,1016.85
8179,0076,2012-05-16,17.4,4.7,1020.25
8180,0076,2012-05-17,17.6,3.9,1017.0
8181,0076,2012-05-18,18.7,7.2,1011.6
8182,0076,2012-05-19,19.3,4.7,1007.5
8183,0076,2012-05-20,17.6,3.1,1004.15
8184,0076,2012-05-21,17.3,4.4,1007.1500000000001
8185,0076,2012-05-22,21.2,3.6,1013.35
8186,0076,2012-05-23,21.7,5.0,1018.4
8187,0076,2012-05-24,20.2,5.3,1018.45
8188,0076,2012-05-25,21.4,5.3,1014.9000000000001
8189,0076,2012-05-26,20.9,3.6,1015.1500000000001
8190,0076,2012-05-27,21.4,3.3,1016.0999999999999
8191,0076,2012-05-28,23.0,3.6,1014.85
8192,0076,2012-05-29,23.0,4.7,1015.05
8193,0076,2012-05-30,23.4,4.2,1017.95
8194,0076,2012-05-31,23.8,3.9,1018.95
8195,0076,2012-06-01,22.4,4.4,1016.2
8196,0076,2012-06-02,23.2,5.0,1013.4000000000001
8197,0076,2012-06-03,21.8,3.6,1013.4
8198,0076,2012-06-04,20.7,3.3,1016.55
8199,0076,2012-06-05,21.6,5.3,1015.5
8200,0076,2012-06-06,21.8,4.2,1011.3
8201,0076,2012-06-07,21.9,3.1,1007.05
8202,0076,2012-06-08,21.8,3.3,1011.4000000000001
8203,0076,2012-06-09,22.2,6.4,1016.3
8204,0076,2012-06-10,23.0,5.0,1011.95
8205,0076,2012-06-11,20.6,3.3,1008.0
8206,0076,2012-06-12,22.1,5.8,1011.8499999999999
8207,0076,2012-06-13,20.0,4.7,1016.85
8208,0076,2012-06-14,20.5,3.9,1017.3
8209,0076,2012-06-15,22.0,4.2,1018.9000000000001
8210,0076,2012-06-16,23.4,3.9,1018.8499999999999
8211,0076,2012-06-17,22.0,2.8,1017.9
8212,0076,2012-06-18,22.5,5.0,1015.9000000000001
8213,0076,2012-06-19,22.8,5.3,1013.9
8214,0076,2012-06-20,24.0,3.6,1012.15
8215,0076,2012-06-21,25.9,6.7,1013.2
8216,0076,2012-06-22,23.0,3.9,1019.2
8217,0076,2012-06-23,23.0,3.3,1021.9000000000001
8218,0076,2012-06-24,24.3,3.3,1020.25
8219,0076,2012-06-25,24.4,2.8,1019.1
8220,0076,2012-06-26,25.2,3.3,1019.8
8221,0076,2012-06-27,25.6,5.0,1016.05
8222,0076,2012-06-28,24.8,4.2,1011.25
8224,0076,2012-06-30,24.0,4.4,1010.4000000000001
8225,0076,2012-07-01,21.6,3.3,1013.9000000000001
8226,0076,2012-07-02,21.0,6.1,1017.6
8227,0076,2012-07-03,22.6,5.6,1016.6
8228,0076,2012-07-04,23.5,3.6,1012.1
8229,0076,2012-07-05,23.6,5.3,1009.8
8230,0076,2012-07-06,22.6,2.8,1013.3
8231,0076,2012-07-07,23.4,2.8,1012.8
8232,0076,2012-07-08,23.8,5.3,1013.2
8233,0076,2012-07-09,24.0,5.6,1013.6500000000001
8234,0076,2012-07-10,24.0,4.4,1014.25
8235,0076,2012-07-11,24.2,3.6,1017.5
8236,0076,2012-07-12,24.0,5.6,1018.4000000000001
8237,0076,2012-07-13,25.4,7.2,1013.3499999999999
8238,0076,2012-07-14,24.0,4.2,1013.55
8239,0076,2012-07-15,23.1,4.7,1020.5
8240,0076,2012-07-16,23.6,5.3,1025.1999999999998
8241,0076,2012-07-17,25.6,6.7,1024.4
8242,0076,2012-07-18,27.4,4.7,1019.5
8243,0076,2012-07-19,25.6,3.1,1014.3
8244,0076,2012-07-20,24.6,3.6,1013.7
8245,0076,2012-07-21,23.8,3.6,1016.95
8246,0076,2012-07-22,24.1,4.7,1017.75
8247,0076,2012-07-23,23.7,4.2,1016.7
8248,0076,2012-07-24,23.7,5.6,1015.05
8249,0076,2012-07-25,25.2,4.7,1015.2
8250,0076,2012-07-26,25.5,3.1,1014.7
8251,0076,2012-07-27,24.9,6.9,1011.7
8252,0076,2012-07-28,25.6,3.9,1011.9
8253,0076,2012-07-29,25.1,3.9,1015.85
8254,0076,2012-07-30,25.0,5.3,1017.75
8255,0076,2012-07-31,26.0,3.9,1016.4000000000001
8256,0076,2012-08-01,26.4,4.7,1012.05
8257,0076,2012-08-02,26.2,3.3,1014.15
8258,0076,2012-08-03,26.2,3.9,1015.0
8259,0076,2012-08-04,26.3,3.9,1012.0
8260,0076,2012-08-05,25.4,3.9,1008.95
8261,0076,2012-08-06,23.6,4.7,1015.75
8262,0076,2012-08-07,24.2,3.9,1021.4000000000001
8263,0076,2012-08-08,25.4,5.0,1019.6
8264,0076,2012-08-09,26.3,4.2,1018.5999999999999
8265,0076,2012-08-10,26.8,3.3,1017.7
8266,0076,2012-08-11,27.0,3.6,1014.15
8267,0076,2012-08-12,25.6,3.9,1012.5
8268,0076,2012-08-13,25.8,5.6,1011.9000000000001
8269,0076,2012-08-14,25.8,4.2,1011.55
8270,0076,2012-08-15,27.4,4.7,1012.25
8271,0076,2012-08-16,27.1,3.6,1015.55
8272,0076,2012-08-17,26.4,3.3,1016.25
8273,0076,2012-08-18,26.2,3.9,1017.2
8274,0076,2012-08-19,27.2,3.9,1018.7
8275,0076,2012-08-20,29.6,4.7,1018.7
8276,0076,2012-08-21,28.7,5.3,1016.3
8277,0076,2012-08-22,27.1,3.1,1015.4
8278,0076,2012-08-23,27.8,3.3,1012.2
8279,0076,2012-08-24,27.4,3.9,1008.9
8280,0076,2012-08-25,27.6,3.9,1012.55
8281,0076,2012-08-26,25.2,5.8,1017.65
8282,0076,2012-08-27,26.4,5.3,1017.5
8283,0076,2012-08-28,27.1,3.9,1017.0999999999999
8284,0076,2012-08-29,26.6,3.6,1017.05
8285,0076,2012-08-30,23.0,5.6,1018.35
8286,0076,2012-08-31,22.6,5.8,1020.1
8287,0076,2012-09-01,22.0,2.8,1018.2
8288,0076,2012-09-02,20.8,4.2,1019.45
8289,0076,2012-09-03,23.2,5.0,1016.9000000000001
8290,0076,2012-09-04,23.8,4.2,1015.95
8291,0076,2012-09-05,25.2,4.7,1016.95
8292,0076,2012-09-06,25.2,5.6,1019.4
8293,0076,2012-09-07,24.6,3.1,1021.0999999999999
8294,0076,2012-09-08,24.0,4.4,1018.6
8295,0076,2012-09-09,25.1,4.2,1016.55
8296,0076,2012-09-10,24.8,3.9,1016.75
8297,0076,2012-09-11,24.4,4.2,1016.7
8298,0076,2012-09-12,24.0,7.5,1013.6
8299,0076,2012-09-13,23.1,6.1,1012.0
8300,0076,2012-09-14,21.4,6.1,1013.15
8301,0076,2012-09-15,21.6,5.3,1013.9
8302,0076,2012-09-16,23.5,3.9,1014.25
8303,0076,2012-09-17,24.0,2.5,1014.25
8304,0076,2012-09-18,23.4,3.3,1013.1500000000001
8305,0076,2012-09-19,22.2,1.7,1016.0999999999999
8306,0076,2012-09-20,21.6,1.7,1018.65
8307,0076,2012-09-21,22.7,3.3,1016.9
8308,0076,2012-09-22,22.6,3.3,1014.5
8309,0076,2012-09-23,24.4,4.2,1010.45
8310,0076,2012-09-24,25.3,7.5,1008.25
8311,0076,2012-09-25,23.5,5.8,1005.3
8312,0076,2012-09-26,20.6,4.2,1007.05
8313,0076,2012-09-27,17.7,5.3,1014.75
8314,0076,2012-09-28,20.6,5.0,1013.2
8315,0076,2012-09-29,19.4,3.9,1011.6
8316,0076,2012-09-30,19.2,3.3,1016.4000000000001
8317,0076,2012-10-01,19.7,3.9,1019.1500000000001
8318,0076,2012-10-02,18.6,4.4,1020.5
8319,0076,2012-10-03,19.7,3.9,1019.0999999999999
8320,0076,2012-10-04,21.2,4.2,1017.25
8321,0076,2012-10-05,21.4,3.6,1018.35
8322,0076,2012-10-06,20.6,3.1,1019.4
8323,0076,2012-10-07,22.4,3.3,1018.8
8324,0076,2012-10-08,22.1,5.3,1017.1
8325,0076,2012-10-09,22.8,3.9,1015.25
8326,0076,2012-10-10,22.8,2.8,1013.0
8327,0076,2012-10-11,21.3,2.5,1009.35
8328,0076,2012-10-12,19.0,3.1,1012.9
8329,0076,2012-10-13,18.3,3.1,1013.55
8330,0076,2012-10-14,18.4,4.7,1007.35
8331,0076,2012-10-15,17.4,3.9,1009.2
8332,0076,2012-10-16,16.8,5.6,1015.0
8333,0076,2012-10-17,19.6,4.2,1013.35
8334,0076,2012-10-18,21.5,8.1,1009.75
8335,0076,2012-10-19,22.4,5.0,1011.45
8336,0076,2012-10-20,22.1,6.9,1011.15
8337,0076,2012-10-21,19.4,4.7,1011.5
8338,0076,2012-10-22,18.4,5.3,1016.55
8339,0076,2012-10-23,19.0,3.6,1018.05
8340,0076,2012-10-24,18.4,3.1,1015.3
8341,0076,2012-10-25,18.1,3.9,1009.7
8342,0076,2012-10-26,19.2,5.8,1000.75
8343,0076,2012-10-27,15.6,3.3,1000.5999999999999
8344,0076,2012-10-28,11.8,6.7,1010.6500000000001
8345,0076,2012-10-29,10.8,4.2,1013.25
8346,0076,2012-10-30,10.4,5.0,1004.1
8347,0076,2012-10-31,14.5,6.1,994.7
8348,0076,2012-11-01,15.0,5.8,1001.7
8349,0076,2012-11-02,16.9,4.4,1009.5
8350,0076,2012-11-03,16.6,2.2,1009.55
8351,0076,2012-11-04,16.7,1.4,1004.15
8352,0076,2012-11-05,15.2,2.2,1011.7
8353,0076,2012-11-06,13.2,4.2,1021.55
8354,0076,2012-11-07,12.0,3.3,1027.75
8355,0076,2012-11-08,13.0,3.6,1022.6500000000001
8356,0076,2012-11-09,15.1,2.5,1014.85
8357,0076,2012-11-10,15.4,3.1,1008.0
8358,0076,2012-11-11,13.5,3.6,1010.45
8359,0076,2012-11-12,13.8,4.2,1019.25
8360,0076,2012-11-13,13.7,6.7,1019.8
8361,0076,2012-11-14,17.4,8.3,1019.05
8362,0076,2012-11-15,15.6,3.6,1020.0
8363,0076,2012-11-16,15.2,3.1,1017.1
8364,0076,2012-11-17,16.0,3.3,1011.85
8365,0076,2012-11-18,16.6,5.6,1009.95
8366,0076,2012-11-19,14.8,2.8,1014.8
8367,0076,2012-11-20,13.7,4.2,1016.7
8368,0076,2012-11-21,14.2,3.3,1018.4000000000001
8369,0076,2012-11-22,14.8,3.1,1021.9000000000001
8370,0076,2012-11-23,12.7,5.0,1021.05
8371,0076,2012-11-24,14.3,3.6,1019.5999999999999
8372,0076,2012-11-25,14.4,2.2,1018.25
8373,0076,2012-11-26,15.1,1.9,1012.05
8374,0076,2012-11-27,10.4,2.8,1004.5
8375,0076,2012-11-28,10.8,3.9,996.7
8376,0076,2012-11-29,10.8,4.4,999.95
8377,0076,2012-11-30,8.3,3.3,1003.9
8378,0076,2012-12-01,6.6,5.6,1010.9
8379,0076,2012-12-02,8.2,3.9,1018.05
8380,0076,2012-12-03,11.2,3.3,1021.85
8381,0076,2012-12-04,12.2,3.9,1015.75
8382,0076,2012-12-05,11.1,7.5,1012.7
8383,0076,2012-12-06,9.6,3.1,1016.8499999999999
8384,0076,2012-12-07,10.6,4.7,1012.35
8385,0076,2012-12-08,11.2,4.7,1017.0
8386,0076,2012-12-09,8.6,3.1,1023.9499999999999
8387,0076,2012-12-10,7.6,3.9,1019.3499999999999
8388,0076,2012-12-11,8.4,4.2,1019.5999999999999
8389,0076,2012-12-12,7.9,3.1,1017.75
8390,0076,2012-12-13,10.8,4.7,1012.85
8391,0076,2012-12-14,11.8,4.2,1009.55
8392,0076,2012-12-15,16.2,5.3,1012.55
8393,0076,2012-12-16,15.8,2.8,1017.25
8394,0076,2012-12-17,14.2,2.5,1017.05
8395,0076,2012-12-18,11.0,3.3,1020.5
8396,0076,2012-12-19,11.2,3.1,1020.05
8397,0076,2012-12-20,12.2,4.2,1015.65
8398,0076,2012-12-21,13.9,3.6,1015.85
8399,0076,2012-12-22,12.6,3.1,1022.2
8400,0076,2012-12-23,12.4,5.8,1020.8
8401,0076,2012-12-24,11.4,3.6,1017.2
8402,0076,2012-12-25,11.7,2.2,1013.4
8403,0076,2012-12-26,12.0,3.1,1021.0999999999999
8404,0076,2012-12-27,11.5,2.5,1026.65
8405,0076,2012-12-28,12.4,4.4,1029.8000000000002
8406,0076,2012-12-29,10.3,4.4,1023.45
8407,0076,2012-12-30,10.7,4.2,1026.35
8408,0076,2012-12-31,8.8,5.3,1022.9000000000001
8409,0076,2013-01-01,9.0,3.6,1016.7
9503,0076,2013-01-02,10.0,4.2,1023.5999999999999
9504,0076,2013-01-03,9.7,5.0,1033.1
9505,0076,2013-01-04,11.2,5.0,1034.0500000000002
9506,0076,2013-01-05,12.8,6.1,1027.5
9507,0076,2013-01-06,13.1,3.3,1025.35
9508,0076,2013-01-07,13.6,5.3,1023.1999999999999
9509,0076,2013-01-08,10.9,3.9,1025.1
9510,0076,2013-01-09,10.2,5.6,1021.35
9511,0076,2013-01-10,9.8,2.2,1019.0
9512,0076,2013-01-11,10.9,3.6,1019.9
9513,0076,2013-01-12,8.6,3.1,1015.4
9514,0076,2013-01-13,8.2,3.1,1009.95
9515,0076,2013-01-14,8.5,3.3,1013.3499999999999
9516,0076,2013-01-15,8.6,3.6,1011.25
9517,0076,2013-01-16,9.6,5.6,1006.0
9518,0076,2013-01-17,11.6,3.3,1006.1500000000001
9519,0076,2013-01-18,8.8,3.1,1001.35
9520,0076,2013-01-19,12.3,4.7,987.05
9521,0076,2013-01-20,10.8,5.3,992.15
9522,0076,2013-01-21,10.0,5.0,1004.0
9523,0076,2013-01-22,8.5,3.1,1004.45
9524,0076,2013-01-23,8.8,4.7,1003.45
9525,0076,2013-01-24,9.2,3.6,1005.1
9526,0076,2013-01-25,10.6,3.9,1009.65
9527,0076,2013-01-26,9.2,3.6,1012.4
9528,0076,2013-01-27,9.3,3.9,1013.75
9529,0076,2013-01-28,12.4,4.2,1017.4499999999999
9530,0076,2013-01-29,11.4,3.3,1026.35
9531,0076,2013-01-30,12.1,4.2,1024.9
9532,0076,2013-01-31,14.3,5.3,1027.5500000000002
9533,0076,2013-02-01,15.4,6.1,1014.8000000000001
9534,0076,2013-02-02,12.8,9.4,1005.5999999999999
9535,0076,2013-02-03,9.7,6.9,1018.8499999999999
9536,0076,2013-02-04,9.9,5.0,1025.1
9537,0076,2013-02-05,11.8,3.9,1017.4
9538,0076,2013-02-06,10.3,7.5,1008.3
9539,0076,2013-02-07,9.1,4.7,1013.0
9540,0076,2013-02-08,7.7,3.1,1014.05
9541,0076,2013-02-09,7.1,3.1,1018.3
9542,0076,2013-02-10,9.2,5.6,1009.5
9543,0076,2013-02-11,10.6,5.6,1002.1
9544,0076,2013-02-12,11.1,7.2,1007.3499999999999
9545,0076,2013-02-13,9.7,4.4,1016.05
9546,0076,2013-02-14,10.6,3.9,1020.4000000000001
9547,0076,2013-02-15,11.0,3.9,1019.45
9548,0076,2013-02-16,12.5,5.3,1019.65
9549,0076,2013-02-17,11.8,3.1,1015.3
9550,0076,2013-02-18,11.8,5.0,1013.5
9551,0076,2013-02-19,11.0,3.3,1015.1500000000001
9552,0076,2013-02-20,10.0,5.6,1012.25
9553,0076,2013-02-21,10.5,4.2,1007.25
9554,0076,2013-02-22,8.6,6.7,1001.1500000000001
9555,0076,2013-02-23,5.0,3.6,1003.95
9556,0076,2013-02-24,7.0,6.1,1011.9000000000001
9557,0076,2013-02-25,5.8,2.8,1016.75
9558,0076,2013-02-26,6.0,4.7,1020.3
9559,0076,2013-02-27,7.0,5.0,1020.85
9560,0076,2013-02-28,9.4,11.9,1015.75
9561,0076,2013-03-01,9.8,10.3,1011.45
9562,0076,2013-03-02,10.8,4.7,1016.5999999999999
9563,0076,2013-03-03,9.8,4.4,1016.5
9564,0076,2013-03-04,9.8,7.5,1010.85
9565,0076,2013-03-05,13.4,10.3,1000.2
9566,0076,2013-03-06,13.5,3.9,994.65
9567,0076,2013-03-07,14.8,5.3,1001.4000000000001
9568,0076,2013-03-08,16.8,7.5,1002.4
9569,0076,2013-03-09,15.3,5.8,1004.2
9570,0076,2013-03-10,15.4,6.4,1001.8
9571,0076,2013-03-11,15.4,5.6,1001.45
9572,0076,2013-03-12,13.6,4.4,999.6
9573,0076,2013-03-13,8.0,3.9,998.95
9574,0076,2013-03-14,9.6,6.1,1006.3
9575,0076,2013-03-15,8.8,2.8,1013.7
9576,0076,2013-03-16,9.8,6.1,1009.3
9577,0076,2013-03-17,12.8,2.5,1002.9
9578,0076,2013-03-18,13.8,7.2,1001.35
9579,0076,2013-03-19,11.2,4.7,1003.9
9580,0076,2013-03-20,12.6,6.1,1009.3
9581,0076,2013-03-21,11.2,6.1,1015.15
9582,0076,2013-03-22,12.6,4.4,1008.65
9583,0076,2013-03-23,13.0,3.6,1003.7
9584,0076,2013-03-24,14.4,4.2,1000.8499999999999
9585,0076,2013-03-25,14.8,5.8,1003.05
9586,0076,2013-03-26,14.6,3.1,1001.9
9587,0076,2013-03-27,14.1,4.2,1002.75
9588,0076,2013-03-28,15.2,5.3,1006.1500000000001
9589,0076,2013-03-29,16.8,3.6,1005.2
9590,0076,2013-03-30,17.6,10.0,1004.0
9591,0076,2013-03-31,13.8,4.2,1004.2
9592,0076,2013-04-01,15.6,5.3,999.15
9593,0076,2013-04-02,15.2,5.3,1005.25
9594,0076,2013-04-03,12.4,4.7,1005.15
9595,0076,2013-04-04,14.1,2.8,1000.05
9596,0076,2013-04-05,10.6,3.6,1005.15
9597,0076,2013-04-06,10.0,4.2,1011.4
9598,0076,2013-04-07,11.6,6.4,1013.45
9599,0076,2013-04-08,14.9,6.4,1009.0
9600,0076,2013-04-09,14.3,6.4,1011.5
9601,0076,2013-04-10,16.0,5.0,1014.95
9602,0076,2013-04-11,17.2,6.7,1010.6500000000001
9603,0076,2013-04-12,16.8,5.8,1014.75
9604,0076,2013-04-13,15.2,3.6,1021.1500000000001
9605,0076,2013-04-14,15.6,3.6,1024.15
9606,0076,2013-04-15,16.0,3.6,1022.05
9607,0076,2013-04-16,16.9,3.3,1021.2
9608,0076,2013-04-17,17.8,3.9,1021.7
9609,0076,2013-04-18,16.0,3.9,1021.1
9610,0076,2013-04-19,16.2,3.9,1020.5999999999999
9611,0076,2013-04-20,14.6,6.4,1019.65
9612,0076,2013-04-21,13.9,4.7,1018.2
9613,0076,2013-04-22,14.2,4.2,1017.4000000000001
9614,0076,2013-04-23,15.0,4.2,1021.55
9615,0076,2013-04-24,15.0,7.8,1024.0
9616,0076,2013-04-25,16.8,8.6,1019.55
9617,0076,2013-04-26,16.8,6.9,1013.2
9618,0076,2013-04-27,12.6,5.6,1007.4
9619,0076,2013-04-28,10.8,5.3,1009.0999999999999
9620,0076,2013-04-29,13.3,8.6,1007.9
9621,0076,2013-04-30,14.9,4.4,1011.2
9622,0076,2013-05-01,14.4,5.0,1016.05
9623,0076,2013-05-02,14.1,3.6,1016.1
9624,0076,2013-05-03,15.4,5.8,1017.6
9625,0076,2013-05-04,16.4,5.0,1019.1
9626,0076,2013-05-05,16.1,4.4,1018.5
9627,0076,2013-05-06,16.8,4.7,1017.8
9628,0076,2013-05-07,20.0,5.0,1015.45
9629,0076,2013-05-08,19.6,2.2,1014.8
9630,0076,2013-05-09,20.2,2.5,1015.05
9631,0076,2013-05-10,18.5,3.3,1016.55
9632,0076,2013-05-11,17.9,3.9,1019.0999999999999
9633,0076,2013-05-12,17.0,5.6,1020.6500000000001
9635,0076,2013-05-14,16.7,3.1,1011.4000000000001
9636,0076,2013-05-15,16.2,4.4,1002.35
9637,0076,2013-05-16,13.6,3.6,999.6500000000001
9638,0076,2013-05-17,14.8,3.3,1001.25
9639,0076,2013-05-18,16.2,7.2,1004.7
9640,0076,2013-05-19,16.0,6.1,1014.05
9641,0076,2013-05-20,14.2,4.7,1018.25
9642,0076,2013-05-21,14.6,3.6,1015.5999999999999
9643,0076,2013-05-22,21.0,6.9,1010.5
9645,0076,2013-05-24,15.4,5.6,1013.7
9646,0076,2013-05-25,14.4,5.0,1016.65
9647,0076,2013-05-26,16.2,5.3,1017.05
9648,0076,2013-05-27,17.0,3.3,1011.6
9649,0076,2013-05-28,17.1,6.4,1008.4000000000001
9650,0076,2013-05-29,17.2,6.7,1008.85
9651,0076,2013-05-30,16.9,5.3,1011.0
9652,0076,2013-05-31,17.0,4.2,1012.1500000000001
9653,0076,2013-06-01,22.5,4.7,1014.3
9654,0076,2013-06-02,19.6,5.6,1016.5
9655,0076,2013-06-03,18.6,5.0,1016.9
9656,0076,2013-06-04,18.4,4.4,1015.6
9657,0076,2013-06-05,18.9,3.3,1015.3499999999999
9658,0076,2013-06-06,18.8,2.5,1016.45
9659,0076,2013-06-07,19.8,3.1,1016.3
9660,0076,2013-06-08,18.2,5.3,1013.1
9661,0076,2013-06-09,18.5,4.7,1009.7
9662,0076,2013-06-10,18.8,4.7,1014.2
9663,0076,2013-06-11,20.0,3.1,1017.45
9664,0076,2013-06-12,21.6,3.6,1019.5
9665,0076,2013-06-13,22.7,3.6,1018.05
9666,0076,2013-06-14,22.5,5.0,1017.3
9667,0076,2013-06-15,23.2,3.1,1016.45
9668,0076,2013-06-16,23.6,4.2,1014.5
9669,0076,2013-06-17,24.4,9.2,1009.95
9670,0076,2013-06-18,22.5,8.1,1009.1
9671,0076,2013-06-19,21.6,6.9,1011.6
9672,0076,2013-06-20,21.8,6.7,1016.1
9673,0076,2013-06-21,20.8,4.4,1019.0
9674,0076,2013-06-22,21.0,4.4,1019.8
9675,0076,2013-06-23,21.5,4.7,1020.5
9676,0076,2013-06-24,19.7,5.3,1022.3
9677,0076,2013-06-25,21.0,4.2,1022.3
9678,0076,2013-06-26,21.3,3.9,1022.8499999999999
9679,0076,2013-06-27,20.8,4.7,1022.05
9680,0076,2013-06-28,22.4,5.0,1022.15
9681,0076,2013-06-29,22.2,5.6,1022.75
9682,0076,2013-06-30,22.2,3.9,1020.1
9683,0076,2013-07-01,22.8,4.2,1017.55
9684,0076,2013-07-02,22.4,2.5,1017.05
9685,0076,2013-07-03,22.8,3.1,1017.5
9686,0076,2013-07-04,24.3,3.3,1020.0999999999999
9687,0076,2013-07-05,23.6,3.3,1022.1
9688,0076,2013-07-06,25.0,3.9,1021.55
9689,0076,2013-07-07,25.8,2.8,1020.5999999999999
9690,0076,2013-07-08,26.2,3.9,1020.4
9691,0076,2013-07-09,25.6,3.9,1018.05
9692,0076,2013-07-10,25.0,3.3,1014.1
9693,0076,2013-07-11,25.2,4.4,1012.8
9694,0076,2013-07-12,25.0,4.2,1015.0
9695,0076,2013-07-13,26.2,3.3,1016.65
9696,0076,2013-07-14,26.3,4.4,1017.5
9697,0076,2013-07-15,26.4,4.7,1018.7
9698,0076,2013-07-16,26.5,5.0,1018.85
9699,0076,2013-07-17,26.8,3.6,1018.55
9700,0076,2013-07-18,26.0,4.7,1018.8499999999999
9701,0076,2013-07-19,25.7,4.2,1016.55
9702,0076,2013-07-20,25.4,4.2,1015.1500000000001
9703,0076,2013-07-21,25.4,3.6,1016.4
9704,0076,2013-07-22,26.3,4.2,1015.75
9705,0076,2013-07-23,26.2,4.7,1014.35
9706,0076,2013-07-24,27.3,5.6,1015.8
9707,0076,2013-07-25,26.8,4.2,1015.4
9708,0076,2013-07-26,26.8,5.0,1011.9
9709,0076,2013-07-27,28.3,5.3,1009.05
9710,0076,2013-07-28,28.8,5.3,1011.95
9711,0076,2013-07-29,25.4,4.7,1018.8
9712,0076,2013-07-30,25.6,5.6,1022.1999999999999
9713,0076,2013-07-31,25.8,5.0,1018.4
9714,0076,2013-08-01,25.8,3.6,1015.9000000000001
9715,0076,2013-08-02,25.7,3.9,1016.4000000000001
9716,0076,2013-08-03,25.9,5.3,1018.5999999999999
9717,0076,2013-08-04,26.3,3.6,1018.75
9718,0076,2013-08-05,26.0,4.4,1015.7
9719,0076,2013-08-06,26.5,4.2,1012.0
9721,0076,2013-08-08,23.8,5.0,1015.8
9722,0076,2013-08-09,23.6,7.5,1019.95
9723,0076,2013-08-10,25.4,3.6,1019.25
9724,0076,2013-08-11,24.8,5.8,1017.55
9725,0076,2013-08-12,25.0,4.2,1015.7
9726,0076,2013-08-13,27.4,2.8,1015.7
9727,0076,2013-08-14,26.4,5.6,1017.0999999999999
9728,0076,2013-08-15,26.1,3.9,1018.0999999999999
9729,0076,2013-08-16,25.8,3.9,1017.25
9730,0076,2013-08-17,25.6,3.3,1017.15
9731,0076,2013-08-18,25.4,4.7,1016.85
9732,0076,2013-08-19,26.2,5.3,1018.7
9733,0076,2013-08-20,26.8,6.1,1019.75
9734,0076,2013-08-21,25.4,4.4,1018.3
9735,0076,2013-08-22,25.6,4.2,1015.65
9736,0076,2013-08-23,25.6,3.9,1014.8
9737,0076,2013-08-24,25.2,5.6,1014.25
9738,0076,2013-08-25,23.0,5.8,1012.6500000000001
9739,0076,2013-08-26,21.0,4.4,1011.85
9740,0076,2013-08-27,22.6,3.9,1014.1
9741,0076,2013-08-28,23.7,3.9,1016.2
9742,0076,2013-08-29,23.8,2.8,1018.0
9743,0076,2013-08-30,24.9,4.7,1018.45
9744,0076,2013-08-31,24.2,4.4,1020.2
9745,0076,2013-09-01,23.8,4.2,1020.75
9746,0076,2013-09-02,23.8,3.9,1021.75
9747,0076,2013-09-03,23.6,4.4,1022.5
9748,0076,2013-09-04,23.2,3.9,1020.05
9749,0076,2013-09-05,23.2,3.9,1015.25
9750,0076,2013-09-06,23.4,4.7,1012.65
9751,0076,2013-09-07,23.7,3.6,1015.45
9752,0076,2013-09-08,22.3,4.4,1019.3
9753,0076,2013-09-09,21.8,4.2,1022.0999999999999
9754,0076,2013-09-10,22.6,4.2,1018.65
9755,0076,2013-09-11,18.5,3.1,1019.05
9756,0076,2013-09-12,20.2,3.9,1020.1
9757,0076,2013-09-13,20.8,3.6,1021.75
9758,0076,2013-09-14,22.3,6.4,1018.2
9759,0076,2013-09-15,21.8,5.8,1014.5
9760,0076,2013-09-16,22.2,5.8,1012.15
9761,0076,2013-09-17,21.4,5.0,1012.3499999999999
9762,0076,2013-09-18,22.4,6.1,1012.4
9763,0076,2013-09-19,21.6,5.3,1012.8499999999999
9764,0076,2013-09-20,22.0,4.4,1017.0999999999999
9765,0076,2013-09-21,22.2,3.9,1021.3
9766,0076,2013-09-22,21.7,4.4,1023.4
9767,0076,2013-09-23,21.4,3.3,1020.1
9768,0076,2013-09-24,22.0,4.2,1016.05
9769,0076,2013-09-25,23.0,5.3,1013.8499999999999
9770,0076,2013-09-26,23.9,4.7,1014.6
9771,0076,2013-09-27,23.0,3.6,1011.8
9772,0076,2013-09-28,23.5,4.7,1006.8
9773,0076,2013-09-29,25.2,3.9,1005.15
9774,0076,2013-09-30,23.0,6.1,1005.9
9775,0076,2013-10-01,23.8,5.3,1007.45
9776,0076,2013-10-02,23.3,5.0,1010.75
9777,0076,2013-10-03,24.4,8.3,1014.6
9778,0076,2013-10-04,21.8,7.2,1014.75
9779,0076,2013-10-05,21.6,4.2,1019.55
9780,0076,2013-10-06,21.1,3.1,1020.6
9781,0076,2013-10-07,20.4,3.3,1020.8
9782,0076,2013-10-08,20.0,3.9,1021.75
9783,0076,2013-10-09,19.8,3.6,1019.85
9784,0076,2013-10-10,18.6,5.0,1014.25
9785,0076,2013-10-11,14.6,5.0,1014.9
9786,0076,2013-10-12,15.8,3.6,1017.65
9787,0076,2013-10-13,17.6,4.4,1018.7
9788,0076,2013-10-14,19.3,4.2,1018.55
9789,0076,2013-10-15,21.0,4.7,1016.05
9790,0076,2013-10-16,22.1,3.9,1016.9
9791,0076,2013-10-17,20.6,2.5,1018.1
9792,0076,2013-10-18,21.6,4.4,1014.8499999999999
9793,0076,2013-10-19,22.2,2.5,1016.05
9794,0076,2013-10-20,21.8,4.7,1017.45
9795,0076,2013-10-21,21.3,3.3,1016.8
9796,0076,2013-10-22,21.6,4.2,1012.5
9797,0076,2013-10-23,21.6,3.3,1013.7
9798,0076,2013-10-24,19.8,3.9,1016.05
9799,0076,2013-10-25,21.8,4.2,1016.0
9800,0076,2013-10-26,21.8,6.9,1017.55
9801,0076,2013-10-27,23.5,3.9,1019.8
9802,0076,2013-10-28,19.8,4.7,1016.05
9803,0076,2013-10-29,16.4,3.9,1016.3
9804,0076,2013-10-30,14.8,2.5,1019.2
9805,0076,2013-10-31,16.1,3.1,1021.6
9806,0076,2013-11-01,15.4,5.8,1019.9000000000001
9807,0076,2013-11-02,19.6,3.6,1015.7
9808,0076,2013-11-03,17.6,5.0,1015.95
9809,0076,2013-11-04,17.1,5.8,1008.9
9810,0076,2013-11-05,19.6,3.1,1008.25
9811,0076,2013-11-06,19.2,3.1,1014.5999999999999
9812,0076,2013-11-07,17.8,2.2,1016.8
9813,0076,2013-11-08,18.2,4.2,1014.2
9814,0076,2013-11-09,16.8,4.4,1018.75
9815,0076,2013-11-10,17.6,4.2,1016.5
9816,0076,2013-11-11,15.4,2.8,1018.45
9817,0076,2013-11-12,16.0,3.6,1019.3
9818,0076,2013-11-13,17.0,2.5,1019.55
9819,0076,2013-11-14,15.2,4.7,1020.0
9820,0076,2013-11-15,13.3,2.5,1016.6500000000001
9821,0076,2013-11-16,10.9,8.3,1015.9000000000001
9822,0076,2013-11-17,13.6,4.7,1009.9000000000001
9823,0076,2013-11-18,14.5,4.7,1001.15
9824,0076,2013-11-19,15.2,3.9,1002.65
9825,0076,2013-11-20,9.6,4.2,1010.7
9826,0076,2013-11-21,10.2,5.6,1005.35
9827,0076,2013-11-22,9.8,3.9,1002.8
9828,0076,2013-11-23,9.4,3.3,1007.05
9829,0076,2013-11-24,10.4,2.2,1012.3
9830,0076,2013-11-25,9.4,3.9,1018.5999999999999
9831,0076,2013-11-26,8.5,3.9,1022.55
9832,0076,2013-11-27,7.0,4.7,1025.55
9833,0076,2013-11-28,8.0,4.4,1027.9
9834,0076,2013-11-29,7.0,3.6,1025.85
9835,0076,2013-11-30,6.6,3.3,1017.15
9836,0076,2013-12-01,10.0,5.8,1016.4000000000001
9837,0076,2013-12-02,7.4,6.4,1020.25
9838,0076,2013-12-03,12.0,3.6,1024.85
9839,0076,2013-12-04,11.8,3.3,1026.0500000000002
9840,0076,2013-12-05,10.2,5.3,1024.75
9841,0076,2013-12-06,9.0,6.7,1024.85
9842,0076,2013-12-07,9.8,3.1,1024.05
9843,0076,2013-12-08,10.2,2.8,1028.0
9844,0076,2013-12-09,10.0,4.2,1030.55
9845,0076,2013-12-10,8.9,3.6,1032.55
9846,0076,2013-12-11,11.2,1.9,1033.3000000000002
9847,0076,2013-12-12,10.4,2.8,1029.8
9848,0076,2013-12-13,7.4,5.8,1026.1
9849,0076,2013-12-14,9.6,5.6,1030.4499999999998
9850,0076,2013-12-15,10.3,5.0,1032.8000000000002
9851,0076,2013-12-16,10.2,4.2,1032.3
9852,0076,2013-12-17,12.2,2.8,1028.6
9853,0076,2013-12-18,11.2,4.4,1023.3499999999999
9854,0076,2013-12-19,11.0,2.2,1015.3
9855,0076,2013-12-20,11.0,1.9,1021.05
9856,0076,2013-12-21,9.7,3.6,1032.4
9857,0076,2013-12-22,9.0,4.7,1029.8
9858,0076,2013-12-23,9.4,5.0,1023.8499999999999
9859,0076,2013-12-24,10.2,5.0,1011.75
9860,0076,2013-12-25,12.4,4.7,998.0
9861,0076,2013-12-26,11.0,8.1,1003.5999999999999
9862,0076,2013-12-27,10.3,2.5,1011.5
9863,0076,2013-12-28,12.6,5.0,1012.25
9864,0076,2013-12-29,9.4,3.6,1023.05
9865,0076,2013-12-30,8.4,3.1,1025.85
9866,0076,2013-12-31,8.2,3.9,1020.0
